so_tai_khoan;CIF;ma_san_pham;ma_phong_ban;ma_can_bo;loai_tien;loai_ky_han;lai_suat_thuc;ngay_mo_tai_khoan;ngay_dao_han;ngay_giai_ngan_dau_tien;ngay_giai_ngan_gan_nhat;ngay_dong_tai_khoan
0Y4qDbFywqG8;3000000794;8000;7;tuyenbtk;VND;Ng?n h?n;9;30/10/2023;02/05/2024;30/10/2023;30/10/2023;
bgoUpuEP0FWH;3000000794;8000;7;tuyenbtk;VND;Ng?n h?n;9;31/10/2023;02/05/2024;31/10/2023;31/10/2023;
rB5YT4lhPbcl;3000000794;8000;7;tuyenbtk;VND;Ng?n h?n;9;24/10/2023;24/04/2024;24/10/2023;24/10/2023;
vmmHViGsOivw;3000000794;8000;7;tuyenbtk;VND;Ng?n h?n;9;10/11/2023;10/05/2024;10/11/2023;10/11/2023;
FHA7oViCmg7s;3000000794;8000;7;tuyenbtk;VND;Ng?n h?n;9;21/11/2023;21/05/2024;21/11/2023;21/11/2023;
s99YKed5tfBN;3000000794;8000;7;tuyenbtk;VND;Ng?n h?n;9;01/11/2023;02/05/2024;01/11/2023;01/11/2023;
3ODooFomG2XW;3000000794;8000;7;tuyenbtk;VND;Ng?n h?n;9;09/11/2023;09/05/2024;09/11/2023;09/11/2023;
jKHvtyHfaVg7;3000000794;8000;7;tuyenbtk;VND;Ng?n h?n;9;02/11/2023;02/05/2024;02/11/2023;02/11/2023;
BlMTrHsW0aHS;3000000794;8000;7;tuyenbtk;VND;Ng?n h?n;9;23/10/2023;23/04/2024;23/10/2023;23/10/2023;
fJ7RhHsejqTu;3000000794;8000;7;tuyenbtk;VND;Ng?n h?n;9;25/10/2023;25/04/2024;25/10/2023;25/10/2023;
tKnF6kZJLaJ2;3000000794;8000;7;tuyenbtk;VND;Ng?n h?n;9;07/11/2023;07/05/2024;07/11/2023;07/11/2023;
z3bG3xSTyxox;3000000794;8000;7;tuyenbtk;VND;Ng?n h?n;9;17/11/2023;17/05/2024;17/11/2023;17/11/2023;
i97jh6D76s2P;3000000794;8000;7;tuyenbtk;VND;Ng?n h?n;9;08/11/2023;08/05/2024;08/11/2023;08/11/2023;
7ZLPwveaqdMx;3000000984;8000;7;tuyenbtk;VND;Ng?n h?n;9;13/11/2023;13/05/2024;13/11/2023;13/11/2023;
2qwEAvmzzIV0;3000000984;8000;7;tuyenbtk;VND;Ng?n h?n;9;15/11/2023;15/05/2024;15/11/2023;15/11/2023;
OGjmFDjW4stH;3000000984;8000;7;tuyenbtk;VND;Ng?n h?n;9;20/11/2023;20/05/2024;20/11/2023;20/11/2023;
uKGyTfEAcuUU;3000000984;8000;7;tuyenbtk;VND;Ng?n h?n;9;14/11/2023;14/05/2024;14/11/2023;14/11/2023;
t7yb8PPk1teo;3000000984;8000;7;tuyenbtk;VND;Ng?n h?n;9;06/10/2023;08/04/2024;06/10/2023;06/10/2023;
YVy5TTycUQMf;3000000984;8000;7;tuyenbtk;VND;Ng?n h?n;9;11/10/2023;11/04/2024;11/10/2023;11/10/2023;
jOWWjcTD3ppb;3000000988;8057;7;tuyenbtk;VND;Dài h?n;12,5;19/10/2023;26/06/2034;19/10/2023;13/12/2023;
4zqeTQLeyiYz;3000000988;8057;7;tuyenbtk;VND;Dài h?n;12,5;01/02/2024;26/06/2034;01/02/2024;26/02/2024;
7t3HuBe4MUdI;3000000988;8057;7;tuyenbtk;VND;Dài h?n;12,5;15/07/2022;26/06/2034;15/07/2022;15/07/2022;
UKdtS7aiTBSc;3000000988;8057;7;tuyenbtk;VND;Dài h?n;12,5;18/12/2023;26/06/2034;18/12/2023;27/12/2023;
tHKHDKGDqJ04;3000000988;8057;7;tuyenbtk;VND;Dài h?n;12,5;25/03/2024;26/06/2034;25/03/2024;28/06/2024;
oICCcZ3NvGdp;3000000988;8057;7;tuyenbtk;VND;Dài h?n;12,5;10/11/2022;26/06/2034;10/11/2022;29/09/2023;
CoUqRdHYzBAF;3000001345;8057;12;tuyenbtk;VND;Dài h?n;7,2;26/06/2024;25/04/2036;26/06/2024;26/06/2024;
ieEnNjofqCro;3000000868;8001;12;anhlm3;USD;Ng?n h?n;4,1;29/07/2025;29/01/2026;29/07/2025;29/07/2025;
GMV0YG2XktuG;3000000868;8000;12;anhlm3;VND;Ng?n h?n;4,7;15/10/2025;15/04/2026;15/10/2025;15/10/2025;
776TEikzs2MG;3000000868;8001;12;anhlm3;USD;Ng?n h?n;4,3;04/11/2025;04/05/2026;04/11/2025;04/11/2025;
oGLGXWB4NJ3s;3000000868;8001;12;anhlm3;USD;Ng?n h?n;4,1;01/08/2025;02/02/2026;01/08/2025;01/08/2025;
p1TNNZ2TrssN;3000000868;8001;12;anhlm3;USD;Ng?n h?n;4,1;28/08/2025;02/03/2026;28/08/2025;28/08/2025;
YRoyu7WoJ3ny;3000000868;8001;12;anhlm3;USD;Ng?n h?n;4,1;28/08/2025;02/03/2026;28/08/2025;28/08/2025;
KXfF7GcQXcAn;3000000868;8001;12;anhlm3;USD;Ng?n h?n;4,1;25/08/2025;25/02/2026;25/08/2025;25/08/2025;
dRkFqxDly6l6;3000000868;8001;12;anhlm3;USD;Ng?n h?n;4,1;26/08/2025;26/02/2026;26/08/2025;26/08/2025;
yGGjHW9Dca56;3000000868;8001;12;anhlm3;USD;Ng?n h?n;4,1;26/08/2025;26/02/2026;26/08/2025;26/08/2025;
Bha1tvwHPN19;3000000868;8001;12;anhlm3;USD;Ng?n h?n;4,1;26/09/2025;26/03/2026;26/09/2025;26/09/2025;
s74c4txeNlpZ;3000000868;8001;12;anhlm3;USD;Ng?n h?n;4,1;29/09/2025;30/03/2026;29/09/2025;29/09/2025;
9f1k6rGiW0fW;3000000868;8001;12;anhlm3;USD;Ng?n h?n;4,1;13/08/2025;13/02/2026;13/08/2025;13/08/2025;
F47lLNGG9ZUv;3000001022;8056;12;anhlm3;VND;Trung h?n;12,5;18/07/2022;25/06/2027;18/07/2022;18/07/2022;
duGTnbSZo3Xi;3000000068;5513;8;anhlth5;VND;Dài h?n;11;08/03/2023;09/03/2043;08/03/2023;08/03/2023;
WfXOvNUTBMQb;3000000086;5518;8;anhlth5;VND;Dài h?n;11;12/07/2023;12/02/2036;12/07/2023;12/07/2023;
FjThmoKnETmP;3000000115;5508;8;anhlth5;VND;Dài h?n;11;11/07/2023;25/06/2030;12/07/2023;12/07/2023;
EK4eVZuMuc7p;3000000115;5558;8;anhlth5;VND;Dài h?n;11;23/08/2023;23/08/2030;23/08/2023;23/08/2023;
Vc9YABObzRSr;3000000260;5513;8;anhlth5;VND;Dài h?n;6,7;10/09/2024;20/08/2049;10/09/2024;10/09/2024;
Tc4MKTHa5UlX;3000000260;5513;8;anhlth5;VND;Dài h?n;6,7;10/10/2024;20/08/2049;10/10/2024;10/10/2024;
ByafOHjFGPgh;3000000285;5513;8;anhlth5;VND;Dài h?n;4,9;25/10/2024;07/12/2043;25/10/2024;25/10/2024;
jJxDDjtSoTCd;3000000285;5513;8;anhlth5;VND;Dài h?n;4,9;06/12/2023;07/12/2043;06/12/2023;06/12/2023;
7HYsGVkm6GoH;3000000285;5513;8;anhlth5;VND;Dài h?n;4,9;24/07/2025;24/07/2043;24/07/2025;24/07/2025;
pS8Y1mrMg2zl;3000000312;5508;8;anhlth5;VND;Dài h?n;4,9;30/09/2025;16/08/2049;30/09/2025;30/09/2025;
ZFRvERIy1e1y;3000000312;5508;8;anhlth5;VND;Dài h?n;4,9;21/08/2025;16/08/2049;21/08/2025;21/08/2025;
hGACNEjyeejU;3000000396;5508;8;anhlth5;VND;Dài h?n;4,9;28/09/2023;27/09/2055;28/09/2023;28/09/2023;
FJ9Qdsgl12jA;3000000490;5513;8;anhlth5;VND;Dài h?n;6,3;07/01/2025;02/01/2040;07/01/2025;07/01/2025;
D1sDZShbxIYQ;3000000490;5513;8;anhlth5;VND;Dài h?n;6,3;06/01/2025;02/01/2040;06/01/2025;06/01/2025;
rqgWVloZIDCu;3000000507;5513;8;anhlth5;VND;Dài h?n;6,7;05/08/2024;05/08/2047;05/08/2024;05/08/2024;
Q0Q81dSeyPQM;3000000507;5513;8;anhlth5;VND;Dài h?n;6,7;11/10/2024;05/08/2047;11/10/2024;11/10/2024;
dXykiXeXqbd0;3000000623;5513;8;anhlth5;VND;Dài h?n;6,5;16/10/2024;15/10/2059;16/10/2024;16/10/2024;
jF7sRdf8qPCX;3000000633;5508;8;anhlth5;VND;Dài h?n;4,9;04/10/2023;25/09/2048;04/10/2023;04/10/2023;
SbmnybCnXSGl;3000000642;5508;8;anhlth5;VND;Dài h?n;6,7;09/05/2024;21/04/2059;09/05/2024;09/05/2024;
H8pNFXquxv8v;3000000668;5513;8;anhlth5;VND;Dài h?n;6,7;16/10/2024;05/12/2058;16/10/2024;16/10/2024;
Fc0ktiIcnjVS;3000000668;5513;8;anhlth5;VND;Dài h?n;7;07/12/2023;05/12/2058;07/12/2023;07/12/2023;
XoD53GGaeujr;3000000689;5508;8;anhlth5;VND;Dài h?n;4,9;12/05/2025;23/04/2060;12/05/2025;12/05/2025;
wZCDsT2ixbuM;3000000709;5558;8;anhlth5;VND;Dài h?n;6,7;24/05/2024;24/05/2034;24/05/2024;24/05/2024;
98oxysazBJR4;3000000709;5508;8;anhlth5;VND;Dài h?n;11;28/11/2023;25/11/2050;28/11/2023;28/11/2023;
kJUfV2YMbWNP;3000000739;5513;8;anhlth5;VND;Dài h?n;11;29/06/2018;29/06/2038;29/06/2018;29/06/2018;
XmzEllkyptpM;3000000764;5513;8;anhlth5;VND;Dài h?n;6,5;15/11/2024;18/10/2058;15/11/2024;15/11/2024;
AHMkEsfcf0Uh;3000000764;5513;8;anhlth5;VND;Dài h?n;6,5;18/10/2024;18/10/2058;18/10/2024;18/10/2024;
AFRrZUsTQptx;3000000828;5513;8;anhlth5;VND;Dài h?n;11;20/08/2019;22/08/2039;20/08/2019;20/08/2019;
mhnx8KwtFoW6;3000000845;5513;8;anhlth5;VND;Dài h?n;6;06/09/2024;25/08/2049;06/09/2024;06/09/2024;
AITirKy20fKj;3000000845;5513;8;anhlth5;VND;Dài h?n;6;22/10/2024;25/08/2049;22/10/2024;22/10/2024;
HogrB1GtWuL6;3000000845;5523;8;anhlth5;VND;Dài h?n;6,7;08/05/2025;07/05/2032;08/05/2025;08/05/2025;
kSBF21QADts7;3000000881;5513;8;anhlth5;VND;Dài h?n;6,7;10/10/2024;20/07/2046;10/10/2024;10/10/2024;
0JdfWg0BgLWP;3000000881;5513;8;anhlth5;VND;Dài h?n;6,7;31/07/2024;20/07/2046;31/07/2024;31/07/2024;
SqGJ7VahWEz1;3000000917;7200;8;anhlth5;VND;Ng?n h?n;1;20/08/2025;23/02/2026;20/08/2025;20/08/2025;
74H45dUvgplH;3000000977;5513;8;anhlth5;VND;Dài h?n;7;17/01/2024;06/01/2059;17/01/2024;17/01/2024;
m5Yx3pCNwZmM;3000000977;5513;8;anhlth5;VND;Dài h?n;6,7;13/11/2024;06/01/2059;13/11/2024;13/11/2024;
KqAkAPgaCW3W;3000001003;5588;8;anhlth5;VND;Dài h?n;11;17/03/2022;17/03/2042;17/03/2022;17/03/2022;
TNKjDHsAHcvf;3000001094;5508;8;anhlth5;VND;Dài h?n;11;28/03/2023;16/03/2043;28/03/2023;28/03/2023;
welnKB6s6YOh;3000001106;5508;8;anhlth5;VND;Dài h?n;4,9;16/04/2025;25/03/2060;16/04/2025;16/04/2025;
JXEhLEujKJaw;3000001157;5508;8;anhlth5;VND;Dài h?n;11;27/10/2023;25/10/2058;27/10/2023;27/10/2023;
0kmVXDLFPcHD;3000001187;5513;8;anhlth5;VND;Dài h?n;7;07/12/2023;05/12/2058;07/12/2023;07/12/2023;
cNcsBuTfV696;3000001188;5513;8;anhlth5;VND;Dài h?n;6,7;07/01/2025;05/12/2052;07/01/2025;07/01/2025;
BnXE18xg0jLD;3000001188;5513;8;anhlth5;VND;Dài h?n;6,7;09/12/2024;05/12/2052;09/12/2024;09/12/2024;
vNfHzkgGfYgi;3000001207;5513;8;anhlth5;VND;Dài h?n;7;08/12/2023;05/12/2050;08/12/2023;08/12/2023;
DIA9n3jSLgLr;3000001207;5513;8;anhlth5;VND;Dài h?n;6,7;18/10/2024;05/12/2050;18/10/2024;18/10/2024;
asL4X4fHQHvh;3000001217;5513;8;anhlth5;VND;Dài h?n;6,7;15/10/2024;05/12/2058;15/10/2024;15/10/2024;
OZ1wg4KMN8JF;3000001224;5513;8;anhlth5;VND;Dài h?n;6,7;15/11/2024;06/12/2055;15/11/2024;15/11/2024;
y05QkiBQ6LAc;3000001224;5513;8;anhlth5;VND;Dài h?n;7;11/12/2023;06/12/2055;11/12/2023;11/12/2023;
zTYXjtUrnNSk;3000001228;5513;8;anhlth5;VND;Dài h?n;7;11/12/2023;06/12/2038;11/12/2023;11/12/2023;
EHd5au2UPiUa;3000001231;5513;8;anhlth5;VND;Dài h?n;7;11/12/2023;10/12/2058;11/12/2023;11/12/2023;
05YMqmnRdH7N;3000001231;5513;8;anhlth5;VND;Dài h?n;6,7;25/10/2024;10/12/2058;25/10/2024;25/10/2024;
QgouvsIzhziz;3000001237;5513;8;anhlth5;VND;Dài h?n;7;08/12/2023;05/12/2050;08/12/2023;08/12/2023;
DYufe05Dsej9;3000001237;5513;8;anhlth5;VND;Dài h?n;6,7;19/12/2024;05/12/2050;19/12/2024;19/12/2024;
nQnZderzoDaK;3000001239;5513;8;anhlth5;VND;Dài h?n;7;11/12/2023;05/12/2057;11/12/2023;11/12/2023;
BumWzJ5u44j4;3000001239;5513;8;anhlth5;VND;Dài h?n;6,7;19/12/2024;05/12/2057;19/12/2024;19/12/2024;
fv9limPfisx4;3000001240;5513;8;anhlth5;VND;Dài h?n;7;08/12/2023;05/12/2050;08/12/2023;08/12/2023;
bYDMBCmqhrPz;3000001240;5513;8;anhlth5;VND;Dài h?n;6,7;25/10/2024;05/12/2050;25/10/2024;25/10/2024;
YKRCQSxzXPkh;3000001244;5513;8;anhlth5;VND;Dài h?n;6,7;25/10/2024;05/12/2058;25/10/2024;25/10/2024;
YohEjebKpig1;3000001245;5513;8;anhlth5;VND;Dài h?n;6,7;05/12/2024;05/12/2058;05/12/2024;05/12/2024;
FFEIEM6R6nvR;3000001357;5513;8;anhlth5;VND;Dài h?n;6;23/10/2024;25/08/2042;23/10/2024;23/10/2024;
1pDTDW0PBaow;3000001391;5513;8;anhlth5;VND;Dài h?n;11;16/05/2024;05/05/2044;16/05/2024;16/05/2024;
e9X6kQhHajIo;3000001450;5513;8;anhlth5;VND;Dài h?n;6,7;08/07/2024;20/06/2039;08/07/2024;08/07/2024;
Y2d325pwBqtZ;3000001478;5513;8;anhlth5;VND;Dài h?n;6;22/10/2024;20/09/2049;22/10/2024;22/10/2024;
9tSKXzWD8pYV;3000001535;5513;8;anhlth5;VND;Dài h?n;6,7;10/10/2024;02/10/2058;10/10/2024;10/10/2024;
CvVQ0cGbcbiU;3000001535;5513;8;anhlth5;VND;Dài h?n;6,7;02/10/2024;02/10/2058;02/10/2024;02/10/2024;
iXOawbzCZSf5;3000001541;5513;8;anhlth5;VND;Dài h?n;6,7;10/10/2024;10/10/2059;10/10/2024;10/10/2024;
9oc1mNMtGQ2s;3000001562;5513;8;anhlth5;VND;Dài h?n;6,5;12/11/2024;11/11/2053;12/11/2024;12/11/2024;
sOQbInFz154O;3000001580;5513;8;anhlth5;VND;Dài h?n;6,5;25/11/2024;22/11/2055;25/11/2024;25/11/2024;
yVY1mNnn8fiR;3000001580;5513;8;anhlth5;VND;Dài h?n;6,5;02/12/2024;22/11/2055;02/12/2024;02/12/2024;
1OlDk5PDe8fF;3000001592;5513;8;anhlth5;VND;Dài h?n;6,3;05/12/2024;02/12/2059;05/12/2024;05/12/2024;
XFioCWutpgdt;3000001592;5513;8;anhlth5;VND;Dài h?n;6,3;04/12/2024;02/12/2059;04/12/2024;04/12/2024;
gXe1VnoWPqvH;3000001646;5513;8;anhlth5;VND;Dài h?n;6,7;03/06/2025;25/05/2057;03/06/2025;03/06/2025;
rQylcjcVst9C;3000001764;5508;8;anhlth5;VND;Dài h?n;4,9;22/08/2023;24/08/2048;22/08/2023;22/08/2023;
Zxx9AQU5WzkA;3000000010;5508;16;dieunmm;VND;Dài h?n;5,5;27/12/2019;27/12/2039;27/12/2019;27/12/2019;
3dWf0HUf3duE;3000000015;5513;16;dieunmm;VND;Dài h?n;6;31/07/2025;02/08/2038;31/07/2025;31/07/2025;
JNWmRNQ197Am;3000000015;8609;16;dieunmm;VND;Ng?n h?n;5,5;09/10/2025;09/04/2026;09/10/2025;09/10/2025;
J8TaFosUUqs7;3000000015;8609;16;dieunmm;VND;Ng?n h?n;5,5;08/10/2025;08/04/2026;08/10/2025;08/10/2025;
T4UJsp2momk3;3000000015;8609;16;dieunmm;VND;Ng?n h?n;5,5;07/10/2025;07/04/2026;07/10/2025;07/10/2025;
CB19JrhJR6YW;3000000032;5508;16;dieunmm;VND;Dài h?n;5;29/01/2021;29/01/2041;29/01/2021;29/01/2021;
gnENQqp1NGGs;3000000051;5508;16;dieunmm;VND;Dài h?n;5;17/08/2018;17/08/2038;17/08/2018;17/08/2018;
z9MtaXXxEr9n;3000000056;5502;16;dieunmm;VND;Dài h?n;8;17/11/2025;17/11/2034;17/11/2025;17/11/2025;
HYY3UfhEWK9n;3000000074;5508;16;dieunmm;VND;Dài h?n;5;26/02/2020;27/02/2040;26/02/2020;26/02/2020;
d0IeADFdVokj;3000000092;5508;16;dieunmm;VND;Dài h?n;4,9;30/06/2025;30/06/2050;30/06/2025;30/06/2025;
9mGBqxvLjMJa;3000000106;8609;16;dieunmm;VND;Ng?n h?n;5,5;29/08/2025;02/03/2026;29/08/2025;29/08/2025;
0bYTFFtntCCX;3000000118;5508;16;dieunmm;VND;Dài h?n;5;04/07/2019;04/07/2034;04/07/2019;04/07/2019;
XoVjO6Exj8jq;3000000153;8609;16;dieunmm;VND;Ng?n h?n;9;24/10/2025;24/04/2026;24/10/2025;24/10/2025;
RoRHp3GL6Frz;3000000178;5558;16;dieunmm;VND;Dài h?n;6,7;25/07/2024;25/07/2044;25/07/2024;25/07/2024;
TdDj33SPE0ZB;3000000185;7200;16;dieunmm;VND;Ng?n h?n;3,8;10/01/2025;10/12/2025;10/01/2025;10/01/2025;
AxlIiN4NQ9EX;3000000256;8609;16;dieunmm;VND;Ng?n h?n;5,5;15/10/2025;15/04/2026;15/10/2025;15/10/2025;
MdoRHlmhcaMd;3000000256;8609;16;dieunmm;VND;Ng?n h?n;5,5;14/10/2025;14/04/2026;14/10/2025;14/10/2025;
7Ngze4MCFES2;3000000258;8609;16;dieunmm;VND;Ng?n h?n;5,2;25/08/2025;26/01/2026;25/08/2025;25/08/2025;
C5CmNSSXr0GI;3000000258;8609;16;dieunmm;VND;Ng?n h?n;5,5;13/10/2025;13/04/2026;13/10/2025;13/10/2025;
cGaDykTHo7K6;3000000258;8609;16;dieunmm;VND;Ng?n h?n;5,5;15/10/2025;15/04/2026;15/10/2025;15/10/2025;
CHt3HcDWj4FC;3000000258;8609;16;dieunmm;VND;Ng?n h?n;5,5;14/10/2025;14/04/2026;14/10/2025;14/10/2025;
K92wgWVOKw8Y;3000000274;5513;16;dieunmm;VND;Dài h?n;7;27/12/2023;27/12/2056;27/12/2023;27/12/2023;
4Amp5WjUjStO;3000000274;5513;16;dieunmm;VND;Dài h?n;6,7;18/11/2024;27/12/2056;18/11/2024;18/11/2024;
DHB8zPEKVvxY;3000000277;5513;16;dieunmm;VND;Dài h?n;5,5;27/08/2019;29/08/2039;27/08/2019;27/08/2019;
RobFBQSc5UJH;3000000299;5508;16;dieunmm;VND;Dài h?n;5;03/12/2019;02/12/2039;03/12/2019;03/12/2019;
EvOuYFKv2ne5;3000000299;5508;16;dieunmm;VND;Dài h?n;4,4;05/10/2018;05/10/2038;05/10/2018;05/10/2018;
VxgT66qiFbgZ;3000000412;5513;16;dieunmm;VND;Dài h?n;4,9;06/12/2023;06/12/2058;06/12/2023;06/12/2023;
5rV0NqH7ZLnn;3000000412;5513;16;dieunmm;VND;Dài h?n;4,9;15/10/2024;06/12/2058;15/10/2024;15/10/2024;
Cf1P1VXDxdDk;3000000445;5508;16;dieunmm;VND;Dài h?n;4,9;05/12/2024;05/12/2059;05/12/2024;05/12/2024;
Kuupf1Qms6ZD;3000000500;8609;16;dieunmm;VND;Ng?n h?n;6;16/06/2025;16/12/2025;16/06/2025;16/06/2025;
EssTnCYwB6Lf;3000000500;8609;16;dieunmm;VND;Ng?n h?n;6;17/06/2025;17/12/2025;17/06/2025;17/06/2025;
u2XIa4ggKLlq;3000000651;8609;16;dieunmm;VND;Ng?n h?n;6;30/09/2025;30/03/2026;30/09/2025;30/09/2025;
0Htaol2MYpN2;3000000651;8609;16;dieunmm;VND;Ng?n h?n;6;01/10/2025;01/04/2026;01/10/2025;01/10/2025;
jXJzHsXaKWM5;3000000662;8609;16;dieunmm;VND;Ng?n h?n;6;15/10/2025;15/04/2026;15/10/2025;15/10/2025;
EttSPjcnf5sp;3000000684;8609;16;dieunmm;VND;Ng?n h?n;5,5;31/07/2025;02/02/2026;31/07/2025;31/07/2025;
CnzetVkHs9Uw;3000000684;8609;16;dieunmm;VND;Ng?n h?n;5,5;13/08/2025;13/02/2026;13/08/2025;13/08/2025;
gCC1xE3QyyAN;3000000759;5508;16;dieunmm;VND;Dài h?n;11;22/08/2018;22/08/2033;22/08/2018;22/08/2018;
JhzedkFuSNep;3000000769;8609;16;dieunmm;VND;Ng?n h?n;5,5;10/09/2025;10/03/2026;10/09/2025;10/09/2025;
sd5Fp75NPHXP;3000000769;8609;16;dieunmm;VND;Ng?n h?n;5,5;06/10/2025;06/04/2026;06/10/2025;06/10/2025;
U4h2m6tYD7RX;3000000769;8609;16;dieunmm;VND;Ng?n h?n;6,8;20/11/2025;20/05/2026;20/11/2025;20/11/2025;
0NX58AP7cREU;3000000791;8615;16;dieunmm;VND;Ng?n h?n;6;17/09/2025;17/03/2026;17/09/2025;17/09/2025;
5TavojDpgEYv;3000000791;8615;16;dieunmm;VND;Ng?n h?n;6;16/09/2025;16/03/2026;16/09/2025;16/09/2025;
iosJR19LCHEk;3000000905;8609;16;dieunmm;VND;Ng?n h?n;5,5;10/10/2025;10/04/2026;10/10/2025;10/10/2025;
J8vIMamFPI1D;3000000905;8609;16;dieunmm;VND;Ng?n h?n;5,5;15/09/2025;16/03/2026;15/09/2025;15/09/2025;
2zP5htRPMwxv;3000000905;8609;16;dieunmm;VND;Ng?n h?n;5,5;15/10/2025;15/04/2026;15/10/2025;15/10/2025;
jqVacNAbSxNI;3000000913;7202;16;dieunmm;VND;Trung h?n;10,5;20/05/2022;20/05/2027;20/05/2022;20/05/2022;
U1szaomLohOr;3000000913;8609;16;dieunmm;VND;Ng?n h?n;5,5;01/07/2025;01/01/2026;01/07/2025;01/07/2025;
QNnGxXufGrG8;3000001048;5558;16;dieunmm;VND;Dài h?n;7,5;11/11/2025;10/11/2045;11/11/2025;11/11/2025;
fdSTVKR5j4I5;3000001048;8609;16;dieunmm;VND;Ng?n h?n;5,5;21/07/2025;21/01/2026;21/07/2025;21/07/2025;
oY9e4pEJMYkj;3000001048;8609;16;dieunmm;VND;Ng?n h?n;5,5;23/07/2025;23/01/2026;23/07/2025;23/07/2025;
hcuOAUHJSMSv;3000001048;8609;16;dieunmm;VND;Ng?n h?n;5,5;22/07/2025;22/01/2026;22/07/2025;22/07/2025;
tFBHKUiAZoZy;3000001091;7200;16;dieunmm;VND;Ng?n h?n;3;03/10/2025;03/04/2026;03/10/2025;03/10/2025;
Fv1SBCcMQ1kB;3000001154;8609;16;dieunmm;VND;Ng?n h?n;6,5;09/10/2025;09/04/2026;09/10/2025;09/10/2025;
r1OREtfu3gLx;3000001154;8609;16;dieunmm;VND;Ng?n h?n;6,5;10/10/2025;10/04/2026;10/10/2025;10/10/2025;
CRaOqB8dguGf;3000001175;8609;16;dieunmm;VND;Ng?n h?n;7;07/11/2025;07/05/2026;07/11/2025;07/11/2025;
bvPPoAnVhEoC;3000001175;8609;16;dieunmm;VND;Ng?n h?n;6;15/10/2025;15/04/2026;15/10/2025;15/10/2025;
I71Y3p0CDlBT;3000001175;8609;16;dieunmm;VND;Ng?n h?n;7;06/11/2025;06/05/2026;06/11/2025;06/11/2025;
b9S5ZpfJZr7u;3000001175;8609;16;dieunmm;VND;Ng?n h?n;6;14/10/2025;14/04/2026;14/10/2025;14/10/2025;
HrKUOzt78sTe;3000001205;5513;16;dieunmm;VND;Dài h?n;6,7;02/01/2025;06/12/2055;02/01/2025;02/01/2025;
7BZ7vOHn9X9n;3000001205;5513;16;dieunmm;VND;Dài h?n;7;26/12/2023;06/12/2055;26/12/2023;26/12/2023;
2yf9e1u0iGuQ;3000001212;5513;16;dieunmm;VND;Dài h?n;6,7;17/12/2024;11/12/2058;17/12/2024;17/12/2024;
xQUvW3nOkqeO;3000001212;5513;16;dieunmm;VND;Dài h?n;7;11/12/2023;11/12/2058;11/12/2023;11/12/2023;
DEzCWeAV5ECJ;3000001280;8609;16;dieunmm;VND;Ng?n h?n;9;07/11/2025;07/05/2026;07/11/2025;07/11/2025;
ib4p1WEDK4DR;3000001280;8609;16;dieunmm;VND;Ng?n h?n;7;10/11/2025;11/05/2026;10/11/2025;10/11/2025;
aQSaO0xBHNVa;3000001316;5558;16;dieunmm;VND;Dài h?n;11;24/01/2024;22/01/2044;24/01/2024;24/01/2024;
hJbOHDGkuPTd;3000001320;8615;16;dieunmm;VND;Ng?n h?n;7;10/11/2025;11/05/2026;10/11/2025;10/11/2025;
IdWNDw6HGFIz;3000001320;8615;16;dieunmm;VND;Ng?n h?n;7;12/11/2025;12/05/2026;12/11/2025;12/11/2025;
7GO6JQLHvZTO;3000001320;8615;16;dieunmm;VND;Ng?n h?n;7;13/11/2025;13/05/2026;13/11/2025;13/11/2025;
khIUD2TXfu0l;3000001325;5513;16;dieunmm;VND;Dài h?n;6,7;05/12/2024;05/02/2059;05/12/2024;05/12/2024;
phRnASTx4VsJ;3000001325;5513;16;dieunmm;VND;Dài h?n;7;06/02/2024;05/02/2059;06/02/2024;06/02/2024;
SBqFk6oqWGPl;3000001339;5513;16;dieunmm;VND;Dài h?n;7;23/02/2024;05/02/2030;23/02/2024;23/02/2024;
oxMRyTgAkap2;3000001339;5513;16;dieunmm;VND;Dài h?n;6,7;05/12/2024;05/02/2030;05/12/2024;05/12/2024;
gvD7tC9HNlRb;3000001352;5513;16;dieunmm;VND;Dài h?n;7;13/03/2024;05/03/2059;13/03/2024;13/03/2024;
fnyOYFO6DVdU;3000001352;5513;16;dieunmm;VND;Dài h?n;6,7;01/11/2024;05/03/2059;01/11/2024;01/11/2024;
kETgHCXtxFBj;3000001382;5508;16;dieunmm;VND;Dài h?n;6,7;25/04/2024;27/04/2054;25/04/2024;25/04/2024;
Fc9U33aFYG5M;3000001488;5558;16;dieunmm;VND;Dài h?n;6,7;12/08/2024;12/08/2044;12/08/2024;12/08/2024;
KAOMKPVmCMHM;3000001741;5513;16;dieunmm;VND;Dài h?n;5;29/06/2020;27/02/2040;29/06/2020;29/06/2020;
R2LZ6EFSu7ex;3000001741;5508;16;dieunmm;VND;Dài h?n;5;06/08/2019;25/07/2039;06/08/2019;06/08/2019;
San4dYYRjzB8;3000001741;5508;16;dieunmm;VND;Dài h?n;5;03/07/2019;04/07/2039;03/07/2019;03/07/2019;
sRp3f4FAHHP2;3000001770;7200;16;dieunmm;VND;Ng?n h?n;3;11/09/2025;11/03/2026;11/09/2025;11/09/2025;
DiFkD1oU6lro;3000000319;8000;5;dong.nn;VND;Ng?n h?n;4,4;28/08/2025;02/03/2026;28/08/2025;28/08/2025;
980h9EDdGfD7;3000000319;8000;5;dong.nn;VND;Ng?n h?n;4,7;16/10/2025;16/04/2026;16/10/2025;16/10/2025;
9QePhQw39p58;3000000319;8000;5;dong.nn;VND;Ng?n h?n;4,4;05/09/2025;05/03/2026;05/09/2025;05/09/2025;
gaT1VsX1zt4Z;3000000319;8000;5;dong.nn;VND;Ng?n h?n;4,4;21/08/2025;23/02/2026;21/08/2025;21/08/2025;
IBIK2YEiCo1z;3000000319;8000;5;dong.nn;VND;Ng?n h?n;4,5;16/09/2025;16/03/2026;16/09/2025;16/09/2025;
9dAOmlHRxC2f;3000000319;8000;5;dong.nn;VND;Ng?n h?n;4,5;19/09/2025;19/03/2026;19/09/2025;19/09/2025;
stNz0qEIdbIV;3000000319;8000;5;dong.nn;VND;Ng?n h?n;4,5;26/09/2025;26/03/2026;26/09/2025;26/09/2025;
Lyr3PY0X1NIt;3000000319;8000;5;dong.nn;VND;Ng?n h?n;4,6;07/10/2025;07/04/2026;07/10/2025;07/10/2025;
djNoomRT2Xbr;3000000319;8000;5;dong.nn;VND;Ng?n h?n;4,4;15/08/2025;16/02/2026;15/08/2025;15/08/2025;
GxoujezDD3SH;3000000320;8000;5;dong.nn;VND;Ng?n h?n;4,2;26/06/2025;26/12/2025;26/06/2025;26/06/2025;
Vg0zPmWvj76n;3000000320;8000;5;dong.nn;VND;Ng?n h?n;4,55;11/07/2025;12/01/2026;11/07/2025;11/07/2025;
r6qmjoTbmGE4;3000000320;8000;5;dong.nn;VND;Ng?n h?n;4,2;19/06/2025;19/12/2025;19/06/2025;19/06/2025;
7xQBdgh1XmYW;3000000333;8000;5;dong.nn;VND;Ng?n h?n;7,6;28/10/2025;02/03/2026;28/10/2025;28/10/2025;
dSB5mN9TA9o7;3000000333;8000;5;dong.nn;VND;Ng?n h?n;7,6;05/11/2025;05/03/2026;05/11/2025;05/11/2025;
oQ832LdYd0bX;3000000333;8000;5;dong.nn;VND;Ng?n h?n;7,6;13/11/2025;13/03/2026;13/11/2025;13/11/2025;
1t8iVhdGQSnD;3000000333;8000;5;dong.nn;VND;Ng?n h?n;7,6;17/11/2025;17/03/2026;17/11/2025;17/11/2025;
SB4LT8y4pgHQ;3000000333;8000;5;dong.nn;VND;Ng?n h?n;7,6;20/11/2025;20/03/2026;20/11/2025;20/11/2025;
RE8VhIDUruAB;3000000333;8000;5;dong.nn;VND;Ng?n h?n;7,6;20/11/2025;20/03/2026;20/11/2025;20/11/2025;
ESfKBKCRNkdF;3000000333;8000;5;dong.nn;VND;Ng?n h?n;7,6;21/11/2025;23/03/2026;21/11/2025;21/11/2025;
A8Tr1qtX8LHC;3000000333;8000;5;dong.nn;VND;Ng?n h?n;7,6;21/11/2025;23/03/2026;21/11/2025;21/11/2025;
nw5ApCYvEELg;3000000333;8000;5;dong.nn;VND;Ng?n h?n;6,1;25/08/2025;25/12/2025;25/08/2025;25/08/2025;
KbUZHS11MWDC;3000000333;8000;5;dong.nn;VND;Ng?n h?n;6,1;19/09/2025;19/01/2026;19/09/2025;19/09/2025;
E9lnLaSBt0OM;3000000333;8000;5;dong.nn;VND;Ng?n h?n;6,3;09/10/2025;09/02/2026;09/10/2025;09/10/2025;
pbTGm6yCe86t;3000000333;8000;5;dong.nn;VND;Ng?n h?n;6,3;16/10/2025;16/02/2026;16/10/2025;16/10/2025;
lyHXBbFwiUYP;3000000333;8000;5;dong.nn;VND;Ng?n h?n;7,6;04/11/2025;04/03/2026;04/11/2025;04/11/2025;
W49O4hErqiJH;3000000333;8000;5;dong.nn;VND;Ng?n h?n;7,6;07/11/2025;09/03/2026;07/11/2025;07/11/2025;
YuRzFYcocHrQ;3000000333;8000;5;dong.nn;VND;Ng?n h?n;7,6;12/11/2025;12/03/2026;12/11/2025;12/11/2025;
PvtOLKfhZm2Y;3000000333;8000;5;dong.nn;VND;Ng?n h?n;7,6;13/11/2025;13/03/2026;13/11/2025;13/11/2025;
2BBO8xyLlTPe;3000000333;8000;5;dong.nn;VND;Ng?n h?n;7,6;18/11/2025;18/03/2026;18/11/2025;18/11/2025;
T3n2KEOJ0hud;3000000333;8000;5;dong.nn;VND;Ng?n h?n;7,6;19/11/2025;19/03/2026;19/11/2025;19/11/2025;
filFBMpNF7Iu;3000000333;8000;5;dong.nn;VND;Ng?n h?n;7,6;21/11/2025;23/03/2026;21/11/2025;21/11/2025;
PsDNniBgpZsV;3000000333;8000;5;dong.nn;VND;Ng?n h?n;7,6;24/11/2025;24/03/2026;24/11/2025;24/11/2025;
o7L5uFj9neuk;3000000333;8000;5;dong.nn;VND;Ng?n h?n;7,6;26/11/2025;26/03/2026;26/11/2025;26/11/2025;
QSnA6LERdiMj;3000000333;8000;5;dong.nn;VND;Ng?n h?n;6,3;13/10/2025;13/02/2026;13/10/2025;13/10/2025;
THLQL6c0zV1z;3000000333;8000;5;dong.nn;VND;Ng?n h?n;7,6;06/11/2025;06/03/2026;06/11/2025;06/11/2025;
aGfB04t4TkkP;3000000333;8000;5;dong.nn;VND;Ng?n h?n;7,6;11/11/2025;11/03/2026;11/11/2025;11/11/2025;
brU8NKcs8pEx;3000000333;8000;5;dong.nn;VND;Ng?n h?n;7,6;13/11/2025;13/03/2026;13/11/2025;13/11/2025;
M1AHNRBQ7ymt;3000000333;8000;5;dong.nn;VND;Ng?n h?n;7,6;17/11/2025;17/03/2026;17/11/2025;17/11/2025;
yL6pZarE1psr;3000000333;8000;5;dong.nn;VND;Ng?n h?n;7,6;18/11/2025;18/03/2026;18/11/2025;18/11/2025;
3Ry0RT2Vd3Wp;3000000333;8000;5;dong.nn;VND;Ng?n h?n;7,6;18/11/2025;18/03/2026;18/11/2025;18/11/2025;
bIilLDa0PbaT;3000000333;8000;5;dong.nn;VND;Ng?n h?n;7,6;20/11/2025;20/03/2026;20/11/2025;20/11/2025;
NfpkOSCAuwwM;3000000333;8000;5;dong.nn;VND;Ng?n h?n;7,6;25/11/2025;25/03/2026;25/11/2025;25/11/2025;
ORBhvuEIX3YI;3000000333;8000;5;dong.nn;VND;Ng?n h?n;6,1;20/08/2025;22/12/2025;20/08/2025;20/08/2025;
rrnStTzi3X2H;3000000333;8000;5;dong.nn;VND;Ng?n h?n;6,1;12/09/2025;12/01/2026;12/09/2025;12/09/2025;
vWAArnSKaRSn;3000000333;8000;5;dong.nn;VND;Ng?n h?n;6,1;17/09/2025;19/01/2026;17/09/2025;17/09/2025;
pqnjvIIMK40K;3000000333;8000;5;dong.nn;VND;Ng?n h?n;6,1;26/09/2025;26/01/2026;26/09/2025;26/09/2025;
LeVRG0mUgxBF;3000000333;8000;5;dong.nn;VND;Ng?n h?n;7,6;03/11/2025;03/03/2026;03/11/2025;03/11/2025;
bI9CCwvnB2Fp;3000000333;8000;5;dong.nn;VND;Ng?n h?n;7,6;18/11/2025;18/03/2026;18/11/2025;18/11/2025;
Q9YGvmUw4Ujc;3000000333;8000;5;dong.nn;VND;Ng?n h?n;7,6;19/11/2025;19/03/2026;19/11/2025;19/11/2025;
CNSRMOO2xlXs;3000000333;8000;5;dong.nn;VND;Ng?n h?n;7,6;20/11/2025;20/03/2026;20/11/2025;20/11/2025;
bv4f5qGucZvL;3000000333;8000;5;dong.nn;VND;Ng?n h?n;7,6;24/11/2025;24/03/2026;24/11/2025;24/11/2025;
961UXAdXVAGJ;3000000333;8000;5;dong.nn;VND;Ng?n h?n;6,3;08/10/2025;09/02/2026;08/10/2025;08/10/2025;
ZqeFpOEoDVuy;3000000333;8000;5;dong.nn;VND;Ng?n h?n;6,3;14/10/2025;16/02/2026;14/10/2025;14/10/2025;
JC1cmXcpwkqg;3000000333;8000;5;dong.nn;VND;Ng?n h?n;7,6;27/10/2025;27/02/2026;27/10/2025;27/10/2025;
E3UbP2TaYaYe;3000000333;8000;5;dong.nn;VND;Ng?n h?n;7,6;07/11/2025;09/03/2026;07/11/2025;07/11/2025;
iHBpm4dfzWEN;3000000333;8000;5;dong.nn;VND;Ng?n h?n;7,6;10/11/2025;10/03/2026;10/11/2025;10/11/2025;
KqIJlxhdvUF7;3000000333;8000;5;dong.nn;VND;Ng?n h?n;7,6;17/11/2025;17/03/2026;17/11/2025;17/11/2025;
SyYC4uR2NbLm;3000000333;8000;5;dong.nn;VND;Ng?n h?n;7,6;18/11/2025;18/03/2026;18/11/2025;18/11/2025;
E8O4sHgvJGSK;3000000333;8000;5;dong.nn;VND;Ng?n h?n;7,6;24/11/2025;24/03/2026;24/11/2025;24/11/2025;
p4Hy90QvnxSV;3000000333;8000;5;dong.nn;VND;Ng?n h?n;6,1;21/08/2025;22/12/2025;21/08/2025;21/08/2025;
tlZbWJxvjmB1;3000000333;8000;5;dong.nn;VND;Ng?n h?n;6,1;18/09/2025;19/01/2026;18/09/2025;18/09/2025;
PmZnwo5ykf4V;3000000333;8000;5;dong.nn;VND;Ng?n h?n;6,3;10/10/2025;10/02/2026;10/10/2025;10/10/2025;
I6BHyFQuNRQU;3000000333;8000;5;dong.nn;VND;Ng?n h?n;6,3;17/10/2025;17/02/2026;17/10/2025;17/10/2025;
2WYZEqnWu9Bf;3000000333;8000;5;dong.nn;VND;Ng?n h?n;7,6;06/11/2025;06/03/2026;06/11/2025;06/11/2025;
9BTOmuZX4ZfH;3000000333;8000;5;dong.nn;VND;Ng?n h?n;7,6;07/11/2025;09/03/2026;07/11/2025;07/11/2025;
bjO5GzvO4fri;3000000333;8000;5;dong.nn;VND;Ng?n h?n;7,6;17/11/2025;17/03/2026;17/11/2025;17/11/2025;
rmxGknQfRSWx;3000000333;8000;5;dong.nn;VND;Ng?n h?n;7,6;17/11/2025;17/03/2026;17/11/2025;17/11/2025;
gHYwZPdWweu6;3000000333;8000;5;dong.nn;VND;Ng?n h?n;7,6;26/11/2025;26/03/2026;26/11/2025;26/11/2025;
vQ9HvcED4DrU;3000000333;8000;5;dong.nn;VND;Ng?n h?n;6,1;22/08/2025;22/12/2025;22/08/2025;22/08/2025;
vYhR7ExACjI8;3000000333;8000;5;dong.nn;VND;Ng?n h?n;7,6;17/11/2025;17/03/2026;17/11/2025;17/11/2025;
OCSxnaTAAbyc;3000000333;8000;5;dong.nn;VND;Ng?n h?n;7,6;17/11/2025;17/03/2026;17/11/2025;17/11/2025;
sL3WlpkbbyiA;3000000333;8000;5;dong.nn;VND;Ng?n h?n;7,6;18/11/2025;18/03/2026;18/11/2025;18/11/2025;
ZTQe2vyjy2pX;3000000333;8000;5;dong.nn;VND;Ng?n h?n;7,6;19/11/2025;19/03/2026;19/11/2025;19/11/2025;
dnCJjcSifznU;3000000333;8000;5;dong.nn;VND;Ng?n h?n;7,6;29/10/2025;02/03/2026;29/10/2025;29/10/2025;
Yt3wKK2rQiav;3000000333;8000;5;dong.nn;VND;Ng?n h?n;7,6;06/11/2025;06/03/2026;06/11/2025;06/11/2025;
e6QixPFiIVAg;3000000333;8000;5;dong.nn;VND;Ng?n h?n;7,6;11/11/2025;11/03/2026;11/11/2025;11/11/2025;
6BesjqSy2ywT;3000000333;8000;5;dong.nn;VND;Ng?n h?n;7,6;17/11/2025;17/03/2026;17/11/2025;17/11/2025;
cbF5Q1LZCvCa;3000000333;8000;5;dong.nn;VND;Ng?n h?n;7,6;24/11/2025;24/03/2026;24/11/2025;24/11/2025;
IZzjlKLrbneb;3000000333;8000;5;dong.nn;VND;Ng?n h?n;7,6;27/11/2025;27/03/2026;27/11/2025;27/11/2025;
sEuOtznYJpd4;3000000333;8000;5;dong.nn;VND;Ng?n h?n;6,1;19/08/2025;19/12/2025;19/08/2025;19/08/2025;
alXXBOHoSvTv;3000000333;8000;5;dong.nn;VND;Ng?n h?n;7,6;24/10/2025;24/02/2026;24/10/2025;24/10/2025;
IA3oqbkuaaIF;3000000333;8000;5;dong.nn;VND;Ng?n h?n;7,6;31/10/2025;02/03/2026;31/10/2025;31/10/2025;
DugqwQJGX5bx;3000000333;8000;5;dong.nn;VND;Ng?n h?n;7,6;17/11/2025;17/03/2026;17/11/2025;17/11/2025;
rReiZWO6TCeG;3000000333;8000;5;dong.nn;VND;Ng?n h?n;7,6;17/11/2025;17/03/2026;17/11/2025;17/11/2025;
DcTSRzfbyA5y;3000000333;8000;5;dong.nn;VND;Ng?n h?n;7,6;19/11/2025;19/03/2026;19/11/2025;19/11/2025;
0YSh9iLD5gAS;3000000333;8000;5;dong.nn;VND;Ng?n h?n;7,6;19/11/2025;19/03/2026;19/11/2025;19/11/2025;
xAQthpICO7JQ;3000000333;8000;5;dong.nn;VND;Ng?n h?n;7,6;21/11/2025;23/03/2026;21/11/2025;21/11/2025;
9YnDomfuc1hr;3000000333;8000;5;dong.nn;VND;Ng?n h?n;7,6;25/11/2025;25/03/2026;25/11/2025;25/11/2025;
VW6ZxbvE4eIZ;3000000333;8000;5;dong.nn;VND;Ng?n h?n;7,6;27/11/2025;27/03/2026;27/11/2025;27/11/2025;
h4ofkQlXwwrO;3000000333;8000;5;dong.nn;VND;Ng?n h?n;6,1;15/09/2025;15/01/2026;15/09/2025;15/09/2025;
rF4uvKKTLBV1;3000000333;8000;5;dong.nn;VND;Ng?n h?n;6,1;22/09/2025;22/01/2026;22/09/2025;22/09/2025;
SzGvkJYNXevS;3000000333;8000;5;dong.nn;VND;Ng?n h?n;6,3;07/10/2025;09/02/2026;07/10/2025;07/10/2025;
ngEKyi08PzSX;3000000333;8000;5;dong.nn;VND;Ng?n h?n;7,6;23/10/2025;23/02/2026;23/10/2025;23/10/2025;
CzdtwvC1fhjw;3000000333;8000;5;dong.nn;VND;Ng?n h?n;7,6;30/10/2025;02/03/2026;30/10/2025;30/10/2025;
CFHRZrQIj3QF;3000000333;8000;5;dong.nn;VND;Ng?n h?n;7,6;12/11/2025;12/03/2026;12/11/2025;12/11/2025;
RH8lhG19jdHz;3000000333;8000;5;dong.nn;VND;Ng?n h?n;7,6;17/11/2025;17/03/2026;17/11/2025;17/11/2025;
Edc51cF5N63p;3000000333;8000;5;dong.nn;VND;Ng?n h?n;7,6;17/11/2025;17/03/2026;17/11/2025;17/11/2025;
q7Q1HtNjK6jn;3000000333;8000;5;dong.nn;VND;Ng?n h?n;7,6;17/11/2025;17/03/2026;17/11/2025;17/11/2025;
dgXr85vEXgEc;3000000333;8000;5;dong.nn;VND;Ng?n h?n;7,6;19/11/2025;19/03/2026;19/11/2025;19/11/2025;
9fil1853LCup;3000000333;8000;5;dong.nn;VND;Ng?n h?n;7,6;24/11/2025;24/03/2026;24/11/2025;24/11/2025;
pyofHxxO0Cnw;3000000333;8000;5;dong.nn;VND;Ng?n h?n;7,6;27/11/2025;27/03/2026;27/11/2025;27/11/2025;
jxzYxxuqXDkK;3000000342;8000;5;dong.nn;VND;Ng?n h?n;4,6;15/10/2025;15/04/2026;15/10/2025;15/10/2025;
XmVruxjaGNgU;3000000342;8000;5;dong.nn;VND;Ng?n h?n;5,7;27/10/2025;27/04/2026;27/10/2025;27/10/2025;
kVIT2Asq4Krd;3000000342;8000;5;dong.nn;VND;Ng?n h?n;4,5;12/09/2025;12/03/2026;12/09/2025;12/09/2025;
4kijBloxM15O;3000000342;8000;5;dong.nn;VND;Ng?n h?n;4,5;16/09/2025;16/03/2026;16/09/2025;16/09/2025;
wkzh5ivWGQsL;3000000342;8000;5;dong.nn;VND;Ng?n h?n;5,7;29/10/2025;29/04/2026;29/10/2025;29/10/2025;
vZ5EBkhjrrRP;3000000342;8000;5;dong.nn;VND;Ng?n h?n;4,6;14/10/2025;14/04/2026;14/10/2025;14/10/2025;
WX8T5am040Cr;3000000342;8000;5;dong.nn;VND;Ng?n h?n;4,4;19/08/2025;19/02/2026;19/08/2025;19/08/2025;
fGEyC2EYf9Hz;3000000342;8000;5;dong.nn;VND;Ng?n h?n;4,6;07/10/2025;07/04/2026;07/10/2025;07/10/2025;
rKQp33pdiezP;3000000342;8000;5;dong.nn;VND;Ng?n h?n;5,7;21/10/2025;21/04/2026;21/10/2025;21/10/2025;
FGGlvCXc2Ev7;3000000342;8000;5;dong.nn;VND;Ng?n h?n;4,5;18/09/2025;18/03/2026;18/09/2025;18/09/2025;
RIbepWTnu9eE;3000000342;8000;5;dong.nn;VND;Ng?n h?n;4,6;06/10/2025;06/04/2026;06/10/2025;06/10/2025;
V1aaoZGsW2z0;3000000342;8000;5;dong.nn;VND;Ng?n h?n;4,4;15/08/2025;16/02/2026;15/08/2025;15/08/2025;
RqkHdwBV4O0t;3000000342;8000;5;dong.nn;VND;Ng?n h?n;4,4;22/08/2025;23/02/2026;22/08/2025;22/08/2025;
pk0cWjcLEE5W;3000000342;8000;5;dong.nn;VND;Ng?n h?n;4,4;04/09/2025;04/03/2026;04/09/2025;04/09/2025;
Eg9BYAj5xSWf;3000000342;8000;5;dong.nn;VND;Ng?n h?n;4,5;12/09/2025;12/03/2026;12/09/2025;12/09/2025;
2OG7s9jSqXau;3000000342;8000;5;dong.nn;VND;Ng?n h?n;4,5;19/09/2025;19/03/2026;19/09/2025;19/09/2025;
g4WycyETff2U;3000000342;8000;5;dong.nn;VND;Ng?n h?n;4,4;18/08/2025;18/02/2026;18/08/2025;18/08/2025;
J4Aj7hQG3ro1;3000000394;8000;5;dong.nn;VND;Ng?n h?n;6,1;20/08/2025;20/02/2026;20/08/2025;20/08/2025;
Feno3P2niBTv;3000000394;8000;5;dong.nn;VND;Ng?n h?n;6,1;18/09/2025;18/03/2026;18/09/2025;18/09/2025;
QwRHbCvvvhE5;3000000394;8000;5;dong.nn;VND;Ng?n h?n;6,1;24/09/2025;24/03/2026;24/09/2025;24/09/2025;
Qq1CMvxlCoFc;3000000394;8000;5;dong.nn;VND;Ng?n h?n;7,6;28/11/2025;28/05/2026;28/11/2025;28/11/2025;
Mb1MXxKHm5PG;3000000394;8000;5;dong.nn;VND;Ng?n h?n;6,3;03/10/2025;03/04/2026;03/10/2025;03/10/2025;
vfxclKBg9UXe;3000000394;8000;5;dong.nn;VND;Ng?n h?n;7,6;18/11/2025;18/05/2026;18/11/2025;18/11/2025;
Qx5spFJYoyex;3000000394;8000;5;dong.nn;VND;Ng?n h?n;6,1;19/09/2025;19/03/2026;19/09/2025;19/09/2025;
IgBnEDsz1ULw;3000000394;8000;5;dong.nn;VND;Ng?n h?n;6,1;25/09/2025;25/03/2026;25/09/2025;25/09/2025;
4UiS92qpTver;3000000394;8000;5;dong.nn;VND;Ng?n h?n;6,1;19/08/2025;19/02/2026;19/08/2025;19/08/2025;
26DHjKgvnq0R;3000000394;8000;5;dong.nn;VND;Ng?n h?n;6,3;09/10/2025;09/04/2026;09/10/2025;09/10/2025;
zAS4R2lGgBhF;3000000394;8000;5;dong.nn;VND;Ng?n h?n;6,1;26/09/2025;26/03/2026;26/09/2025;26/09/2025;
hfkr5Ts7Kcak;3000000394;8000;5;dong.nn;VND;Ng?n h?n;6,1;21/08/2025;23/02/2026;21/08/2025;21/08/2025;
x4Cp2hgvMufU;3000000394;8000;5;dong.nn;VND;Ng?n h?n;6,3;02/10/2025;02/04/2026;02/10/2025;02/10/2025;
BahfdJ649u68;3000000394;8000;5;dong.nn;VND;Ng?n h?n;6,3;07/10/2025;07/04/2026;07/10/2025;07/10/2025;
SwnNbDGBSKjB;3000000394;8000;5;dong.nn;VND;Ng?n h?n;6,1;26/08/2025;26/02/2026;26/08/2025;26/08/2025;
gTo2hIIDjDni;3000000394;8000;5;dong.nn;VND;Ng?n h?n;6,1;29/09/2025;30/03/2026;29/09/2025;29/09/2025;
JSnLyHgrgyYI;3000000394;8000;5;dong.nn;VND;Ng?n h?n;6,3;01/10/2025;01/04/2026;01/10/2025;01/10/2025;
Tx3ij3uMzaM5;3000000394;8000;5;dong.nn;VND;Ng?n h?n;6,3;08/10/2025;08/04/2026;08/10/2025;08/10/2025;
WAGDkyiYj0Xn;3000000394;8000;5;dong.nn;VND;Ng?n h?n;6,3;06/10/2025;06/04/2026;06/10/2025;06/10/2025;
pQDcgcmJ8TFH;3000000394;8000;5;dong.nn;VND;Ng?n h?n;6,3;16/10/2025;16/04/2026;16/10/2025;16/10/2025;
IAUdJbTcUvpR;3000000049;7228;8;dungnp2;VND;Ng?n h?n;7,2;07/11/2025;02/03/2026;07/11/2025;07/11/2025;
SYkiNgiQ6MLI;3000000093;7200;8;dungnp2;VND;Ng?n h?n;1,3;24/09/2025;24/03/2026;24/09/2025;24/09/2025;
Lmf0xn3of5Iy;3000000093;7200;8;dungnp2;VND;Ng?n h?n;2,2;05/11/2025;05/05/2026;05/11/2025;05/11/2025;
lDVpApWD6mXu;3000001393;7200;8;dungnp2;VND;Ng?n h?n;1;23/09/2025;23/03/2026;23/09/2025;23/09/2025;
r5J4KkXd7dct;3000001701;7228;8;dungnp2;VND;Ng?n h?n;7,2;24/10/2025;19/01/2026;24/10/2025;24/10/2025;
XPVUokTxMHBQ;3000001768;7200;8;dungnp2;VND;Ng?n h?n;1,2;03/10/2025;03/04/2026;03/10/2025;03/10/2025;
nldFpWCCqIEW;3000000340;8000;5;duongntk;VND;Ng?n h?n;6,3;18/07/2025;20/04/2026;18/07/2025;18/07/2025;
FUBQi0CGSVrE;3000000340;8000;5;duongntk;VND;Ng?n h?n;6,3;28/07/2025;28/04/2026;28/07/2025;28/07/2025;
i46lNjEkdFZv;3000000340;8000;5;duongntk;VND;Ng?n h?n;6,3;16/09/2025;16/06/2026;16/09/2025;16/09/2025;
nBVOD75xDDQe;3000000340;8000;5;duongntk;VND;Ng?n h?n;6,3;10/10/2025;10/07/2026;10/10/2025;10/10/2025;
48MGaVbAePHH;3000000340;8000;5;duongntk;VND;Ng?n h?n;7,4;24/11/2025;24/08/2026;24/11/2025;24/11/2025;
TjIthNL2UTia;3000000340;8000;5;duongntk;VND;Ng?n h?n;6,3;30/06/2025;30/03/2026;30/06/2025;30/06/2025;
esadSmr3TLFD;3000000340;8000;5;duongntk;VND;Ng?n h?n;7,4;10/11/2025;10/08/2026;10/11/2025;10/11/2025;
tHGqHNXoNM23;3000000340;8000;5;duongntk;VND;Ng?n h?n;7,4;11/11/2025;11/08/2026;11/11/2025;11/11/2025;
XUssg8FyrRFW;3000000340;8000;5;duongntk;VND;Ng?n h?n;7,4;21/11/2025;21/08/2026;21/11/2025;21/11/2025;
qStmBCqXr1eA;3000000340;8000;5;duongntk;VND;Ng?n h?n;6,3;09/05/2025;09/02/2026;09/05/2025;09/05/2025;
YABUs4E7BPDo;3000000340;8000;5;duongntk;VND;Ng?n h?n;6,3;10/06/2025;10/03/2026;10/06/2025;10/06/2025;
FlMtiU4I1SMk;3000000340;8000;5;duongntk;VND;Ng?n h?n;6,3;21/08/2025;21/05/2026;21/08/2025;21/08/2025;
D1Bl0Qm7vFOS;3000000340;8000;5;duongntk;VND;Ng?n h?n;7,4;10/11/2025;10/08/2026;10/11/2025;10/11/2025;
KTOZzveTFZmO;3000000340;8000;5;duongntk;VND;Ng?n h?n;6,3;16/06/2025;16/03/2026;16/06/2025;16/06/2025;
5L4fCiWmhAR9;3000000340;8000;5;duongntk;VND;Ng?n h?n;6,3;19/06/2025;19/03/2026;19/06/2025;19/06/2025;
IrRGUTMFhVKc;3000000340;8000;5;duongntk;VND;Ng?n h?n;6,3;12/08/2025;12/05/2026;12/08/2025;12/08/2025;
YBMRizy7Q0gY;3000000340;8000;5;duongntk;VND;Ng?n h?n;6,3;12/09/2025;12/06/2026;12/09/2025;12/09/2025;
ncSpg3zKEjB8;3000000340;8000;5;duongntk;VND;Ng?n h?n;6,3;19/08/2025;19/05/2026;19/08/2025;19/08/2025;
WqAX9ncwr5L6;3000000340;8000;5;duongntk;VND;Ng?n h?n;6,3;14/10/2025;14/07/2026;14/10/2025;14/10/2025;
jOAR1LHEi17H;3000000340;8000;5;duongntk;VND;Ng?n h?n;7,4;30/10/2025;30/07/2026;30/10/2025;30/10/2025;
tvqe8rsyjHd6;3000000340;8000;5;duongntk;VND;Ng?n h?n;7,4;20/11/2025;20/08/2026;20/11/2025;20/11/2025;
wM0Db56KVG6I;3000000340;8000;5;duongntk;VND;Ng?n h?n;6,3;02/06/2025;02/03/2026;02/06/2025;02/06/2025;
vEgAW09l1qae;3000000340;8000;5;duongntk;VND;Ng?n h?n;6,3;18/09/2025;18/06/2026;18/09/2025;18/09/2025;
EvsmZ5qRQB9w;3000000340;8000;5;duongntk;VND;Ng?n h?n;6,3;13/08/2025;13/05/2026;13/08/2025;13/08/2025;
Prc9XEpJ3OdB;3000000340;8000;5;duongntk;VND;Ng?n h?n;6,3;12/05/2025;12/02/2026;12/05/2025;12/05/2025;
y4QBidSgDpHZ;3000000340;8000;5;duongntk;VND;Ng?n h?n;6,3;24/06/2025;24/03/2026;24/06/2025;24/06/2025;
2DRhorHrZIZQ;3000000340;8000;5;duongntk;VND;Ng?n h?n;6,3;15/08/2025;15/05/2026;15/08/2025;15/08/2025;
JSWdpcJwxZt2;3000000340;8000;5;duongntk;VND;Ng?n h?n;6,3;28/08/2025;28/05/2026;28/08/2025;28/08/2025;
yCF95UOEumAM;3000000340;8000;5;duongntk;VND;Ng?n h?n;6,3;12/09/2025;12/06/2026;12/09/2025;12/09/2025;
l0mHDq3qkm1H;3000000340;8000;5;duongntk;VND;Ng?n h?n;6,3;10/10/2025;10/07/2026;10/10/2025;10/10/2025;
xymUsUohMMKh;3000000340;8000;5;duongntk;VND;Ng?n h?n;6,3;21/05/2025;23/02/2026;21/05/2025;21/05/2025;
IxWni3szEHME;3000000340;8000;5;duongntk;VND;Ng?n h?n;6,3;24/07/2025;24/04/2026;24/07/2025;24/07/2025;
Es4CJeCmBavq;3000000340;8000;5;duongntk;VND;Ng?n h?n;6,3;28/08/2025;28/05/2026;28/08/2025;28/08/2025;
DBFyASpuwE2Q;3000000340;8000;5;duongntk;VND;Ng?n h?n;6,3;16/09/2025;16/06/2026;16/09/2025;16/09/2025;
ZiZLruqbvzK4;3000000340;8000;5;duongntk;VND;Ng?n h?n;6,3;29/09/2025;29/06/2026;29/09/2025;29/09/2025;
CNBZzyPyLLo1;3000000340;8000;5;duongntk;VND;Ng?n h?n;7,4;13/11/2025;13/08/2026;13/11/2025;13/11/2025;
mRCLVOyl8P3E;3000000340;8000;5;duongntk;VND;Ng?n h?n;7,4;17/11/2025;17/08/2026;17/11/2025;17/11/2025;
cwZf1MdNuTE3;3000000362;8930;5;duongntk;VND;Ng?n h?n;4,9;29/08/2025;01/12/2025;29/08/2025;29/08/2025;
WEUHWSs7TxYc;3000000998;8057;5;duongntk;VND;Dài h?n;6,1;25/03/2025;25/03/2038;25/03/2025;28/11/2025;
tAQCtDMoZGMr;3000000659;8000;12;duynp;VND;Ng?n h?n;6,3;10/11/2025;11/05/2026;10/11/2025;10/11/2025;
JGoCeAmtJXcQ;3000000659;8000;12;duynp;VND;Ng?n h?n;5,8;06/08/2025;06/02/2026;06/08/2025;06/08/2025;
GBfvaR45cFaL;3000000659;8000;12;duynp;VND;Ng?n h?n;5,8;07/08/2025;09/02/2026;07/08/2025;07/08/2025;
zWMIJ8vXowbJ;3000000659;8000;12;duynp;VND;Ng?n h?n;5,8;10/09/2025;10/03/2026;10/09/2025;10/09/2025;
PsnTHYCIApFf;3000000659;8000;12;duynp;VND;Ng?n h?n;5,8;12/09/2025;12/03/2026;12/09/2025;12/09/2025;
TNLCIzOlT6fb;3000000659;8000;12;duynp;VND;Ng?n h?n;5,8;11/08/2025;11/02/2026;11/08/2025;11/08/2025;
5rmEa5DFFmGJ;3000000659;8000;12;duynp;VND;Ng?n h?n;5,8;08/10/2025;08/04/2026;08/10/2025;08/10/2025;
x3xWiW8WCyTM;3000000659;8001;12;duynp;USD;Ng?n h?n;4,8;04/11/2025;04/05/2026;04/11/2025;04/11/2025;
rgC785yw6ey3;3000000659;8000;12;duynp;VND;Ng?n h?n;6,3;13/11/2025;13/05/2026;13/11/2025;13/11/2025;
VbGX5EFmNPk6;3000000659;8000;12;duynp;VND;Ng?n h?n;5,8;10/07/2025;12/01/2026;10/07/2025;10/07/2025;
pfURWjhmTHs2;3000000659;8000;12;duynp;VND;Ng?n h?n;5,8;18/07/2025;19/01/2026;18/07/2025;18/07/2025;
zCyvjpAasv65;3000000659;8000;12;duynp;VND;Ng?n h?n;5,8;12/08/2025;12/02/2026;12/08/2025;12/08/2025;
oh9n5nIVikLh;3000000659;8000;12;duynp;VND;Ng?n h?n;5,8;04/08/2025;04/02/2026;04/08/2025;04/08/2025;
FtHGWxuAGA4P;3000000659;8000;12;duynp;VND;Ng?n h?n;5,8;10/10/2025;10/04/2026;10/10/2025;10/10/2025;
yfVJ0FUPxhvG;3000000659;8000;12;duynp;VND;Ng?n h?n;5,8;13/10/2025;13/04/2026;13/10/2025;13/10/2025;
UqsIVgoFWof3;3000000659;8000;12;duynp;VND;Ng?n h?n;5,8;14/10/2025;14/04/2026;14/10/2025;14/10/2025;
3lFyHkPLsIaN;3000000659;8000;12;duynp;VND;Ng?n h?n;5,8;22/07/2025;22/01/2026;22/07/2025;22/07/2025;
76jGiEzND8vO;3000000659;8000;12;duynp;VND;Ng?n h?n;5,8;03/10/2025;03/04/2026;03/10/2025;03/10/2025;
iWe1QlfKoxFy;3000000659;8000;12;duynp;VND;Ng?n h?n;5,9;21/10/2025;21/04/2026;21/10/2025;21/10/2025;
O5tosi4CnvNy;3000000659;8000;12;duynp;VND;Ng?n h?n;5,8;15/07/2025;15/01/2026;15/07/2025;15/07/2025;
rN3hCYu16uuf;3000000659;8000;12;duynp;VND;Ng?n h?n;6,3;05/11/2025;05/05/2026;05/11/2025;05/11/2025;
DkAX4oVUc5Tu;3000000659;8001;12;duynp;USD;Ng?n h?n;4,8;03/07/2025;05/01/2026;03/07/2025;03/07/2025;
Ht9fs6AkFxqY;3000000659;8000;12;duynp;VND;Ng?n h?n;5,8;30/07/2025;30/01/2026;30/07/2025;30/07/2025;
mmtVpDvVSo8f;3000000659;8000;12;duynp;VND;Ng?n h?n;5,8;20/08/2025;12/02/2026;20/08/2025;20/08/2025;
mhiThBEjMg3g;3000000812;8057;12;duynp;VND;Dài h?n;9,5;30/07/2020;31/07/2028;30/07/2020;15/09/2022;
fuRbiGjwhHDY;3000000812;8057;12;duynp;VND;Dài h?n;9,5;26/10/2020;31/07/2028;26/10/2020;;
PkihfFyA81lN;3000000812;8000;12;duynp;VND;Ng?n h?n;5,8;29/09/2025;29/12/2025;29/09/2025;29/09/2025;
F2zVZCjT1CFh;3000000812;8057;12;duynp;VND;Dài h?n;9,5;28/09/2022;31/07/2028;28/09/2022;28/09/2022;
ZPVooCAB2uUC;3000000812;8057;12;duynp;VND;Dài h?n;8,2;15/12/2023;15/12/2033;15/12/2023;15/12/2023;
EemGSrItOW89;3000001036;8056;12;duynp;VND;Trung h?n;10,5;14/03/2023;14/03/2028;14/03/2023;14/03/2023;
auIcpqMb9t2z;3000001346;8057;12;duynp;VND;Dài h?n;7,2;25/07/2024;25/07/2036;25/07/2024;25/07/2024;
rJPaYsje2E11;3000000028;5513;17;duytd1;VND;Dài h?n;6;26/07/2024;26/07/2049;26/07/2024;26/07/2024;
dCKN1OlCDEWy;3000000029;5558;17;duytd1;VND;Dài h?n;6;04/10/2024;04/10/2039;04/10/2024;04/10/2024;
xmIcbuz4UYCD;3000000107;5508;17;duytd1;VND;Dài h?n;6,5;17/07/2025;16/07/2055;17/07/2025;17/07/2025;
5G2YZkbftfeK;3000000151;5508;17;duytd1;VND;Dài h?n;11;21/08/2019;10/08/2039;21/08/2019;21/08/2019;
meNwedg453yL;3000000151;5558;17;duytd1;VND;Dài h?n;6;06/12/2024;06/12/2039;06/12/2024;06/12/2024;
X7jQsjni6dze;3000000229;5508;17;duytd1;VND;Dài h?n;6,5;26/04/2025;26/05/2042;26/04/2025;26/04/2025;
wu5d5uLDa3b1;3000000229;5508;17;duytd1;VND;Dài h?n;6,5;26/04/2025;06/07/2040;26/04/2025;26/04/2025;
geuuUCDYCze2;3000000273;5558;17;duytd1;VND;Dài h?n;8,7;27/11/2025;05/11/2040;27/11/2025;27/11/2025;
9QxeLf3aG5IM;3000000273;5508;17;duytd1;VND;Dài h?n;11;23/11/2021;05/11/2041;23/11/2021;23/11/2021;
yuePIsrD5Bao;3000000316;5508;17;duytd1;VND;Dài h?n;11,5;30/06/2020;29/06/2040;30/06/2020;30/06/2020;
uAa8j3gNQQmH;3000000436;8000;17;duytd1;VND;Ng?n h?n;6,9;02/06/2025;02/04/2026;02/06/2025;02/06/2025;
N9oMY4f0rUGA;3000000436;8000;17;duytd1;VND;Ng?n h?n;6,9;30/05/2025;30/03/2026;30/05/2025;30/05/2025;
XElLRYN8tJil;3000000560;5508;17;duytd1;VND;Dài h?n;11;03/06/2021;03/06/2041;03/06/2021;03/06/2021;
RR10lNNgXVZb;3000000629;5508;17;duytd1;VND;Dài h?n;11;08/01/2020;05/01/2035;08/01/2020;08/01/2020;
yvkha7yU9AfW;3000000629;5558;17;duytd1;VND;Dài h?n;7;25/09/2025;25/09/2045;25/09/2025;25/09/2025;
TXVzyMYBxlA5;3000000629;5508;17;duytd1;VND;Dài h?n;11;27/04/2022;28/04/2042;27/04/2022;27/04/2022;
SJLZEqOS5rUW;3000000807;5513;17;duytd1;VND;Dài h?n;6,7;07/08/2024;07/08/2059;07/08/2024;07/08/2024;
pWdK2802f810;3000000807;5513;17;duytd1;VND;Dài h?n;6,7;11/10/2024;07/08/2059;14/10/2024;14/10/2024;
IKmmLsIWKuLq;3000000862;5513;17;duytd1;VND;Dài h?n;6,5;02/07/2025;01/07/2050;02/07/2025;02/07/2025;
B4pG8fcr6dWd;3000000870;5508;17;duytd1;VND;Dài h?n;11;26/05/2022;26/05/2042;26/05/2022;26/05/2022;
Id7Sqp1p8wYP;3000000909;8000;17;duytd1;VND;Ng?n h?n;7,2;09/10/2025;09/03/2026;09/10/2025;09/10/2025;
NA1vDFAipO8u;3000000909;8000;17;duytd1;VND;Ng?n h?n;7,2;17/10/2025;17/03/2026;17/10/2025;17/10/2025;
t5oWo0mkhk3a;3000000909;8000;17;duytd1;VND;Ng?n h?n;7,2;13/10/2025;13/03/2026;13/10/2025;13/10/2025;
dSOZxu68RBQD;3000001054;5508;17;duytd1;VND;Dài h?n;11;21/09/2022;22/09/2042;21/09/2022;21/09/2022;
9Ni5WJyEZEkA;3000001061;8000;17;duytd1;VND;Ng?n h?n;7;24/06/2025;24/12/2025;24/06/2025;24/06/2025;
RJRQeGVO56ZP;3000001061;8000;17;duytd1;VND;Ng?n h?n;7,2;13/10/2025;13/04/2026;13/10/2025;13/10/2025;
lmP8CAMA21u8;3000001061;8000;17;duytd1;VND;Ng?n h?n;7;12/06/2025;12/12/2025;12/06/2025;12/06/2025;
5XMvKxnycPaH;3000001061;8000;17;duytd1;VND;Ng?n h?n;7;10/06/2025;10/12/2025;10/06/2025;10/06/2025;
R0erZLN38Ru5;3000001061;8000;17;duytd1;VND;Ng?n h?n;7,2;25/09/2025;25/03/2026;25/09/2025;25/09/2025;
FQDVecXQuNgx;3000001061;8000;17;duytd1;VND;Ng?n h?n;7;13/06/2025;15/12/2025;13/06/2025;13/06/2025;
TZBoW2lvY7iN;3000001156;8000;17;duytd1;VND;Ng?n h?n;6,5;10/06/2025;10/12/2025;10/06/2025;10/06/2025;
T4UQUlhI8Hds;3000001156;8057;17;duytd1;VND;Dài h?n;6,5;10/05/2024;25/04/2031;10/05/2024;10/05/2024;
grxONGDCfYwF;3000001156;8000;17;duytd1;VND;Ng?n h?n;6,5;27/06/2025;29/12/2025;27/06/2025;27/06/2025;
JWP9Talp0Ii2;3000001156;8000;17;duytd1;VND;Ng?n h?n;6,5;25/07/2025;26/01/2026;25/07/2025;25/07/2025;
pBvuJuVNmCGh;3000001170;8000;17;duytd1;VND;Ng?n h?n;6,6;06/08/2025;06/02/2026;06/08/2025;06/08/2025;
8PEVvzP1gsSX;3000001170;8000;17;duytd1;VND;Ng?n h?n;7,9;26/11/2025;26/05/2026;26/11/2025;26/11/2025;
eRNoTwbKujVo;3000001170;8000;17;duytd1;VND;Ng?n h?n;7,2;10/10/2025;10/04/2026;10/10/2025;10/10/2025;
o5Dsgk64wkqX;3000001170;8000;17;duytd1;VND;Ng?n h?n;7,2;15/09/2025;16/03/2026;15/09/2025;15/09/2025;
c5GZS4eNMdjl;3000001170;8000;17;duytd1;VND;Ng?n h?n;6,6;24/06/2025;24/12/2025;24/06/2025;24/06/2025;
TrUvLBWzC7cT;3000001170;8000;17;duytd1;VND;Ng?n h?n;7,9;04/11/2025;04/05/2026;04/11/2025;04/11/2025;
7FdnKTHFIfRg;3000001170;8000;17;duytd1;VND;Ng?n h?n;7,2;16/09/2025;16/03/2026;16/09/2025;16/09/2025;
dUGHjV3wrlKu;3000001170;8000;17;duytd1;VND;Ng?n h?n;7,2;17/09/2025;17/03/2026;17/09/2025;17/09/2025;
IY43tPMmr09r;3000001185;5582;17;duytd1;VND;Dài h?n;6,7;09/05/2024;09/05/2044;09/05/2024;09/05/2024;
7tVJfrqgN2MK;3000001319;5513;17;duytd1;VND;Dài h?n;7;23/01/2024;23/01/2059;23/01/2024;23/01/2024;
1extwu236JdF;3000001319;5513;17;duytd1;VND;Dài h?n;6,7;05/11/2024;23/01/2059;05/11/2024;05/11/2024;
fYEf8TOqP7w4;3000001327;5508;17;duytd1;VND;Dài h?n;11;08/08/2024;10/08/2054;08/08/2024;08/08/2024;
dHmyc3AXE571;3000001547;5513;17;duytd1;VND;Dài h?n;6,5;01/11/2024;15/07/2058;01/11/2024;01/11/2024;
PgtYq4oceleZ;3000001547;5513;17;duytd1;VND;Dài h?n;6,5;17/10/2024;15/07/2058;17/10/2024;17/10/2024;
mm8QJ7jOphE3;3000001634;5508;17;duytd1;VND;Dài h?n;7,8;25/04/2025;05/04/2050;25/04/2025;25/04/2025;
QuwnLJdi5HfQ;3000000474;8000;12;gianglq;VND;Ng?n h?n;6,3;22/08/2025;22/01/2026;22/08/2025;22/08/2025;
qFFUchZmes24;3000000474;8000;12;gianglq;VND;Ng?n h?n;6,3;14/08/2025;14/01/2026;14/08/2025;14/08/2025;
78cqWcfDyVCv;3000000474;8000;12;gianglq;VND;Ng?n h?n;6,3;15/09/2025;16/02/2026;15/09/2025;15/09/2025;
Uh31aQCRAPJV;3000000474;8000;12;gianglq;VND;Ng?n h?n;6,3;28/08/2025;28/01/2026;28/08/2025;28/08/2025;
KhD5HuAxLl4m;3000000474;8000;12;gianglq;VND;Ng?n h?n;6,3;13/10/2025;13/03/2026;13/10/2025;13/10/2025;
E17rhGCn4yPZ;3000000474;8000;12;gianglq;VND;Ng?n h?n;6,3;08/09/2025;09/02/2026;08/09/2025;08/09/2025;
kaoWCNyjCzX3;3000000474;8000;12;gianglq;VND;Ng?n h?n;7,3;28/11/2025;28/04/2026;28/11/2025;28/11/2025;
8Lbp8LjdOyjI;3000000474;8000;12;gianglq;VND;Ng?n h?n;6,3;28/08/2025;28/01/2026;28/08/2025;28/08/2025;
3WppT6v98yZC;3000000474;8000;12;gianglq;VND;Ng?n h?n;7,3;14/11/2025;14/04/2026;14/11/2025;14/11/2025;
GrPpw1zsNfar;3000000474;8000;12;gianglq;VND;Ng?n h?n;6,3;22/07/2025;22/12/2025;22/07/2025;22/07/2025;
48iDlMQGwTw2;3000000474;8000;12;gianglq;VND;Ng?n h?n;6,3;11/09/2025;11/02/2026;11/09/2025;11/09/2025;
4FWKhSDX4yZX;3000000474;8000;12;gianglq;VND;Ng?n h?n;6,3;14/07/2025;15/12/2025;14/07/2025;14/07/2025;
FvRhqOykRlkF;3000000398;8000;12;giangnh19;VND;Ng?n h?n;5,5;12/08/2025;12/02/2026;12/08/2025;12/08/2025;
saDYLSaQAU9F;3000000398;8000;12;giangnh19;VND;Ng?n h?n;5,5;10/09/2025;10/03/2026;10/09/2025;10/09/2025;
uuaISHekOfeJ;3000000414;8000;12;giangnh19;VND;Ng?n h?n;4,2;09/09/2025;09/12/2025;09/09/2025;09/09/2025;
Crq3DfGT8a11;3000000658;8001;12;giangnh19;USD;Ng?n h?n;3,9;20/06/2025;22/12/2025;20/06/2025;20/06/2025;
4yeWiHcvPWWM;3000000658;8001;12;giangnh19;USD;Ng?n h?n;3,8;18/09/2025;18/03/2026;18/09/2025;18/09/2025;
UENMlb4WmM0O;3000000658;8001;12;giangnh19;USD;Ng?n h?n;3,8;12/09/2025;12/03/2026;12/09/2025;12/09/2025;
8DnBENhemkWC;3000000658;8001;12;giangnh19;USD;Ng?n h?n;3,8;21/08/2025;23/02/2026;21/08/2025;21/08/2025;
q59WLowwbAB0;3000000658;8001;12;giangnh19;USD;Ng?n h?n;3,8;29/07/2025;29/01/2026;29/07/2025;29/07/2025;
FAa7R9WQd0eg;3000000666;5513;8;giangnh19;VND;Dài h?n;4,9;06/12/2023;06/12/2058;06/12/2023;06/12/2023;
KfWrDNS544Wl;3000001080;8001;12;giangnh19;USD;Ng?n h?n;4,2;07/11/2025;07/05/2026;07/11/2025;07/11/2025;
OxFIUCITwFqF;3000001176;8000;12;giangnh19;VND;Ng?n h?n;7,6;31/10/2025;30/04/2026;31/10/2025;31/10/2025;
IyAkUStnDgEL;3000001176;8000;12;giangnh19;VND;Ng?n h?n;7,6;31/10/2025;04/05/2026;31/10/2025;31/10/2025;
acSAtQaMT7ly;3000001176;8000;12;giangnh19;VND;Ng?n h?n;7,6;31/10/2025;04/05/2026;31/10/2025;31/10/2025;
5aP8uqEeApEF;3000000323;8000;6;giangnh9;VND;Ng?n h?n;4,8;29/08/2025;29/12/2025;29/08/2025;29/08/2025;
ECw8pYGYZJIT;3000000323;8000;6;giangnh9;VND;Ng?n h?n;4,8;19/09/2025;19/01/2026;19/09/2025;19/09/2025;
myYYNHcWZ2Vz;3000000323;8000;6;giangnh9;VND;Ng?n h?n;6,8;28/11/2025;30/03/2026;28/11/2025;28/11/2025;
NOIMnlG054DV;3000000323;8000;6;giangnh9;VND;Ng?n h?n;4,8;03/09/2025;05/01/2026;03/09/2025;03/09/2025;
gXsunI4oioSd;3000000323;8000;6;giangnh9;VND;Ng?n h?n;6,8;28/11/2025;30/03/2026;28/11/2025;28/11/2025;
TDGM0gKtVE34;3000000323;8000;6;giangnh9;VND;Ng?n h?n;4,8;04/09/2025;05/01/2026;04/09/2025;04/09/2025;
sKoEtwIzmTou;3000000323;8000;6;giangnh9;VND;Ng?n h?n;4,8;08/09/2025;08/01/2026;08/09/2025;08/09/2025;
2Sdi9ZOBibhk;3000000323;8000;6;giangnh9;VND;Ng?n h?n;4,8;05/09/2025;05/01/2026;05/09/2025;05/09/2025;
zdFtJWjhATxZ;3000000314;7200;8;giangntt7;VND;Ng?n h?n;0,8;22/04/2025;22/04/2026;22/04/2025;22/04/2025;
u0NQuU4GYNsS;3000000078;5513;8;giangptc;VND;Dài h?n;7;29/08/2025;27/08/2049;29/08/2025;29/08/2025;
jiHgr4Frckyl;3000000078;5513;8;giangptc;VND;Dài h?n;6;29/08/2025;27/08/2049;29/08/2025;29/08/2025;
kz6OVM6nSEUn;3000000078;5513;8;giangptc;VND;Dài h?n;6;29/08/2025;26/08/2049;29/08/2025;29/08/2025;
5wiVQiFSW548;3000000078;5513;8;giangptc;VND;Dài h?n;6;29/08/2025;27/08/2049;29/08/2025;29/08/2025;
c7zZSmQQ5baU;3000000079;5513;8;giangptc;VND;Dài h?n;6,5;29/07/2025;26/07/2050;29/07/2025;29/07/2025;
so7tC1G3FRBP;3000000130;5513;8;giangptc;VND;Dài h?n;7,5;12/05/2025;11/05/2050;12/05/2025;12/05/2025;
b3lyeIxikhmj;3000000137;5508;8;giangptc;VND;Dài h?n;11;30/09/2020;01/10/2040;30/09/2020;30/09/2020;
3A7vDfUwsREY;3000000166;5513;8;giangptc;VND;Dài h?n;6,7;10/10/2024;19/09/2058;10/10/2024;10/10/2024;
5zSfUONvk5dx;3000000186;5513;8;giangptc;VND;Dài h?n;6,7;19/12/2024;20/12/2049;19/12/2024;19/12/2024;
DvSUJBctvAF3;3000000310;5513;8;giangptc;VND;Dài h?n;7;08/12/2023;05/12/2046;08/12/2023;08/12/2023;
Z2bm5lwPwWD4;3000000317;5508;8;giangptc;VND;Dài h?n;6,7;08/08/2025;08/08/2045;08/08/2025;08/08/2025;
TC3xxgBo1Usq;3000000427;8609;8;giangptc;VND;Ng?n h?n;5,5;25/07/2025;26/01/2026;25/07/2025;25/07/2025;
EDFXpxHA2wSF;3000000485;5513;8;giangptc;VND;Dài h?n;6,7;15/10/2024;14/10/2053;15/10/2024;15/10/2024;
RdADtsAcWQAg;3000000485;5513;8;giangptc;VND;Dài h?n;6,5;24/10/2024;14/10/2053;24/10/2024;24/10/2024;
lQJxnDrtQsxG;3000000528;5513;8;giangptc;VND;Dài h?n;6,7;06/08/2025;05/08/2060;07/08/2025;07/08/2025;
Mc0Gq2bAEyKd;3000000548;5513;8;giangptc;VND;Dài h?n;6,5;19/05/2025;18/05/2050;19/05/2025;19/05/2025;
yY24BK55aXsm;3000000554;5513;8;giangptc;VND;Dài h?n;6,7;21/03/2025;20/03/2053;21/03/2025;21/03/2025;
t7QuOqwjdFfR;3000000643;5513;8;giangptc;VND;Dài h?n;4,9;26/01/2024;22/01/2049;26/01/2024;26/01/2024;
zYLtvQVts2Bg;3000000831;5508;8;giangptc;VND;Dài h?n;5,5;28/04/2022;30/04/2057;28/04/2022;28/04/2022;
LiHtsOEePtrn;3000000833;5508;8;giangptc;VND;Dài h?n;6,7;30/05/2025;25/05/2060;30/05/2025;30/05/2025;
1VUE4DEEIhqq;3000000849;5513;8;giangptc;VND;Dài h?n;6;30/05/2025;05/10/2032;30/05/2025;30/05/2025;
biCb6j5Fhis9;3000000849;5513;8;giangptc;VND;Dài h?n;6;10/06/2025;05/10/2032;10/06/2025;10/06/2025;
pjafFKhiZi1R;3000000849;5513;8;giangptc;VND;Dài h?n;6;11/09/2025;05/10/2032;11/09/2025;11/09/2025;
lPFeglmcQ3Ea;3000000849;5513;8;giangptc;VND;Dài h?n;6;10/07/2025;05/10/2032;10/07/2025;10/07/2025;
BPP6ObfVpNHV;3000000849;5513;8;giangptc;VND;Dài h?n;6;13/08/2025;05/10/2032;13/08/2025;13/08/2025;
geH0OR3J6CBE;3000000849;8724;8;giangptc;VND;Dài h?n;6;11/09/2025;05/10/2032;11/09/2025;11/09/2025;
PMCNvnV4kQSb;3000000849;8724;8;giangptc;VND;Dài h?n;6;11/09/2025;05/10/2032;11/09/2025;11/09/2025;
Px3BzhACBoyA;3000000849;8724;8;giangptc;VND;Dài h?n;6;10/06/2025;05/10/2032;10/06/2025;10/06/2025;
g3BCknY53wUl;3000000849;8724;8;giangptc;VND;Dài h?n;6;10/07/2025;05/10/2032;10/07/2025;10/07/2025;
6cR4QdIwuhli;3000000849;8724;8;giangptc;VND;Dài h?n;6;30/05/2025;05/10/2032;30/05/2025;30/05/2025;
aCT5OLDzV55S;3000000849;8724;8;giangptc;VND;Dài h?n;6;13/08/2025;05/10/2032;13/08/2025;13/08/2025;
pIoNFQqrfx6U;3000000874;5513;8;giangptc;VND;Dài h?n;11;30/11/2020;30/11/2040;30/11/2020;30/11/2020;
ofhMwAi169rC;3000000970;5508;8;giangptc;VND;Dài h?n;4,9;25/03/2025;05/03/2060;25/03/2025;25/03/2025;
OixdwVQmnqwU;3000001059;5513;8;giangptc;VND;Dài h?n;11;29/09/2023;29/09/2043;29/09/2023;29/09/2023;
fvUHc9qVrSFe;3000001150;5508;8;giangptc;VND;Dài h?n;6,7;04/07/2025;22/06/2054;04/07/2025;04/07/2025;
WuTFGfNqYjaZ;3000001168;5513;8;giangptc;VND;Dài h?n;11;08/11/2024;14/11/2058;08/11/2024;08/11/2024;
cuusKjpTEJix;3000001168;5513;8;giangptc;VND;Dài h?n;11;16/11/2023;14/11/2058;16/11/2023;16/11/2023;
dJ9DEk4LgCjw;3000001184;5508;8;giangptc;VND;Dài h?n;8,7;04/12/2023;04/12/2043;04/12/2023;04/12/2023;
CTqr3seWfZBg;3000001198;5513;8;giangptc;VND;Dài h?n;7;08/12/2023;08/12/2043;08/12/2023;08/12/2023;
UIVg7gds1CaL;3000001330;5513;8;giangptc;VND;Dài h?n;6,7;19/12/2024;05/02/2049;19/12/2024;19/12/2024;
UWEidVJquSHM;3000001330;5513;8;giangptc;VND;Dài h?n;7;06/02/2024;05/02/2049;06/02/2024;06/02/2024;
fDCFgGrh6YNn;3000001436;5513;8;giangptc;VND;Dài h?n;6,5;26/06/2024;22/06/2057;26/06/2024;26/06/2024;
gaAdMAjQOsIe;3000001476;5513;8;giangptc;VND;Dài h?n;6,7;29/07/2024;25/07/2057;29/07/2024;29/07/2024;
rAv0DU2myHok;3000001487;5513;8;giangptc;VND;Dài h?n;6,7;28/08/2024;22/08/2044;28/08/2024;28/08/2024;
AUkiK2lPPLPv;3000001487;5513;8;giangptc;VND;Dài h?n;6,7;11/10/2024;22/08/2044;11/10/2024;11/10/2024;
sT2yBkydcxkK;3000001539;5513;8;giangptc;VND;Dài h?n;6,5;17/10/2024;06/10/2056;17/10/2024;17/10/2024;
ynBYCFhgrDuO;3000001539;5513;8;giangptc;VND;Dài h?n;6,7;07/10/2024;06/10/2056;07/10/2024;07/10/2024;
GYhfRdcF1pG8;3000001561;5513;8;giangptc;VND;Dài h?n;6,5;27/11/2024;22/10/2057;27/11/2024;27/11/2024;
PCemRKeqBGQy;3000001561;5513;8;giangptc;VND;Dài h?n;6,5;01/11/2024;22/10/2057;01/11/2024;01/11/2024;
0Go5GXDFl4wf;3000001573;5513;8;giangptc;VND;Dài h?n;6,5;12/12/2024;03/12/2047;12/12/2024;12/12/2024;
kzy4bEzsKn6r;3000001573;5513;8;giangptc;VND;Dài h?n;6,5;04/12/2024;03/12/2047;04/12/2024;04/12/2024;
3OILJu4JjzUl;3000001578;5513;8;giangptc;VND;Dài h?n;6,5;05/12/2024;20/11/2059;05/12/2024;05/12/2024;
Qmk4eMzcdDqU;3000001578;5513;8;giangptc;VND;Dài h?n;6,5;26/11/2024;20/11/2059;26/11/2024;26/11/2024;
Y8GAPl4VIXOs;3000001647;5513;8;giangptc;VND;Dài h?n;7;27/08/2025;26/08/2037;27/08/2025;27/08/2025;
Jyku3AowEVPJ;3000001648;5513;8;giangptc;VND;Dài h?n;7;22/08/2025;22/08/2045;22/08/2025;22/08/2025;
1Kl1qrSAQ8sc;3000001654;5513;8;giangptc;VND;Dài h?n;7;27/08/2025;25/08/2055;27/08/2025;27/08/2025;
jfIBudmBVb8J;3000001674;5513;8;giangptc;VND;Dài h?n;6,5;26/08/2025;21/08/2056;26/08/2025;26/08/2025;
S462fQ5Lttmb;3000001744;5513;8;giangptc;VND;Dài h?n;4,4;16/10/2018;12/10/2038;16/10/2018;16/10/2018;
kHxKq1UcN1ix;3000000326;8000;6;han.htb;VND;Ng?n h?n;6,3;28/11/2025;28/05/2026;28/11/2025;28/11/2025;
IMl3KZF51sAx;3000000326;8000;6;han.htb;VND;Ng?n h?n;6,3;28/11/2025;28/05/2026;28/11/2025;28/11/2025;
lVTtdaPjqm5d;3000000326;8000;6;han.htb;VND;Ng?n h?n;6,3;20/11/2025;20/05/2026;20/11/2025;20/11/2025;
RyCbDxQysvDM;3000000380;8000;6;han.htb;VND;Ng?n h?n;6,3;28/08/2025;02/03/2026;28/08/2025;28/08/2025;
SUcmgmRKYiBG;3000000380;8000;6;han.htb;VND;Ng?n h?n;6,3;15/08/2025;16/02/2026;15/08/2025;15/08/2025;
CHGZdHDViKoR;3000000380;8000;6;han.htb;VND;Ng?n h?n;6,3;27/10/2025;27/04/2026;27/10/2025;27/10/2025;
mkHp15WAxSUr;3000000380;8000;6;han.htb;VND;Ng?n h?n;6,3;16/09/2025;16/03/2026;16/09/2025;16/09/2025;
Bu3j5kmKR4v7;3000000380;8000;6;han.htb;VND;Ng?n h?n;6,3;25/09/2025;25/03/2026;25/09/2025;25/09/2025;
2zfXcM45UZJ7;3000000380;8000;6;han.htb;VND;Ng?n h?n;6,3;17/11/2025;18/05/2026;17/11/2025;17/11/2025;
DnPyAUJxHaoJ;3000000380;8000;6;han.htb;VND;Ng?n h?n;6,3;29/08/2025;02/03/2026;29/08/2025;29/08/2025;
0WscTuHk8W00;3000000380;8000;6;han.htb;VND;Ng?n h?n;6,3;17/09/2025;17/03/2026;17/09/2025;17/09/2025;
7glhVL7CxgoQ;3000000380;8000;6;han.htb;VND;Ng?n h?n;6,3;17/10/2025;17/04/2026;17/10/2025;17/10/2025;
gpR80wS1aKqw;3000000380;8000;6;han.htb;VND;Ng?n h?n;6,3;29/10/2025;29/04/2026;29/10/2025;29/10/2025;
g5BE6kGWQW7f;3000000380;8000;6;han.htb;VND;Ng?n h?n;6,3;06/11/2025;06/05/2026;06/11/2025;06/11/2025;
jcwxg4BKqKkr;3000000380;8000;6;han.htb;VND;Ng?n h?n;6,3;24/11/2025;25/05/2026;24/11/2025;24/11/2025;
aV5HEpgRLq9L;3000000380;8000;6;han.htb;VND;Ng?n h?n;6,3;19/09/2025;19/03/2026;19/09/2025;19/09/2025;
Qtln014xuWHP;3000000380;8000;6;han.htb;VND;Ng?n h?n;6,3;18/08/2025;18/02/2026;18/08/2025;18/08/2025;
ElnuW9EiRa3K;3000000380;8000;6;han.htb;VND;Ng?n h?n;6,3;15/10/2025;15/04/2026;15/10/2025;15/10/2025;
mwTVFMjXcJC5;3000000424;8000;6;han.htb;VND;Ng?n h?n;6,3;25/06/2025;25/12/2025;25/06/2025;25/06/2025;
DRZVRFLyj5ef;3000000424;8000;6;han.htb;VND;Ng?n h?n;6,3;26/08/2025;26/02/2026;26/08/2025;26/08/2025;
ll8aLfeapILf;3000000424;8000;6;han.htb;VND;Ng?n h?n;6,3;30/09/2025;30/03/2026;30/09/2025;30/09/2025;
dqqlEjvuoKk9;3000000424;8000;6;han.htb;VND;Ng?n h?n;6,3;19/11/2025;19/05/2026;19/11/2025;19/11/2025;
c5ATmwasqQKq;3000000424;8000;6;han.htb;VND;Ng?n h?n;6,3;15/07/2025;15/01/2026;15/07/2025;15/07/2025;
4Y2oQPanjRzK;3000000424;8000;6;han.htb;VND;Ng?n h?n;6,3;29/08/2025;02/03/2026;29/08/2025;29/08/2025;
DZQiUZYAETjn;3000000424;8000;6;han.htb;VND;Ng?n h?n;6,3;26/08/2025;26/02/2026;26/08/2025;26/08/2025;
FV2DrUncHZ89;3000000424;8000;6;han.htb;VND;Ng?n h?n;6,3;07/11/2025;07/05/2026;07/11/2025;07/11/2025;
cZG6UHMCuGPb;3000000424;8000;6;han.htb;VND;Ng?n h?n;6,3;09/09/2025;09/03/2026;09/09/2025;09/09/2025;
QnOpMrbB3JQ5;3000000424;8000;6;han.htb;VND;Ng?n h?n;6,3;27/11/2025;27/05/2026;27/11/2025;27/11/2025;
9PLlO2zHqBBg;3000000424;8000;6;han.htb;VND;Ng?n h?n;6,3;09/09/2025;09/03/2026;09/09/2025;09/09/2025;
q4ynXY74tPyD;3000000424;8000;6;han.htb;VND;Ng?n h?n;6,3;09/09/2025;09/03/2026;09/09/2025;09/09/2025;
9K85kb1htrZK;3000000424;8000;6;han.htb;VND;Ng?n h?n;6,3;18/11/2025;18/05/2026;18/11/2025;18/11/2025;
ldXl1ZtYJj6x;3000000424;8000;6;han.htb;VND;Ng?n h?n;6,3;23/06/2025;23/12/2025;23/06/2025;23/06/2025;
7p9u0orfJRfP;3000000424;8000;6;han.htb;VND;Ng?n h?n;6,3;01/10/2025;01/04/2026;01/10/2025;01/10/2025;
3c9TuaQgee1e;3000000424;8000;6;han.htb;VND;Ng?n h?n;6,3;09/10/2025;09/04/2026;09/10/2025;09/10/2025;
AVS9WnTDgEw3;3000000424;8000;6;han.htb;VND;Ng?n h?n;6,3;28/10/2025;28/04/2026;28/10/2025;28/10/2025;
JtUI2mZJyiCq;3000000424;8000;6;han.htb;VND;Ng?n h?n;6,3;05/11/2025;05/05/2026;05/11/2025;05/11/2025;
VeRhKwLV4USW;3000000424;8000;6;han.htb;VND;Ng?n h?n;6,3;23/06/2025;23/12/2025;23/06/2025;23/06/2025;
UhZIZhkpvhSj;3000000424;8000;6;han.htb;VND;Ng?n h?n;6,3;27/08/2025;27/02/2026;27/08/2025;27/08/2025;
siTT6SEvqIEa;3000000424;8000;6;han.htb;VND;Ng?n h?n;6,3;07/10/2025;07/04/2026;07/10/2025;07/10/2025;
IS1HEF1aQDz7;3000000424;8000;6;han.htb;VND;Ng?n h?n;6,3;11/09/2025;11/03/2026;11/09/2025;11/09/2025;
086XdnYSpDhy;3000000424;8000;6;han.htb;VND;Ng?n h?n;6,3;17/11/2025;18/05/2026;17/11/2025;17/11/2025;
wjW3sTihb9VO;3000000424;8000;6;han.htb;VND;Ng?n h?n;6,3;25/11/2025;25/05/2026;25/11/2025;25/11/2025;
aozAiQdWtYxK;3000000424;8000;6;han.htb;VND;Ng?n h?n;6,3;31/07/2025;02/02/2026;31/07/2025;31/07/2025;
0dVbEFbdUUnd;3000000424;8000;6;han.htb;VND;Ng?n h?n;6,3;15/09/2025;16/03/2026;15/09/2025;15/09/2025;
leXA3ovfJTCF;3000000424;8000;6;han.htb;VND;Ng?n h?n;6,3;17/11/2025;18/05/2026;17/11/2025;17/11/2025;
au0YaVdDKQGY;3000000424;8000;6;han.htb;VND;Ng?n h?n;6,3;20/06/2025;22/12/2025;20/06/2025;20/06/2025;
Ua8gkOQvxAQ5;3000000424;8000;6;han.htb;VND;Ng?n h?n;6,3;21/08/2025;23/02/2026;21/08/2025;21/08/2025;
grGg9Th1bk5A;3000000424;8000;6;han.htb;VND;Ng?n h?n;6,3;12/11/2025;12/05/2026;12/11/2025;12/11/2025;
rfUrby3BYSoA;3000000426;8000;6;han.htb;VND;Ng?n h?n;6;30/10/2025;30/04/2026;30/10/2025;30/10/2025;
5UYLVJWGRFfB;3000000426;8000;6;han.htb;VND;Ng?n h?n;6;17/10/2025;17/04/2026;17/10/2025;17/10/2025;
LtUXhMHeWBmY;3000000426;8000;6;han.htb;VND;Ng?n h?n;6;23/10/2025;23/04/2026;23/10/2025;23/10/2025;
AqpCMprhJXIF;3000000426;8000;6;han.htb;VND;Ng?n h?n;6,3;13/11/2025;13/05/2026;13/11/2025;13/11/2025;
faCQWhzCu890;3000000426;8000;6;han.htb;VND;Ng?n h?n;6;28/10/2025;28/04/2026;28/10/2025;28/10/2025;
C7OUBLzYtHur;3000000426;8000;6;han.htb;VND;Ng?n h?n;6;10/10/2025;10/04/2026;10/10/2025;10/10/2025;
tsohlilplmCH;3000000426;8000;6;han.htb;VND;Ng?n h?n;6;15/10/2025;15/04/2026;15/10/2025;15/10/2025;
t8npC59cdOyG;3000000426;8000;6;han.htb;VND;Ng?n h?n;6;15/10/2025;15/04/2026;15/10/2025;15/10/2025;
nKD7H6cgcOIo;3000000426;8000;6;han.htb;VND;Ng?n h?n;6,3;26/11/2025;26/05/2026;26/11/2025;26/11/2025;
71YBnxkobXPQ;3000000883;7200;12;haontn;VND;Ng?n h?n;5;30/07/2025;01/12/2025;30/07/2025;30/07/2025;
fDq5Y7xefa3B;3000000883;7200;12;haontn;VND;Ng?n h?n;5;13/08/2025;15/12/2025;13/08/2025;13/08/2025;
u5Gsz42gVfzH;3000001112;8000;12;haontn;VND;Ng?n h?n;4,3;29/09/2025;29/01/2026;29/09/2025;29/09/2025;
ECVKDfqsksAC;3000001164;8000;12;haontn;VND;Ng?n h?n;6,8;24/11/2025;25/05/2026;24/11/2025;24/11/2025;
Tv8xe8sFxnZN;3000001164;8000;12;haontn;VND;Ng?n h?n;6,8;25/11/2025;25/05/2026;25/11/2025;25/11/2025;
ZHnG0fhhKjUp;3000001164;8000;12;haontn;VND;Ng?n h?n;5,5;05/08/2025;05/02/2026;05/08/2025;05/08/2025;
1tTqWBHziVD3;3000001164;8000;12;haontn;VND;Ng?n h?n;5,8;17/10/2025;17/04/2026;17/10/2025;17/10/2025;
EQOPbNPAoItd;3000001164;8000;12;haontn;VND;Ng?n h?n;6,8;24/10/2025;24/04/2026;24/10/2025;24/10/2025;
Lo0CRpIrXrSW;3000001164;8000;12;haontn;VND;Ng?n h?n;6,8;05/11/2025;05/05/2026;05/11/2025;05/11/2025;
lcVgSt7nMlLj;3000001164;8000;12;haontn;VND;Ng?n h?n;6,8;07/11/2025;07/05/2026;07/11/2025;07/11/2025;
BFkLZ76sSRmN;3000001164;8000;12;haontn;VND;Ng?n h?n;5,5;15/08/2025;16/02/2026;15/08/2025;15/08/2025;
8E3jRENBJCx7;3000001164;8000;12;haontn;VND;Ng?n h?n;6,8;19/11/2025;19/05/2026;19/11/2025;19/11/2025;
BuoUCnFIzAbA;3000001164;8000;12;haontn;VND;Ng?n h?n;5,5;05/09/2025;05/03/2026;05/09/2025;05/09/2025;
9Vl6E6uz9l66;3000001164;8000;12;haontn;VND;Ng?n h?n;6,8;22/10/2025;22/04/2026;22/10/2025;22/10/2025;
wUMZCMLU9QMO;3000001164;8000;12;haontn;VND;Ng?n h?n;5,5;27/08/2025;27/02/2026;27/08/2025;27/08/2025;
g5aTiERvBhCx;3000001164;8000;12;haontn;VND;Ng?n h?n;5,5;09/09/2025;09/03/2026;09/09/2025;09/09/2025;
FtNpdbug2p6c;3000001164;8000;12;haontn;VND;Ng?n h?n;5,5;23/09/2025;23/03/2026;23/09/2025;23/09/2025;
5EflJ45Fw3kD;3000001164;8000;12;haontn;VND;Ng?n h?n;5,5;06/10/2025;06/04/2026;06/10/2025;06/10/2025;
xE8DQAqAjMS1;3000001164;8000;12;haontn;VND;Ng?n h?n;5,5;29/08/2025;02/03/2026;29/08/2025;29/08/2025;
LvucCUF9MMAC;3000001164;8000;12;haontn;VND;Ng?n h?n;5,5;07/10/2025;07/04/2026;07/10/2025;07/10/2025;
HG6QnV4CIvu6;3000001164;8000;12;haontn;VND;Ng?n h?n;5,5;19/08/2025;19/02/2026;19/08/2025;19/08/2025;
SoXc7mn6GgeT;3000001164;8000;12;haontn;VND;Ng?n h?n;5,5;25/08/2025;25/02/2026;25/08/2025;25/08/2025;
MoeeLOTSLa38;3000001164;8000;12;haontn;VND;Ng?n h?n;5,5;27/08/2025;27/02/2026;27/08/2025;27/08/2025;
fG4dmdLDLxdj;3000001164;8000;12;haontn;VND;Ng?n h?n;5,5;16/09/2025;16/03/2026;16/09/2025;16/09/2025;
KXXRkQifnNd4;3000001164;8000;12;haontn;VND;Ng?n h?n;5,5;30/09/2025;30/03/2026;30/09/2025;30/09/2025;
3o04Zgk6BFeG;3000001164;8000;12;haontn;VND;Ng?n h?n;6,8;03/11/2025;04/05/2026;03/11/2025;03/11/2025;
BCp9pjECE97x;3000001164;8000;12;haontn;VND;Ng?n h?n;6,8;14/11/2025;14/05/2026;14/11/2025;14/11/2025;
cREr2X76Bqgu;3000001164;8057;12;haontn;VND;Dài h?n;6,5;17/10/2024;26/09/2033;17/10/2024;17/11/2025;
J5jJuTnz0vYF;3000001164;8000;12;haontn;VND;Ng?n h?n;5,5;13/08/2025;13/02/2026;13/08/2025;13/08/2025;
tXacGQnKxFdj;3000001164;8000;12;haontn;VND;Ng?n h?n;5,5;05/09/2025;05/03/2026;05/09/2025;05/09/2025;
nfYAVpM0RKxD;3000001164;8000;12;haontn;VND;Ng?n h?n;6,8;29/10/2025;29/04/2026;29/10/2025;29/10/2025;
pTuW5CTP6Lfn;3000001164;8000;12;haontn;VND;Ng?n h?n;6,8;11/11/2025;11/05/2026;11/11/2025;11/11/2025;
JGEvzEtGoOsc;3000001164;8000;12;haontn;VND;Ng?n h?n;6,8;28/11/2025;28/05/2026;28/11/2025;28/11/2025;
C32s1ppFv8Du;3000001164;8000;12;haontn;VND;Ng?n h?n;5,5;19/09/2025;19/03/2026;19/09/2025;19/09/2025;
dFWzr4clJxeM;3000001164;8000;12;haontn;VND;Ng?n h?n;5,5;26/09/2025;26/03/2026;26/09/2025;26/09/2025;
FsgCLvroPhiv;3000001164;8000;12;haontn;VND;Ng?n h?n;5,5;14/10/2025;14/04/2026;14/10/2025;14/10/2025;
JPATBYBq4nWJ;3000001344;8057;12;haontn;VND;Dài h?n;7,2;26/06/2024;26/06/2036;26/06/2024;29/09/2025;
GeqUcJGzF5mW;3000000345;8000;6;hienttt2;VND;Ng?n h?n;5,7;24/10/2025;24/04/2026;24/10/2025;24/10/2025;
SeyFoPpWJYlQ;3000000348;8057;6;hienttt2;VND;Dài h?n;7,18;24/04/2024;02/01/2034;24/04/2024;24/04/2024;
3Cqk556xbght;3000000419;8000;6;hienttt2;VND;Ng?n h?n;4,3;27/08/2025;27/02/2026;27/08/2025;27/08/2025;
0rQN3pvrXOeG;3000000419;8000;6;hienttt2;VND;Ng?n h?n;4,3;28/08/2025;02/03/2026;28/08/2025;28/08/2025;
80LMhO3t8IW8;3000000475;8057;6;hienttt2;VND;Dài h?n;8;25/08/2017;25/05/2028;25/08/2017;30/11/2017;
wJczmhtrSSjL;3000000091;5508;15;hieu.ht;VND;Dài h?n;4,9;01/11/2023;24/07/2052;01/11/2023;01/11/2023;
HQvr0lSiEqF7;3000000098;5508;15;hieu.ht;VND;Dài h?n;4,9;10/10/2023;06/10/2053;10/10/2023;10/10/2023;
HgKZqzAPFfw9;3000000101;5508;15;hieu.ht;VND;Dài h?n;5;22/05/2020;14/05/2040;22/05/2020;22/05/2020;
rsuyVGCZ5HZW;3000000282;5508;15;hieu.ht;VND;Dài h?n;4,9;31/01/2024;20/01/2044;31/01/2024;31/01/2024;
0D8kjp6UV51M;3000000282;5508;15;hieu.ht;VND;Dài h?n;4,9;19/06/2025;21/03/2044;19/06/2025;19/06/2025;
coIAj0QWcwFv;3000000538;5508;15;hieu.ht;VND;Dài h?n;4,9;05/06/2024;05/05/2059;05/06/2024;05/06/2024;
35nNBueWcg0e;3000000598;5508;15;hieu.ht;VND;Dài h?n;6,7;21/06/2024;18/05/2046;21/06/2024;21/06/2024;
C7nO4fUcXNvv;3000000669;5508;15;hieu.ht;VND;Dài h?n;11;25/05/2022;26/05/2042;25/05/2022;25/05/2022;
2pPvbPxuBKKy;3000000669;5508;15;hieu.ht;VND;Dài h?n;6,7;14/04/2025;15/04/2041;14/04/2025;14/04/2025;
FeiUBK2Wk9I8;3000000669;5508;15;hieu.ht;VND;Dài h?n;6,8;13/03/2024;20/02/2041;13/03/2024;13/03/2024;
oyzQtlyWkXoA;3000000708;5558;15;hieu.ht;VND;Dài h?n;11;14/07/2022;14/07/2042;14/07/2022;14/07/2022;
BSfDiXLpobnd;3000000710;5508;15;hieu.ht;VND;Dài h?n;11;18/11/2020;16/11/2040;18/11/2020;18/11/2020;
SDBvaXK3FLPW;3000000799;5508;15;hieu.ht;VND;Dài h?n;6,7;01/07/2024;25/12/2048;01/07/2024;01/07/2024;
cOvITThHSUMs;3000000848;5508;15;hieu.ht;VND;Dài h?n;6,8;15/03/2024;15/03/2057;15/03/2024;15/03/2024;
7xVxtCIRA8uR;3000000848;5508;15;hieu.ht;VND;Dài h?n;4,9;15/03/2024;15/03/2057;15/03/2024;15/03/2024;
AYLHzdHkqqCx;3000000877;5508;15;hieu.ht;VND;Dài h?n;6,7;08/04/2025;10/03/2051;08/04/2025;08/04/2025;
kehWafCxtHiG;3000001002;5508;15;hieu.ht;VND;Dài h?n;7,5;17/03/2022;10/03/2042;17/03/2022;17/03/2022;
M6nefGNMykCi;3000001002;5508;15;hieu.ht;VND;Dài h?n;7,5;19/05/2022;19/05/2050;19/05/2022;19/05/2022;
gEIg4kizg5Eb;3000001020;5508;15;hieu.ht;VND;Dài h?n;11;06/06/2022;26/05/2042;06/06/2022;06/06/2022;
aamBg5vFFx04;3000001153;8000;15;hieu.ht;VND;Ng?n h?n;9,5;21/10/2025;21/07/2026;21/10/2025;21/10/2025;
qTpSwsBmzXf3;3000001153;8000;15;hieu.ht;VND;Ng?n h?n;9,5;15/10/2025;15/07/2026;15/10/2025;15/10/2025;
D8H1dsJvlXps;3000001172;5513;15;hieu.ht;VND;Dài h?n;11;27/11/2023;27/11/2045;27/11/2023;27/11/2023;
WY9Udl7tEeAl;3000001292;5508;15;hieu.ht;VND;Dài h?n;6,7;14/11/2024;10/11/2056;14/11/2024;14/11/2024;
vd1KqFhslHzy;3000001292;5582;15;hieu.ht;VND;Dài h?n;6,8;18/01/2024;17/01/2056;18/01/2024;18/01/2024;
3xcm1XApA14M;3000001323;5508;15;hieu.ht;VND;Dài h?n;6,7;23/04/2024;07/04/2059;23/04/2024;23/04/2024;
VTdHmgXFwfAu;3000001324;5513;15;hieu.ht;VND;Dài h?n;7;05/02/2024;05/01/2044;05/02/2024;05/02/2024;
xdSrkWH9Qs6L;3000001477;5508;15;hieu.ht;VND;Dài h?n;6,7;28/08/2024;15/11/2057;28/08/2024;28/08/2024;
oE4MmOGZAlvF;3000001537;5508;15;hieu.ht;VND;Dài h?n;6,7;04/11/2024;06/10/2053;04/11/2024;04/11/2024;
XB1lm4T75iwv;3000001537;5588;15;hieu.ht;VND;Dài h?n;6,7;08/01/2025;05/12/2053;08/01/2025;08/01/2025;
VLlwQW8wGlcz;3000001617;5588;15;hieu.ht;VND;Dài h?n;6,7;17/03/2025;06/03/2051;17/03/2025;17/03/2025;
M6CkRCELYra4;3000001658;8000;15;hieu.ht;VND;Ng?n h?n;8,1;13/08/2025;13/05/2026;13/08/2025;13/08/2025;
n1s9FAFU7cd0;3000001658;8000;15;hieu.ht;VND;Ng?n h?n;8,1;11/08/2025;11/05/2026;11/08/2025;11/08/2025;
Um65Qjm97F6m;3000001669;5508;15;hieu.ht;VND;Dài h?n;6,7;11/09/2025;25/08/2048;11/09/2025;11/09/2025;
3j8lwUOdIzLi;3000001669;5508;15;hieu.ht;VND;Dài h?n;7;05/11/2025;26/10/2048;05/11/2025;05/11/2025;
PGEXEJinGtg4;3000001669;5508;15;hieu.ht;VND;Dài h?n;6,7;02/10/2025;25/08/2048;02/10/2025;02/10/2025;
AlTeZkLGV18h;3000001669;5508;15;hieu.ht;VND;Dài h?n;7;10/11/2025;26/10/2048;10/11/2025;10/11/2025;
WTvW8mmqHFwX;3000001699;5508;15;hieu.ht;VND;Dài h?n;8,7;28/11/2025;25/10/2060;28/11/2025;28/11/2025;
ACCE8qWyqkTP;3000001771;5508;15;hieu.ht;VND;Dài h?n;11;29/11/2017;29/11/2035;29/11/2017;29/11/2017;
G1OhwJpetg79;3000001771;5508;15;hieu.ht;VND;Dài h?n;6,7;04/12/2024;05/11/2054;04/12/2024;04/12/2024;
aTmVnUYBY650;3000000020;5508;13;hieu.pv;VND;Dài h?n;11;31/10/2024;01/11/2032;31/10/2024;31/10/2024;
bLIEPRzdWqjq;3000000067;5508;13;hieu.pv;VND;Dài h?n;4,9;20/03/2025;20/02/2048;20/03/2025;20/03/2025;
vUXjHIfJ1EPG;3000000085;5508;13;hieu.pv;VND;Dài h?n;11;28/06/2021;28/06/2041;28/06/2021;28/06/2021;
HXiJ6vk4IYBA;3000000121;7200;13;hieu.pv;VND;Ng?n h?n;1;18/08/2025;10/02/2026;18/08/2025;18/08/2025;
v3QAPhWuJkYl;3000000121;7228;13;hieu.pv;VND;Ng?n h?n;3;01/08/2025;30/01/2026;01/08/2025;01/08/2025;
xfszxHfIv3y1;3000000121;7200;13;hieu.pv;VND;Ng?n h?n;1;01/08/2025;30/01/2026;01/08/2025;01/08/2025;
G72DVtEBNB0H;3000000152;5523;13;hieu.pv;VND;Dài h?n;4,9;08/08/2024;25/07/2031;08/08/2024;08/08/2024;
3WJKUeSX9jjU;3000000210;8609;13;hieu.pv;VND;Ng?n h?n;6,7;11/11/2025;13/04/2026;11/11/2025;11/11/2025;
D9GpGenc4aRW;3000000210;8609;13;hieu.pv;VND;Ng?n h?n;6;28/08/2025;02/03/2026;28/08/2025;28/08/2025;
Ttr0z9FLZl18;3000000210;8609;13;hieu.pv;VND;Ng?n h?n;6;25/08/2025;25/02/2026;25/08/2025;25/08/2025;
5eWD1Lm3VXFE;3000000266;8615;13;hieu.pv;VND;Ng?n h?n;7;30/05/2025;01/12/2025;30/05/2025;30/05/2025;
56OxTEMW2jtf;3000000266;8615;13;hieu.pv;VND;Ng?n h?n;7;12/06/2025;12/12/2025;12/06/2025;12/06/2025;
TEHMII7CGsP2;3000000453;8000;13;hieu.pv;VND;Ng?n h?n;7,5;03/10/2025;03/04/2026;03/10/2025;03/10/2025;
E2YkDRglRJiK;3000000453;8000;13;hieu.pv;VND;Ng?n h?n;7,5;07/10/2025;07/04/2026;07/10/2025;07/10/2025;
TE3igFVCQGid;3000000453;8000;13;hieu.pv;VND;Ng?n h?n;7,5;08/10/2025;08/04/2026;08/10/2025;08/10/2025;
0nLHkqNlar1r;3000000453;8000;13;hieu.pv;VND;Ng?n h?n;7,5;09/10/2025;09/04/2026;09/10/2025;09/10/2025;
h8VqtOkMydkN;3000000509;5513;13;hieu.pv;VND;Dài h?n;7;12/12/2023;12/03/2036;12/12/2023;12/12/2023;
lRg8pRx154B3;3000000509;5513;13;hieu.pv;VND;Dài h?n;6,7;04/12/2024;12/03/2036;04/12/2024;04/12/2024;
Uf4awF772Cok;3000000541;5513;13;hieu.pv;VND;Dài h?n;6,7;18/11/2024;05/12/2058;18/11/2024;18/11/2024;
IAt8S1Xe3z9o;3000000541;5513;13;hieu.pv;VND;Dài h?n;7;12/12/2023;12/12/2058;12/12/2023;12/12/2023;
vDkjo7pAlTxh;3000000671;5513;13;hieu.pv;VND;Dài h?n;9;21/08/2017;21/08/2036;21/08/2017;;
C6SSk5WWaWkT;3000000780;5588;13;hieu.pv;VND;Dài h?n;6,7;19/04/2024;19/04/2049;19/04/2024;19/04/2024;
MZpPAPO000BH;3000000836;5508;13;hieu.pv;VND;Dài h?n;9;09/08/2019;20/07/2039;12/08/2019;12/08/2019;
TjG0UNFcr6DE;3000000854;5508;13;hieu.pv;VND;Dài h?n;11;11/11/2019;11/11/2039;11/11/2019;11/11/2019;
nCmH9gNz607q;3000000879;5508;13;hieu.pv;VND;Dài h?n;11;05/06/2020;04/06/2040;05/06/2020;05/06/2020;
I2CIw00t5GgK;3000000898;5508;13;hieu.pv;VND;Dài h?n;4,9;02/11/2023;04/11/2058;02/11/2023;02/11/2023;
7Gw0XsWvBHDm;3000000908;5558;13;hieu.pv;VND;Dài h?n;6,7;18/03/2024;18/07/2042;18/03/2024;18/03/2024;
Dt4WaMIOEgho;3000000957;5508;13;hieu.pv;VND;Dài h?n;11;13/05/2021;25/04/2041;13/05/2021;13/05/2021;
bxB7vH8luU1Z;3000000965;5508;13;hieu.pv;VND;Dài h?n;9;26/04/2022;25/04/2042;26/04/2022;26/04/2022;
uFpcs3srl4i7;3000000965;5585;13;hieu.pv;VND;Dài h?n;9;03/08/2023;02/08/2030;03/08/2023;03/08/2023;
p481i8Y0PmBR;3000000965;5558;13;hieu.pv;VND;Dài h?n;6,7;13/05/2024;25/04/2044;13/05/2024;13/05/2024;
KcgrQRsQdFaT;3000000990;5508;13;hieu.pv;VND;Dài h?n;6,5;16/11/2021;25/10/2041;16/11/2021;16/11/2021;
asWnoDheLESm;3000000990;5508;13;hieu.pv;VND;Dài h?n;6,5;04/04/2022;04/04/2042;04/04/2022;04/04/2022;
Sb3FyYwh41Ek;3000001076;8609;13;hieu.pv;VND;Ng?n h?n;6;25/08/2025;25/02/2026;25/08/2025;25/08/2025;
8U8bRaefpH5b;3000001076;8609;13;hieu.pv;VND;Ng?n h?n;6,7;11/11/2025;13/04/2026;11/11/2025;11/11/2025;
yERgK7zL51bu;3000001076;8609;13;hieu.pv;VND;Ng?n h?n;6,7;10/11/2025;10/04/2026;10/11/2025;10/11/2025;
C2698PzFfayF;3000001076;8609;13;hieu.pv;VND;Ng?n h?n;6;21/08/2025;23/02/2026;21/08/2025;21/08/2025;
0TzLueVUdwAH;3000001095;5513;13;hieu.pv;VND;Dài h?n;11;07/04/2023;07/04/2048;07/04/2023;07/04/2023;
FUVoEgjpdEyx;3000001104;7228;13;hieu.pv;VND;Ng?n h?n;7;26/11/2025;02/12/2025;26/11/2025;26/11/2025;
4ouiLLA1RjaA;3000001123;5513;13;hieu.pv;VND;Dài h?n;11;07/07/2023;07/07/2033;07/07/2023;07/07/2023;
yUW69DIMuPPq;3000001135;5508;13;hieu.pv;VND;Dài h?n;8;24/08/2023;24/08/2050;24/08/2023;24/08/2023;
DfCCHROIKzH1;3000001165;5508;13;hieu.pv;VND;Dài h?n;9;14/11/2023;25/04/2042;14/11/2023;14/11/2023;
8sBaJVxfGJDs;3000001167;5522;13;hieu.pv;VND;Trung h?n;11;10/11/2023;09/11/2028;10/11/2023;10/11/2023;
HBOL3fKVGoH3;3000001190;5508;13;hieu.pv;VND;Dài h?n;9;19/12/2023;19/12/2051;19/12/2023;19/12/2023;
dXRbfACxEoav;3000001190;5558;13;hieu.pv;VND;Dài h?n;9;19/12/2023;21/12/2043;19/12/2023;19/12/2023;
7Z7uHVkXI7Bd;3000001221;5513;13;hieu.pv;VND;Dài h?n;7;11/12/2023;11/12/2058;11/12/2023;11/12/2023;
tLHEtGPhVyWg;3000001221;5513;13;hieu.pv;VND;Dài h?n;6,7;18/11/2024;11/12/2058;18/11/2024;18/11/2024;
nfQ8HhH6DI3D;3000001276;5513;13;hieu.pv;VND;Dài h?n;7;14/12/2023;16/12/2058;14/12/2023;14/12/2023;
47yJBDECuwPH;3000001293;5518;13;hieu.pv;VND;Dài h?n;11;05/01/2024;27/12/2038;05/01/2024;05/01/2024;
zhWCxEMPTDy5;3000001293;5523;13;hieu.pv;VND;Dài h?n;11;05/01/2024;25/12/2031;05/01/2024;05/01/2024;
MV2TX6fhJoLF;3000001301;5513;13;hieu.pv;VND;Dài h?n;7;19/01/2024;20/01/2059;19/01/2024;19/01/2024;
dXzm3EXiQC6O;3000001301;5513;13;hieu.pv;VND;Dài h?n;6,7;18/11/2024;20/01/2059;18/11/2024;18/11/2024;
ABjHj0cljRlu;3000001360;5508;13;hieu.pv;VND;Dài h?n;6,7;29/03/2024;25/09/2046;29/03/2024;29/03/2024;
7TmZEV5Azv36;3000001369;5513;13;hieu.pv;VND;Dài h?n;6;26/04/2024;25/10/2041;26/04/2024;26/04/2024;
eupaoX9lcjwU;3000001371;5558;13;hieu.pv;VND;Dài h?n;6;16/04/2024;25/03/2044;16/04/2024;16/04/2024;
GEMHxHGfj9bs;3000001371;5513;13;hieu.pv;VND;Dài h?n;6;27/12/2024;27/12/2049;27/12/2024;27/12/2024;
R72CDCxgGXfF;3000001671;5508;13;hieu.pv;VND;Dài h?n;6;29/07/2025;29/09/2044;29/07/2025;29/07/2025;
2HVpD6Q6Tw8U;3000001677;5558;13;hieu.pv;VND;Dài h?n;7;20/08/2025;21/08/2045;20/08/2025;20/08/2025;
ozMsQmZA45TP;3000000011;8718;14;hieudtdp;VND;Dài h?n;14;25/01/2022;26/01/2032;28/06/2025;;
MJw2sxE97ovY;3000000034;5508;14;hieudtdp;VND;Dài h?n;11;12/04/2021;12/04/2041;12/04/2021;12/04/2021;
g2xweC8TySPA;3000000182;7228;14;hieudtdp;VND;Ng?n h?n;7,2;23/09/2025;16/07/2026;23/09/2025;23/09/2025;
yab2SI5BHenW;3000000196;5508;14;hieudtdp;VND;Dài h?n;6;20/05/2024;25/04/2042;20/05/2024;20/05/2024;
mKRSVGCUwyJD;3000000196;5518;14;hieudtdp;VND;Dài h?n;6,5;30/12/2024;25/12/2042;30/12/2024;30/12/2024;
1bDLBvEfNj4N;3000000488;5508;14;hieudtdp;VND;Dài h?n;5,5;22/02/2022;24/02/2042;22/02/2022;22/02/2022;
hpG1667c0RJD;3000000859;7200;14;hieudtdp;VND;Ng?n h?n;1,3;13/10/2025;13/04/2026;13/10/2025;13/10/2025;
XcKr94LCPP1k;3000000887;7200;14;hieudtdp;VND;Ng?n h?n;1,3;01/10/2025;01/04/2026;01/10/2025;01/10/2025;
vGVPgYvBABgL;3000000907;8000;14;hieudtdp;VND;Ng?n h?n;7,5;20/08/2025;22/12/2025;20/08/2025;20/08/2025;
ceoJeCElHBql;3000000907;8000;14;hieudtdp;VND;Ng?n h?n;7,5;21/08/2025;22/12/2025;21/08/2025;21/08/2025;
ZEsqX8u9tUsw;3000000907;8000;14;hieudtdp;VND;Ng?n h?n;7,5;18/09/2025;19/01/2026;18/09/2025;18/09/2025;
7dXVoJFxNhPo;3000000907;8000;14;hieudtdp;VND;Ng?n h?n;7,5;22/09/2025;22/01/2026;22/09/2025;22/09/2025;
5aOZGZBTBAdM;3000000907;8000;14;hieudtdp;VND;Ng?n h?n;7,5;23/09/2025;23/01/2026;23/09/2025;23/09/2025;
qUq3kPWlhX7c;3000000907;8000;14;hieudtdp;VND;Ng?n h?n;7,5;12/08/2025;12/12/2025;12/08/2025;12/08/2025;
eCaxbT8tReDi;3000000907;8000;14;hieudtdp;VND;Ng?n h?n;7,5;26/08/2025;26/12/2025;26/08/2025;26/08/2025;
LS75aZd2HXxy;3000000907;8000;14;hieudtdp;VND;Ng?n h?n;7,5;27/08/2025;29/12/2025;27/08/2025;27/08/2025;
0ldvaJTIHaGY;3000000907;8000;14;hieudtdp;VND;Ng?n h?n;7,5;13/08/2025;15/12/2025;13/08/2025;13/08/2025;
iwXVa5igLAII;3000000907;8000;14;hieudtdp;VND;Ng?n h?n;7,5;17/09/2025;19/01/2026;17/09/2025;17/09/2025;
irnCI8fvkYMs;3000000983;7228;14;hieudtdp;VND;Ng?n h?n;7;03/11/2025;02/12/2025;03/11/2025;03/11/2025;
nhXdGgkNL3U2;3000001072;5501;14;hieudtdp;VND;Trung h?n;11;19/12/2022;20/12/2027;19/12/2022;19/12/2022;
J14JLfppoIQG;3000001110;8000;14;hieudtdp;VND;Ng?n h?n;7,1;06/06/2025;06/04/2026;06/06/2025;06/06/2025;
Dm6MQxw5T9Dj;3000001110;8057;14;hieudtdp;VND;Dài h?n;6,7;30/07/2025;30/07/2032;30/07/2025;30/07/2025;
kPnvb1BVqPcu;3000001110;8000;14;hieudtdp;VND;Ng?n h?n;7,1;12/06/2025;13/04/2026;12/06/2025;12/06/2025;
IQPDFGxhKcNo;3000001110;8057;14;hieudtdp;VND;Dài h?n;6,7;15/08/2025;30/07/2032;15/08/2025;15/08/2025;
RphLBKHlnmdu;3000001110;8000;14;hieudtdp;VND;Ng?n h?n;7,1;24/07/2025;25/05/2026;24/07/2025;24/07/2025;
lGuf6HhhChmK;3000001110;8057;14;hieudtdp;VND;Dài h?n;6,7;17/10/2025;30/07/2032;17/10/2025;17/10/2025;
Nqb6G3TYnPXr;3000001116;8057;14;hieudtdp;VND;Dài h?n;7;15/03/2024;25/02/2031;15/03/2024;15/03/2024;
3u5qymh0H9js;3000001198;5513;8;hieudtdp;VND;Dài h?n;6,7;25/10/2024;08/12/2043;25/10/2024;25/10/2024;
5LjpAdGhrkc9;3000001274;5508;14;hieudtdp;VND;Dài h?n;7;23/09/2025;25/09/2045;23/09/2025;23/09/2025;
y7IeKHLYL262;3000001353;8000;14;hieudtdp;VND;Ng?n h?n;8,2;10/09/2025;10/06/2026;10/09/2025;10/09/2025;
QF2RuyI1djA8;3000001353;8000;14;hieudtdp;VND;Ng?n h?n;8,2;12/09/2025;12/06/2026;12/09/2025;12/09/2025;
aay5Ucy8ZKa2;3000001628;5508;14;hieudtdp;VND;Dài h?n;6,5;27/05/2025;25/05/2045;27/05/2025;27/05/2025;
ZOwwkb7vyTQG;3000000052;5508;17;hoanhhh;VND;Dài h?n;5;28/04/2021;19/04/2041;28/04/2021;28/04/2021;
Ru7JCUzNli8w;3000000080;7200;17;hoanhhh;VND;Ng?n h?n;2,75;13/11/2025;13/02/2026;13/11/2025;13/11/2025;
Z1KFMtI0inkQ;3000000113;5508;17;hoanhhh;VND;Dài h?n;4,9;14/04/2025;27/03/2051;14/04/2025;14/04/2025;
MGif3f480I3C;3000000113;5508;17;hoanhhh;VND;Dài h?n;4,9;04/08/2025;04/05/2051;04/08/2025;04/08/2025;
3gOJiYbuee2B;3000000119;5557;17;hoanhhh;VND;Trung h?n;6,7;16/04/2024;16/04/2029;16/04/2024;16/04/2024;
V6PtvDjEiHrY;3000000126;5513;17;hoanhhh;VND;Dài h?n;11;06/07/2023;06/07/2043;06/07/2023;06/07/2023;
FCE6aBdcse2r;3000000133;7228;17;hoanhhh;VND;Ng?n h?n;6,8;23/10/2025;23/02/2026;23/10/2025;23/10/2025;
jUdyChTDGBjD;3000000235;5508;17;hoanhhh;VND;Dài h?n;5;18/03/2022;17/03/2042;18/03/2022;18/03/2022;
SFT1qXPXkCIn;3000000242;5513;17;hoanhhh;VND;Dài h?n;11;22/11/2023;23/11/2043;22/11/2023;22/11/2023;
5jiEPHKcRTAb;3000000247;5508;17;hoanhhh;VND;Dài h?n;11;08/03/2018;09/03/2037;09/03/2018;09/03/2018;
HRfWnI9H64tj;3000000247;5508;17;hoanhhh;VND;Dài h?n;11;08/03/2018;09/03/2037;08/03/2018;08/03/2018;
8v5thX1digXq;3000000305;5513;17;hoanhhh;VND;Dài h?n;4,9;24/03/2025;07/03/2045;24/03/2025;24/03/2025;
kPgCjftr6uKB;3000000363;5513;17;hoanhhh;VND;Dài h?n;11;25/07/2023;27/07/2043;25/07/2023;25/07/2023;
3DyUkBk5yK4F;3000000404;5508;17;hoanhhh;VND;Dài h?n;6,7;19/06/2024;28/04/2042;19/06/2024;19/06/2024;
9usPmoHy7oGb;3000000405;5508;17;hoanhhh;VND;Dài h?n;5,5;27/07/2020;05/07/2040;27/07/2020;27/07/2020;
NOG2CQwiOxSI;3000000409;7200;17;hoanhhh;VND;Ng?n h?n;5,7;19/11/2025;18/02/2026;19/11/2025;;
CicYCG5pea5y;3000000575;5508;17;hoanhhh;VND;Dài h?n;6,7;08/07/2024;10/07/2034;08/07/2024;08/07/2024;
TxkmrdFBALF9;3000000657;5513;17;hoanhhh;VND;Dài h?n;11;03/08/2023;03/08/2043;03/08/2023;03/08/2023;
t9UalEZlpziI;3000000682;5508;17;hoanhhh;VND;Dài h?n;6,5;26/05/2025;24/05/2041;26/05/2025;26/05/2025;
y4KgL8w4CAEt;3000000682;5508;17;hoanhhh;VND;Dài h?n;9;08/04/2019;08/04/2039;08/04/2019;08/04/2019;
eElhY0FG8FBA;3000000682;5508;17;hoanhhh;VND;Dài h?n;9;29/04/2020;30/04/2040;29/04/2020;29/04/2020;
SJiIutKoS8NV;3000000682;5508;17;hoanhhh;VND;Dài h?n;9;07/12/2017;08/12/2036;07/12/2017;07/12/2017;
oziLTKIpEmXw;3000000682;5508;17;hoanhhh;VND;Dài h?n;9;29/06/2018;30/06/2036;29/06/2018;29/06/2018;
Oahkrx4A4e5W;3000000682;5508;17;hoanhhh;VND;Dài h?n;9;17/01/2022;17/01/2041;17/01/2022;17/01/2022;
DBnDr5Pvnz0C;3000000682;5523;17;hoanhhh;VND;Dài h?n;7,5;22/12/2023;22/12/2031;22/12/2023;22/12/2023;
KVkoBPHPJkkP;3000000714;5508;17;hoanhhh;VND;Dài h?n;11;24/05/2022;26/05/2042;24/05/2022;24/05/2022;
EkiQ7Z4jCZPF;3000000714;5508;17;hoanhhh;VND;Dài h?n;11;24/11/2021;05/11/2041;24/11/2021;24/11/2021;
FFbKuFMEN2i3;3000000714;5518;17;hoanhhh;VND;Dài h?n;11;31/07/2019;29/07/2039;31/07/2019;31/07/2019;
wfZJLqVzVhjT;3000000760;8000;14;hoanhhh;VND;Ng?n h?n;9;30/06/2025;30/12/2025;30/06/2025;30/06/2025;
5pYiVPVrpuJq;3000000765;5513;17;hoanhhh;VND;Dài h?n;4,9;19/11/2025;31/05/2045;19/11/2025;19/11/2025;
qHDgk4ph8fcS;3000000826;5508;17;hoanhhh;VND;Dài h?n;11;11/07/2019;11/07/2039;11/07/2019;11/07/2019;
Hk0BFFw2jji1;3000000862;5508;17;hoanhhh;VND;Dài h?n;6,5;15/05/2025;15/05/2051;15/05/2025;15/05/2025;
t0R0r8a2MlTw;3000000894;5508;17;hoanhhh;VND;Dài h?n;4,9;04/04/2025;05/04/2060;04/04/2025;04/04/2025;
aJnkApUvwUdc;3000001019;5513;17;hoanhhh;VND;Dài h?n;11;06/07/2023;06/07/2043;06/07/2023;06/07/2023;
lBEDvNeGq8VO;3000001025;5513;17;hoanhhh;VND;Dài h?n;11;07/07/2023;07/07/2043;07/07/2023;07/07/2023;
gPJ3dxztXlBa;3000001027;5513;17;hoanhhh;VND;Dài h?n;11;08/08/2023;10/08/2043;08/08/2023;08/08/2023;
yBT016ccknYP;3000001039;5513;17;hoanhhh;VND;Dài h?n;11;02/08/2023;03/08/2043;02/08/2023;02/08/2023;
I7q8WiTZgslH;3000001070;5508;17;hoanhhh;VND;Dài h?n;11;19/06/2023;19/06/2053;19/06/2023;19/06/2023;
F7B4imTuG5fN;3000001074;5513;17;hoanhhh;VND;Dài h?n;11;20/07/2023;20/07/2043;20/07/2023;20/07/2023;
D9TOwzgH3nf7;3000001085;8000;17;hoanhhh;VND;Ng?n h?n;8,7;23/10/2025;23/10/2026;23/10/2025;23/10/2025;
iPCijwtRtdhx;3000001338;7215;17;hoanhhh;VND;Ng?n h?n;6,5;14/11/2025;20/01/2026;14/11/2025;14/11/2025;
WNbbSWHJcTX1;3000001338;7215;17;hoanhhh;VND;Ng?n h?n;6,5;14/11/2025;20/01/2026;14/11/2025;14/11/2025;
IpmNViHDU9Ak;3000001600;5508;17;hoanhhh;VND;Dài h?n;6,7;18/12/2024;20/10/2053;18/12/2024;18/12/2024;
t8lNNZEmBpeq;3000001636;5508;17;hoanhhh;VND;Dài h?n;6,7;24/04/2025;24/04/2045;24/04/2025;24/04/2025;
IaVWTrWoUBhi;3000001655;8000;17;hoanhhh;VND;Ng?n h?n;7,5;18/09/2025;19/01/2026;18/09/2025;18/09/2025;
EKyfxNWfY6dt;3000001655;8000;17;hoanhhh;VND;Ng?n h?n;7,5;12/09/2025;12/01/2026;12/09/2025;12/09/2025;
otLWCbUoCm0m;3000001655;8000;17;hoanhhh;VND;Ng?n h?n;7,5;24/09/2025;26/01/2026;24/09/2025;24/09/2025;
ZHsF7kqIW5cu;3000001655;8000;17;hoanhhh;VND;Ng?n h?n;7,5;26/09/2025;26/01/2026;26/09/2025;26/09/2025;
fuaACVBFOBas;3000001655;8000;17;hoanhhh;VND;Ng?n h?n;7,5;22/09/2025;22/01/2026;22/09/2025;22/09/2025;
AA269TMDnB6M;3000001739;5513;17;hoanhhh;VND;Dài h?n;11;07/06/2023;20/06/2050;07/06/2023;07/06/2023;
7J1TeE6WhdoN;3000001739;5513;17;hoanhhh;VND;Dài h?n;11;11/10/2024;20/06/2050;11/10/2024;11/10/2024;
iQpdx9k4Rjzy;3000000321;8000;6;hongnd;VND;Ng?n h?n;5,2;17/07/2025;19/01/2026;17/07/2025;17/07/2025;
cG3sV1LgGpHH;3000000321;8000;6;hongnd;VND;Ng?n h?n;5,4;24/09/2025;24/03/2026;24/09/2025;24/09/2025;
DQ5iKRvvea0c;3000000321;8000;6;hongnd;VND;Ng?n h?n;5,2;06/08/2025;06/02/2026;06/08/2025;06/08/2025;
kyHsQKdtlPph;3000000321;8000;6;hongnd;VND;Ng?n h?n;5,2;21/08/2025;23/02/2026;21/08/2025;21/08/2025;
reOgonaNak1S;3000000321;8000;6;hongnd;VND;Ng?n h?n;5,4;16/09/2025;16/03/2026;16/09/2025;16/09/2025;
kiHR7SDRWcCj;3000000321;8000;6;hongnd;VND;Ng?n h?n;6,3;28/11/2025;28/05/2026;28/11/2025;28/11/2025;
8XHu0AaUfgRO;3000000321;8000;6;hongnd;VND;Ng?n h?n;5,2;02/07/2025;02/01/2026;02/07/2025;02/07/2025;
pTsFSlBwbmMf;3000000321;8000;6;hongnd;VND;Ng?n h?n;5,2;11/07/2025;12/01/2026;11/07/2025;11/07/2025;
0rzDDnie8EDv;3000000321;8000;6;hongnd;VND;Ng?n h?n;5,2;30/07/2025;30/01/2026;30/07/2025;30/07/2025;
AuHEBBGCELNx;3000000321;8000;6;hongnd;VND;Ng?n h?n;5,2;12/08/2025;12/02/2026;12/08/2025;12/08/2025;
NE48B0P41Xy6;3000000321;8000;6;hongnd;VND;Ng?n h?n;5,2;05/09/2025;05/03/2026;05/09/2025;05/09/2025;
JEdvyfgcvidB;3000000321;8000;6;hongnd;VND;Ng?n h?n;5,2;11/09/2025;11/03/2026;11/09/2025;11/09/2025;
YJ0rgeluAQoK;3000000321;8000;6;hongnd;VND;Ng?n h?n;5,4;10/10/2025;10/03/2026;10/10/2025;10/10/2025;
DMAHRvYghN6v;3000000321;8000;6;hongnd;VND;Ng?n h?n;5,2;07/08/2025;07/01/2026;07/08/2025;07/08/2025;
DmM3kXbBA129;3000000321;8000;6;hongnd;VND;Ng?n h?n;5,2;22/08/2025;23/02/2026;22/08/2025;22/08/2025;
OS3GmPucnI68;3000000321;8000;6;hongnd;VND;Ng?n h?n;5,4;09/10/2025;09/03/2026;09/10/2025;09/10/2025;
5AF1HHtAO3T0;3000000321;8000;6;hongnd;VND;Ng?n h?n;5,2;04/07/2025;05/01/2026;04/07/2025;04/07/2025;
902cTC40sgsz;3000000321;8000;6;hongnd;VND;Ng?n h?n;5,2;29/07/2025;29/01/2026;29/07/2025;29/07/2025;
Apv3UEJKa20k;3000000321;8000;6;hongnd;VND;Ng?n h?n;5,2;31/07/2025;31/12/2025;31/07/2025;31/07/2025;
suHkAv2jAYzF;3000000321;8000;6;hongnd;VND;Ng?n h?n;5,2;07/08/2025;09/02/2026;07/08/2025;07/08/2025;
GphOjhvv77pL;3000000321;8000;6;hongnd;VND;Ng?n h?n;5,2;14/08/2025;16/02/2026;14/08/2025;14/08/2025;
YSQrYIXggMGb;3000000321;8000;6;hongnd;VND;Ng?n h?n;5,2;10/07/2025;12/01/2026;10/07/2025;10/07/2025;
cAYRgVIEYCL7;3000000321;8000;6;hongnd;VND;Ng?n h?n;5,2;12/09/2025;12/03/2026;12/09/2025;12/09/2025;
CcyXEAAlr95n;3000000321;8000;6;hongnd;VND;Ng?n h?n;5,4;30/09/2025;30/03/2026;30/09/2025;30/09/2025;
Zcv8EEFGvZ6n;3000000321;8000;6;hongnd;VND;Ng?n h?n;5,2;24/07/2025;26/01/2026;24/07/2025;24/07/2025;
DjkW3SlG4luk;3000000321;8000;6;hongnd;VND;Ng?n h?n;5,2;11/08/2025;11/02/2026;11/08/2025;11/08/2025;
yZrCeNRAkEqh;3000000321;8000;6;hongnd;VND;Ng?n h?n;5,2;18/08/2025;18/02/2026;18/08/2025;18/08/2025;
5Tbl1wmqdQSm;3000000321;8000;6;hongnd;VND;Ng?n h?n;5,2;29/08/2025;02/03/2026;29/08/2025;29/08/2025;
stPpKASCTjrr;3000000321;8000;6;hongnd;VND;Ng?n h?n;5,2;10/09/2025;10/03/2026;10/09/2025;10/09/2025;
WItbT1HTyyAP;3000000321;8000;6;hongnd;VND;Ng?n h?n;5,4;23/09/2025;23/02/2026;23/09/2025;23/09/2025;
A3RjcymDgst2;3000000321;8000;6;hongnd;VND;Ng?n h?n;5,4;25/09/2025;25/02/2026;25/09/2025;25/09/2025;
ZCIempCZIimJ;3000000321;8000;6;hongnd;VND;Ng?n h?n;5,4;02/10/2025;02/03/2026;02/10/2025;02/10/2025;
2dYKwRAQQA8C;3000000321;8000;6;hongnd;VND;Ng?n h?n;5,4;14/10/2025;14/04/2026;14/10/2025;14/10/2025;
uHXu1cdZy7v2;3000000321;8000;6;hongnd;VND;Ng?n h?n;6;13/11/2025;13/05/2026;13/11/2025;13/11/2025;
0AZIMDuEuNrs;3000000321;8000;6;hongnd;VND;Ng?n h?n;6,3;20/11/2025;20/05/2026;20/11/2025;20/11/2025;
60Bcxp3jpOlz;3000000321;8000;6;hongnd;VND;Ng?n h?n;5,2;21/07/2025;21/01/2026;21/07/2025;21/07/2025;
UxhPdUwmZNrj;3000000321;8000;6;hongnd;VND;Ng?n h?n;5,2;19/08/2025;19/01/2026;19/08/2025;19/08/2025;
oF2Ja1zfkpnA;3000000321;8000;6;hongnd;VND;Ng?n h?n;5,4;17/09/2025;17/03/2026;17/09/2025;17/09/2025;
2FEDbFqKH6pH;3000000321;8000;6;hongnd;VND;Ng?n h?n;5,4;08/10/2025;08/04/2026;08/10/2025;08/10/2025;
uFtvQlZgswkS;3000000321;8000;6;hongnd;VND;Ng?n h?n;6;12/11/2025;12/05/2026;12/11/2025;12/11/2025;
20SQE67QDGBX;3000000321;8000;6;hongnd;VND;Ng?n h?n;6,3;19/11/2025;19/05/2026;19/11/2025;19/11/2025;
qEVlIq8fR57j;3000000321;8000;6;hongnd;VND;Ng?n h?n;5,2;01/07/2025;01/01/2026;01/07/2025;01/07/2025;
PzlqbRmqEZYZ;3000000321;8000;6;hongnd;VND;Ng?n h?n;5,2;14/07/2025;14/01/2026;14/07/2025;14/07/2025;
xjUV0JtJCKLE;3000000321;8000;6;hongnd;VND;Ng?n h?n;5,2;27/08/2025;27/02/2026;27/08/2025;27/08/2025;
z1Q4CqreYWWb;3000000321;8000;6;hongnd;VND;Ng?n h?n;5,2;28/08/2025;02/03/2026;28/08/2025;28/08/2025;
AY1G6vMAKWae;3000000321;8000;6;hongnd;VND;Ng?n h?n;5,4;15/09/2025;16/03/2026;15/09/2025;15/09/2025;
YZ9tdbUqMx3q;3000000321;8000;6;hongnd;VND;Ng?n h?n;5,2;05/08/2025;05/01/2026;05/08/2025;05/08/2025;
NRNiZfH7EYFz;3000000321;8000;6;hongnd;VND;Ng?n h?n;5,4;03/10/2025;03/03/2026;03/10/2025;03/10/2025;
rulPGiDpoPWM;3000000321;8000;6;hongnd;VND;Ng?n h?n;6,3;14/11/2025;14/05/2026;14/11/2025;14/11/2025;
EW2Var4Jd5af;3000000321;8000;6;hongnd;VND;Ng?n h?n;6,3;26/11/2025;26/05/2026;26/11/2025;26/11/2025;
Zeht9iOyZWgK;3000000343;8000;6;hongnd;VND;Ng?n h?n;5,7;06/11/2025;06/03/2026;06/11/2025;06/11/2025;
vt04YzS2U5e3;3000000343;8000;6;hongnd;VND;Ng?n h?n;4,3;09/09/2025;09/01/2026;09/09/2025;09/09/2025;
Ak6VIANZ3klr;3000000343;8000;6;hongnd;VND;Ng?n h?n;4,3;17/09/2025;19/01/2026;17/09/2025;17/09/2025;
bFIfDDqTgX90;3000000343;8000;6;hongnd;VND;Ng?n h?n;4,3;08/09/2025;08/01/2026;08/09/2025;08/09/2025;
7W57lF6BzARa;3000000343;8000;6;hongnd;VND;Ng?n h?n;4,3;12/09/2025;12/01/2026;12/09/2025;12/09/2025;
T9EkfNOBnWPz;3000000343;8000;6;hongnd;VND;Ng?n h?n;4,7;17/10/2025;17/02/2026;17/10/2025;17/10/2025;
OpFt9KjlGkxd;3000000343;8000;6;hongnd;VND;Ng?n h?n;4,5;03/10/2025;03/02/2026;03/10/2025;03/10/2025;
BwaR2tPM2pav;3000001029;8000;6;hongnd;VND;Ng?n h?n;4,6;11/08/2025;11/12/2025;11/08/2025;11/08/2025;
ILw7K2QaR55o;3000000040;8609;16;huongnkd;VND;Ng?n h?n;5;23/06/2025;23/12/2025;23/06/2025;23/06/2025;
ZaTBrG98bqOf;3000000164;5508;16;huongnkd;VND;Dài h?n;6;06/06/2024;06/06/2039;06/06/2024;06/06/2024;
3ycs3FrEclM8;3000000164;5508;16;huongnkd;VND;Trung h?n;11;28/02/2024;28/02/2029;28/02/2024;28/02/2024;
i3VJ8jTeZMs8;3000000174;5507;16;huongnkd;VND;Trung h?n;6,7;21/03/2024;10/03/2028;21/03/2024;21/03/2024;
rmHjM4fZtsAq;3000000199;8609;16;huongnkd;VND;Ng?n h?n;6;22/08/2025;23/02/2026;22/08/2025;22/08/2025;
hbMbOzHDcFXl;3000000241;8609;16;huongnkd;VND;Ng?n h?n;7,3;25/11/2025;25/05/2026;25/11/2025;25/11/2025;
QbvMGqtCxMd1;3000000254;5508;16;huongnkd;VND;Dài h?n;6;26/11/2024;25/11/2044;26/11/2024;26/11/2024;
PZNHSrR2f5Ow;3000000254;8609;16;huongnkd;VND;Ng?n h?n;4,7;30/05/2025;01/12/2025;30/05/2025;30/05/2025;
niCTpF0pdNOG;3000000254;8609;16;huongnkd;VND;Ng?n h?n;6;15/09/2025;16/03/2026;15/09/2025;15/09/2025;
LOym9SFFxMvK;3000000254;8609;16;huongnkd;VND;Ng?n h?n;4,7;10/06/2025;10/12/2025;10/06/2025;10/06/2025;
A3eGmnvChDvj;3000000254;8609;16;huongnkd;VND;Ng?n h?n;6;10/09/2025;10/03/2026;10/09/2025;10/09/2025;
FjD5rF0zCJBq;3000000254;8609;16;huongnkd;VND;Ng?n h?n;6;09/09/2025;09/03/2026;09/09/2025;09/09/2025;
pXwqUPgS2ki9;3000000254;8609;16;huongnkd;VND;Ng?n h?n;4,7;29/05/2025;01/12/2025;29/05/2025;29/05/2025;
nRuaXaXiAPcB;3000000254;8609;16;huongnkd;VND;Ng?n h?n;6;13/08/2025;13/02/2026;13/08/2025;13/08/2025;
92uZ37TfjB7I;3000000254;8609;16;huongnkd;VND;Ng?n h?n;6;04/09/2025;04/03/2026;04/09/2025;04/09/2025;
Dlmn5LapGBT6;3000000553;8609;16;huongnkd;VND;Ng?n h?n;5,5;17/09/2025;17/03/2026;17/09/2025;17/09/2025;
nTaSmAxPxSql;3000000553;8609;16;huongnkd;VND;Ng?n h?n;5;26/06/2025;26/12/2025;26/06/2025;26/06/2025;
WFf6D0qoFqnQ;3000000553;8609;16;huongnkd;VND;Ng?n h?n;5,5;25/09/2025;25/03/2026;25/09/2025;25/09/2025;
pF9cftoiJ4bD;3000000553;8609;16;huongnkd;VND;Ng?n h?n;5,5;22/09/2025;23/03/2026;22/09/2025;22/09/2025;
NUftDbaQAWmu;3000000553;8609;16;huongnkd;VND;Ng?n h?n;5,5;19/09/2025;19/03/2026;19/09/2025;19/09/2025;
6ex0BxZvMxmR;3000000553;8609;16;huongnkd;VND;Ng?n h?n;5,5;18/09/2025;18/03/2026;18/09/2025;18/09/2025;
hDUGa2CEjiWa;3000000627;8609;16;huongnkd;VND;Ng?n h?n;5,5;30/06/2025;30/12/2025;30/06/2025;30/06/2025;
JEKVzYhMxDb4;3000000627;8609;16;huongnkd;VND;Ng?n h?n;7;11/11/2025;11/05/2026;11/11/2025;11/11/2025;
4DQS3TLLBGNm;3000000627;8609;16;huongnkd;VND;Ng?n h?n;7;10/11/2025;11/05/2026;10/11/2025;10/11/2025;
mQImieJL6uqT;3000000654;8609;16;huongnkd;VND;Ng?n h?n;5;19/06/2025;19/12/2025;19/06/2025;19/06/2025;
7fRTMsNtimjT;3000000717;5513;16;huongnkd;VND;Dài h?n;7;12/12/2023;05/12/2058;12/12/2023;12/12/2023;
d1Ex7y0KBFSp;3000000717;5513;16;huongnkd;VND;Dài h?n;6,7;18/11/2024;05/12/2058;18/11/2024;18/11/2024;
BPPGagPbCXum;3000000724;5508;16;huongnkd;VND;Dài h?n;9,2;26/10/2023;26/10/2048;26/10/2023;26/10/2023;
tLBezr2REZ2s;3000000727;8609;16;huongnkd;VND;Ng?n h?n;5,5;04/07/2025;05/01/2026;04/07/2025;04/07/2025;
cGjx21p7PKcc;3000000810;5513;16;huongnkd;VND;Dài h?n;6,7;21/11/2024;05/12/2053;21/11/2024;21/11/2024;
yZJhAI5Yhndg;3000000810;5513;16;huongnkd;VND;Dài h?n;7;11/12/2023;05/12/2053;11/12/2023;11/12/2023;
ocCSnLxb9Quw;3000000880;8609;16;huongnkd;VND;Ng?n h?n;7;19/11/2025;19/05/2026;19/11/2025;19/11/2025;
GxCpvJmoQoFH;3000000880;8609;16;huongnkd;VND;Ng?n h?n;7;12/11/2025;12/05/2026;12/11/2025;12/11/2025;
PZZpu7UItawp;3000000880;8609;16;huongnkd;VND;Ng?n h?n;7;13/11/2025;13/05/2026;13/11/2025;13/11/2025;
SvwoJpjjfFYs;3000000880;8609;16;huongnkd;VND;Ng?n h?n;7;17/11/2025;18/05/2026;17/11/2025;17/11/2025;
3WrWJQFKwSXK;3000000895;8609;16;huongnkd;VND;Ng?n h?n;6;14/10/2025;14/04/2026;14/10/2025;14/10/2025;
CeK6CDAMInbA;3000000895;8609;16;huongnkd;VND;Ng?n h?n;6;15/10/2025;15/04/2026;15/10/2025;15/10/2025;
8JnICYQcEq1b;3000000895;8609;16;huongnkd;VND;Ng?n h?n;7;13/11/2025;13/05/2026;13/11/2025;13/11/2025;
KjkIBUAKkRZm;3000000895;8609;16;huongnkd;VND;Ng?n h?n;7;11/11/2025;11/05/2026;11/11/2025;11/11/2025;
9LQ8qSm6LDgq;3000000895;8609;16;huongnkd;VND;Ng?n h?n;7;12/11/2025;12/05/2026;12/11/2025;12/11/2025;
PI3zCycTZMtV;3000001118;8609;16;huongnkd;VND;Ng?n h?n;5,8;06/10/2025;06/04/2026;06/10/2025;06/10/2025;
k3aixjgWti63;3000001118;8609;16;huongnkd;VND;Ng?n h?n;5,8;03/10/2025;03/04/2026;03/10/2025;03/10/2025;
RmcsbBOH4q9v;3000001247;5513;16;huongnkd;VND;Dài h?n;6,7;28/11/2024;06/12/2038;28/11/2024;28/11/2024;
u7wA4znRyivc;3000001247;5513;16;huongnkd;VND;Dài h?n;7;05/12/2023;06/12/2038;05/12/2023;05/12/2023;
HMCzBRJzR4eH;3000001279;5513;16;huongnkd;VND;Dài h?n;7;20/12/2023;05/12/2058;20/12/2023;20/12/2023;
3PU57jmSST7Y;3000001279;5513;16;huongnkd;VND;Dài h?n;6,7;26/12/2024;05/12/2058;26/12/2024;26/12/2024;
YvEW2JsGZQEf;3000001306;5513;16;huongnkd;VND;Dài h?n;7;29/08/2025;29/08/2057;29/08/2025;29/08/2025;
39rlPUTBb9Wd;3000001306;5513;16;huongnkd;VND;Dài h?n;7;18/01/2024;19/01/2054;18/01/2024;18/01/2024;
x2mH4CNAAVNP;3000001306;5513;16;huongnkd;VND;Dài h?n;6,7;29/10/2024;19/01/2054;29/10/2024;29/10/2024;
YGm6kNB1s8xD;3000001321;5513;16;huongnkd;VND;Dài h?n;6,7;15/10/2024;25/01/2044;15/10/2024;15/10/2024;
BRbyCxUXmuys;3000001321;5513;16;huongnkd;VND;Dài h?n;7;26/01/2024;25/01/2044;26/01/2024;26/01/2024;
oUnHdp7qDQC1;3000001462;5508;16;huongnkd;VND;Dài h?n;6;19/07/2024;19/07/2034;19/07/2024;19/07/2024;
I5lCp82tBXkU;3000001462;5508;16;huongnkd;VND;Dài h?n;6;14/08/2024;14/07/2034;14/08/2024;14/08/2024;
aeZxZpmRvMfi;3000001643;7200;16;huongnkd;VND;Ng?n h?n;2,5;15/09/2025;15/12/2025;15/09/2025;15/09/2025;
RdIQhhXY9pNb;3000001663;5508;16;huongnkd;VND;Dài h?n;6,5;02/07/2025;30/06/2049;02/07/2025;02/07/2025;
XULvIoXWuzmz;3000001775;8609;16;huongnkd;VND;Ng?n h?n;7,1;10/11/2025;11/05/2026;10/11/2025;10/11/2025;
66nEH4LX68u6;3000001775;8609;16;huongnkd;VND;Ng?n h?n;7,1;07/11/2025;07/05/2026;07/11/2025;07/11/2025;
Z5YFOn7FXrXU;3000001775;8609;16;huongnkd;VND;Ng?n h?n;7,1;17/11/2025;18/05/2026;17/11/2025;17/11/2025;
mJ43XcTRfuDC;3000001775;8609;16;huongnkd;VND;Ng?n h?n;7,1;19/11/2025;19/05/2026;19/11/2025;19/11/2025;
EHXesHnGAZTw;3000001775;8609;16;huongnkd;VND;Ng?n h?n;7,1;13/11/2025;13/05/2026;13/11/2025;13/11/2025;
6yeWG7NdTmsy;3000001775;8609;16;huongnkd;VND;Ng?n h?n;7,3;25/11/2025;25/05/2026;25/11/2025;25/11/2025;
AkkjPWBBqQeM;3000000440;8000;6;huongttt1;VND;Ng?n h?n;5,8;06/11/2025;06/02/2026;06/11/2025;06/11/2025;
FlUWWEBgJhbC;3000000440;8000;6;huongttt1;VND;Ng?n h?n;5,8;07/11/2025;09/02/2026;07/11/2025;07/11/2025;
FLnUIp9HJ9FG;3000000440;8000;6;huongttt1;VND;Ng?n h?n;6;11/11/2025;11/02/2026;11/11/2025;11/11/2025;
g7zABN0S5Lpg;3000000440;8000;6;huongttt1;VND;Ng?n h?n;6;12/11/2025;12/02/2026;12/11/2025;12/11/2025;
kAtbSw21CZDd;3000000440;8057;6;huongttt1;VND;Dài h?n;8,8;30/07/2021;30/07/2027;30/07/2021;30/07/2021;
1IymRSw0ZH1e;3000000440;8057;6;huongttt1;VND;Dài h?n;8,8;30/09/2021;30/07/2027;30/09/2021;24/06/2022;
LY3lcOZ40NAQ;3000000023;5558;8;huyenntt30;VND;Dài h?n;6,7;03/04/2024;04/04/2044;03/04/2024;03/04/2024;
efPH69K0BWtD;3000000088;5513;8;huyenntt30;VND;Dài h?n;6,5;25/10/2024;26/10/2048;25/10/2024;25/10/2024;
T1uuYbeombFH;3000000104;8724;8;huyenntt30;VND;Dài h?n;7,5;11/03/2025;29/01/2047;11/03/2025;11/03/2025;
MSMt154wjQva;3000000104;8724;8;huyenntt30;VND;Dài h?n;7,5;22/01/2025;29/01/2047;22/01/2025;22/01/2025;
T4yxl27KAmNA;3000000104;8724;8;huyenntt30;VND;Dài h?n;7,5;08/05/2025;29/01/2047;08/05/2025;08/05/2025;
wp63GM8umNgi;3000000104;8724;8;huyenntt30;VND;Dài h?n;7,5;11/07/2024;29/01/2047;11/07/2024;11/07/2024;
0OGHkSY997i9;3000000104;8724;8;huyenntt30;VND;Dài h?n;7,5;17/10/2024;29/01/2047;17/10/2024;17/10/2024;
j54ZnNflZEv7;3000000118;5558;8;huyenntt30;VND;Dài h?n;4,9;14/10/2024;14/10/2044;14/10/2024;14/10/2024;
jqGPHrvXFZmO;3000000125;5508;8;huyenntt30;VND;Dài h?n;6,7;08/07/2025;07/07/2045;08/07/2025;08/07/2025;
ZFJ9cEwMtnlj;3000000125;5508;8;huyenntt30;VND;Dài h?n;6,7;08/07/2025;07/07/2045;08/07/2025;08/07/2025;
QDH1sLdHQMld;3000000142;5513;8;huyenntt30;VND;Dài h?n;7;19/12/2023;19/12/2050;19/12/2023;19/12/2023;
BcEiAJgGnIMr;3000000173;5513;8;huyenntt30;VND;Dài h?n;6,5;25/09/2024;25/09/2040;25/09/2024;25/09/2024;
l596YYkGrThq;3000000173;5513;8;huyenntt30;VND;Dài h?n;6,3;28/11/2024;25/09/2040;28/11/2024;28/11/2024;
hys1pJ38iGxl;3000000261;5518;8;huyenntt30;VND;Dài h?n;6,7;17/05/2024;17/05/2044;17/05/2024;17/05/2024;
TXwrbmgu5HrN;3000000275;5523;8;huyenntt30;VND;Dài h?n;4,9;20/09/2022;18/09/2029;20/09/2022;20/09/2022;
lhiII2zM2Fsc;3000000280;5523;8;huyenntt30;VND;Dài h?n;11;15/07/2020;15/07/2027;15/07/2020;15/07/2020;
jhKgXy84ieFn;3000000304;5508;8;huyenntt30;VND;Dài h?n;11;14/01/2022;14/01/2042;14/01/2022;14/01/2022;
JrQGDKyUHhwQ;3000000308;5518;8;huyenntt30;VND;Dài h?n;6,7;27/12/2024;27/12/2049;27/12/2024;27/12/2024;
rp5EPm9i6VMj;3000000308;5508;8;huyenntt30;VND;Dài h?n;6,5;26/06/2024;28/06/2049;26/06/2024;26/06/2024;
kksmNMezMnEI;3000000308;5513;8;huyenntt30;VND;Dài h?n;6,5;22/08/2025;20/08/2049;22/08/2025;22/08/2025;
RZqbyeWLZyUQ;3000000356;5513;8;huyenntt30;VND;Dài h?n;6,7;13/11/2024;05/12/2041;13/11/2024;13/11/2024;
UNfwFveP2jh0;3000000356;5513;8;huyenntt30;VND;Dài h?n;7;05/12/2023;05/12/2041;05/12/2023;05/12/2023;
GJedbeWdJjDV;3000000401;5513;8;huyenntt30;VND;Dài h?n;6,5;30/08/2024;30/08/2050;30/08/2024;30/08/2024;
vJFkTKaHQosm;3000000466;5513;8;huyenntt30;VND;Dài h?n;6,7;08/11/2024;05/12/2058;08/11/2024;08/11/2024;
neaWcGTOmT4l;3000000466;5513;8;huyenntt30;VND;Dài h?n;7;08/12/2023;06/12/2058;08/12/2023;08/12/2023;
D7alI57ab24q;3000000473;5508;8;huyenntt30;VND;Dài h?n;5,5;20/11/2019;18/11/2039;20/11/2019;20/11/2019;
1xfYnnqYGJBA;3000000487;5513;8;huyenntt30;VND;Dài h?n;6,7;18/11/2024;30/12/2058;18/11/2024;18/11/2024;
TAfjoNYgRN7d;3000000487;5513;8;huyenntt30;VND;Dài h?n;7;28/12/2023;30/12/2058;28/12/2023;28/12/2023;
SDdA8SbUMek8;3000000501;5513;8;huyenntt30;VND;Dài h?n;6,7;15/10/2024;09/12/2058;15/10/2024;15/10/2024;
CXOvpkTrhkyQ;3000000501;5513;8;huyenntt30;VND;Dài h?n;7;07/12/2023;09/12/2058;07/12/2023;07/12/2023;
a7eeJ4QOyKn5;3000000502;5513;8;huyenntt30;VND;Dài h?n;7;22/12/2023;23/12/2058;22/12/2023;22/12/2023;
Hb3Or6ZDn5Z6;3000000502;5513;8;huyenntt30;VND;Dài h?n;6,7;20/11/2024;23/12/2058;20/11/2024;20/11/2024;
ukqQcPvAHMUI;3000000513;5513;8;huyenntt30;VND;Dài h?n;7;12/12/2023;11/12/2048;12/12/2023;12/12/2023;
zgxtDUDZufJe;3000000513;5513;8;huyenntt30;VND;Dài h?n;6,7;16/10/2024;11/12/2048;16/10/2024;16/10/2024;
yvFRoYKhHwi4;3000000545;5513;8;huyenntt30;VND;Dài h?n;6,7;16/10/2024;05/12/2056;16/10/2024;16/10/2024;
SaGFcXuWyVYj;3000000580;5513;8;huyenntt30;VND;Dài h?n;6,7;08/10/2024;20/08/2059;08/10/2024;08/10/2024;
lJYZHCOKM1GE;3000000580;5513;8;huyenntt30;VND;Dài h?n;6,7;23/08/2024;20/08/2059;23/08/2024;23/08/2024;
RiSvgeajBLpu;3000000599;5513;8;huyenntt30;VND;Dài h?n;4,9;24/11/2023;25/11/2058;24/11/2023;24/11/2023;
9tNgNfRVOAyJ;3000000599;5513;8;huyenntt30;VND;Dài h?n;4,9;30/07/2025;25/11/2058;30/07/2025;30/07/2025;
zZEIGqwwCTf4;3000000606;5508;8;huyenntt30;VND;Dài h?n;5,5;24/06/2020;22/06/2040;24/06/2020;24/06/2020;
XHuR1jNZve38;3000000681;8724;8;huyenntt30;VND;Dài h?n;6,5;11/11/2025;14/08/2047;11/11/2025;11/11/2025;
5zSDDcl4L4Zc;3000000681;8724;8;huyenntt30;VND;Dài h?n;6;14/08/2025;14/08/2047;14/08/2025;14/08/2025;
YgtydZiBbIr0;3000000681;8724;8;huyenntt30;VND;Dài h?n;6;18/09/2025;14/08/2047;18/09/2025;18/09/2025;
UINOFPsCAkGv;3000000685;5508;8;huyenntt30;VND;Dài h?n;6,5;21/03/2024;21/03/2044;21/03/2024;21/03/2024;
VEOcHd1XVc92;3000000800;5513;8;huyenntt30;VND;Dài h?n;6,7;25/06/2024;25/06/2059;25/06/2024;25/06/2024;
tlfBq3JVFn9X;3000000800;5513;8;huyenntt30;VND;Dài h?n;6,7;10/10/2024;25/06/2059;10/10/2024;10/10/2024;
koAL05jJPVWL;3000000843;5513;8;huyenntt30;VND;Dài h?n;6,5;25/10/2024;27/10/2059;25/10/2024;25/10/2024;
fOq6BRfvU9Cz;3000000843;5513;8;huyenntt30;VND;Dài h?n;6,5;29/10/2024;27/10/2059;29/10/2024;29/10/2024;
YvRoc60nEaBK;3000000856;8724;8;huyenntt30;VND;Dài h?n;6;03/09/2025;10/06/2050;03/09/2025;03/09/2025;
tXcqGEgJoRyH;3000000856;8724;8;huyenntt30;VND;Dài h?n;6,5;11/11/2025;10/06/2050;11/11/2025;11/11/2025;
54XYNiOIMDEE;3000000856;8724;8;huyenntt30;VND;Dài h?n;6;13/06/2025;10/06/2050;13/06/2025;13/06/2025;
8sfWUXaNc8m7;3000000856;8724;8;huyenntt30;VND;Dài h?n;6;19/09/2025;10/06/2050;19/09/2025;19/09/2025;
WV1Viqbee4Sf;3000001067;5513;8;huyenntt30;VND;Dài h?n;6,7;12/11/2024;20/12/2055;12/11/2024;12/11/2024;
WMzD0rbyRsTf;3000001067;5513;8;huyenntt30;VND;Dài h?n;7;19/12/2023;20/12/2055;19/12/2023;19/12/2023;
jXLJKLIl5ylw;3000001137;5513;8;huyenntt30;VND;Dài h?n;6,7;03/10/2024;03/10/2059;03/10/2024;03/10/2024;
26JlWmuQwYJn;3000001137;5513;8;huyenntt30;VND;Dài h?n;6,7;11/10/2024;03/10/2059;11/10/2024;11/10/2024;
hgSicu9LCL0n;3000001174;5513;8;huyenntt30;VND;Dài h?n;11;11/11/2024;13/11/2051;11/11/2024;11/11/2024;
9rQJenCLygr7;3000001174;5513;8;huyenntt30;VND;Dài h?n;11;13/11/2023;13/11/2051;13/11/2023;13/11/2023;
pqBLWBtJv0qr;3000001196;5513;8;huyenntt30;VND;Dài h?n;6,7;18/12/2024;05/12/2050;18/12/2024;18/12/2024;
cBnOLxsmGGWe;3000001196;5513;8;huyenntt30;VND;Dài h?n;7;05/12/2023;05/12/2050;05/12/2023;05/12/2023;
d33rw2L7s7pM;3000001202;5508;8;huyenntt30;VND;Dài h?n;6,5;08/09/2025;25/08/2045;08/09/2025;08/09/2025;
3OHBOs3L0qU3;3000001216;5513;8;huyenntt30;VND;Dài h?n;7;08/12/2023;10/12/2057;08/12/2023;08/12/2023;
Uf8FD389uMww;3000001256;5513;8;huyenntt30;VND;Dài h?n;6,7;25/10/2024;12/12/2050;25/10/2024;25/10/2024;
j2vK6NHsBimL;3000001256;5513;8;huyenntt30;VND;Dài h?n;7;11/12/2023;12/12/2050;11/12/2023;11/12/2023;
GQuTvi7NLB9s;3000001258;5513;8;huyenntt30;VND;Dài h?n;7;12/12/2023;12/12/2058;12/12/2023;12/12/2023;
qHJuDEy6VOAd;3000001258;5513;8;huyenntt30;VND;Dài h?n;6,7;15/10/2024;12/12/2058;15/10/2024;15/10/2024;
9ZQ2fAtCPB4Y;3000001262;5513;8;huyenntt30;VND;Dài h?n;6,7;17/12/2024;06/12/2055;17/12/2024;17/12/2024;
U9BwlwFcrWB7;3000001262;5513;8;huyenntt30;VND;Dài h?n;7;11/12/2023;13/12/2055;11/12/2023;11/12/2023;
09mxLgoWsOzP;3000001267;5513;8;huyenntt30;VND;Dài h?n;6,7;15/10/2024;05/12/2058;15/10/2024;15/10/2024;
oPqGYmBxeeOZ;3000001267;5513;8;huyenntt30;VND;Dài h?n;7;12/12/2023;05/12/2058;12/12/2023;12/12/2023;
7g0iXgbusSdu;3000001270;5513;8;huyenntt30;VND;Dài h?n;6,7;18/11/2024;09/12/2058;18/11/2024;18/11/2024;
zG7qnNhA76tN;3000001270;5513;8;huyenntt30;VND;Dài h?n;7;08/12/2023;09/12/2058;08/12/2023;08/12/2023;
8K0bSf0oDGJl;3000001284;5513;8;huyenntt30;VND;Dài h?n;6,7;17/12/2024;06/12/2049;17/12/2024;17/12/2024;
JMbyMAB72uLX;3000001284;5513;8;huyenntt30;VND;Dài h?n;7;22/12/2023;22/12/2049;22/12/2023;22/12/2023;
2xTiewBawk9F;3000001329;5513;8;huyenntt30;VND;Dài h?n;7;07/03/2024;02/02/2050;07/03/2024;07/03/2024;
hjGo9hMicw4P;3000001329;5513;8;huyenntt30;VND;Dài h?n;7;02/02/2024;02/02/2050;02/02/2024;02/02/2024;
EUfrGeqhlejb;3000001365;5513;8;huyenntt30;VND;Dài h?n;6,5;31/10/2024;20/10/2059;31/10/2024;31/10/2024;
AAC2dV4jPRHA;3000001365;5513;8;huyenntt30;VND;Dài h?n;6,5;22/11/2024;20/10/2059;22/11/2024;22/11/2024;
Bizh6jcBWqto;3000001368;5513;8;huyenntt30;VND;Dài h?n;6;30/08/2024;25/08/2049;30/08/2024;30/08/2024;
FopGuCRlOohf;3000001465;5513;8;huyenntt30;VND;Dài h?n;6;29/10/2024;16/08/2049;29/10/2024;29/10/2024;
bL9UoiICubHu;3000001540;5513;8;huyenntt30;VND;Dài h?n;6,7;07/10/2024;07/10/2059;07/10/2024;07/10/2024;
QC1eIyb7ch4Y;3000001540;5513;8;huyenntt30;VND;Dài h?n;6,5;23/10/2024;07/10/2059;23/10/2024;23/10/2024;
13WLZADYnACN;3000001544;5513;8;huyenntt30;VND;Dài h?n;6,7;09/10/2024;09/10/2054;09/10/2024;09/10/2024;
6AtF4rQfbnTj;3000001544;5513;8;huyenntt30;VND;Dài h?n;6,7;09/10/2024;09/10/2054;09/10/2024;09/10/2024;
mjOf7GVleVSu;3000001550;5513;8;huyenntt30;VND;Dài h?n;6,5;17/10/2024;17/10/2059;17/10/2024;17/10/2024;
ktISr8A466nI;3000001551;5513;8;huyenntt30;VND;Dài h?n;6,5;21/10/2024;23/10/2051;21/10/2024;21/10/2024;
ihf7UDlljWoN;3000001551;5513;8;huyenntt30;VND;Dài h?n;6,5;21/10/2024;23/10/2051;21/10/2024;21/10/2024;
0Oskf4KK7e7G;3000001616;5513;8;huyenntt30;VND;Dài h?n;6,7;21/02/2025;21/02/2057;21/02/2025;21/02/2025;
X0B6j4ZViyxU;3000001649;5513;8;huyenntt30;VND;Dài h?n;7;27/08/2025;27/08/2052;27/08/2025;27/08/2025;
WUNBr5CLZgUi;3000001680;5513;8;huyenntt30;VND;Dài h?n;7;29/08/2025;26/08/2039;29/08/2025;29/08/2025;
khk4RDBGcV4c;3000001687;5513;8;huyenntt30;VND;Dài h?n;6;17/09/2025;17/05/2055;17/09/2025;17/09/2025;
SHTUe3uwc6oY;3000001687;5513;8;huyenntt30;VND;Dài h?n;6,5;13/11/2025;17/05/2055;13/11/2025;13/11/2025;
jEBdsLhw723P;3000001698;5558;8;huyenntt30;VND;Dài h?n;7,7;21/11/2025;20/11/2045;21/11/2025;21/11/2025;
8Kby5FVDKgMb;3000001698;5508;8;huyenntt30;VND;Dài h?n;7,7;21/11/2025;20/11/2045;21/11/2025;21/11/2025;
oLtE9qNS0ckE;3000001732;5513;8;huyenntt30;VND;Dài h?n;7;12/12/2023;05/12/2047;12/12/2023;12/12/2023;
hdTOFr4136Ue;3000001732;5513;8;huyenntt30;VND;Dài h?n;6,7;20/12/2024;05/12/2047;20/12/2024;20/12/2024;
xxgw5siY0NDA;3000001772;5513;8;huyenntt30;VND;Dài h?n;6,7;04/07/2025;04/07/2050;04/07/2025;04/07/2025;
Ej82IForxdzL;3000000027;5508;8;huyncq;VND;Dài h?n;6,7;29/07/2025;28/07/2045;29/07/2025;29/07/2025;
uvDKCGUty6bj;3000000100;5513;8;huyncq;VND;Dài h?n;11;17/05/2023;20/04/2048;17/05/2023;17/05/2023;
orZWWY8FDaEp;3000000111;5508;8;huyncq;VND;Dài h?n;11;09/10/2020;09/10/2040;09/10/2020;09/10/2020;
MGZrBG9ILKlR;3000000154;5513;8;huyncq;VND;Dài h?n;9;13/07/2022;25/06/2042;13/07/2022;13/07/2022;
fb7AWsK6GA60;3000000155;5513;8;huyncq;VND;Dài h?n;11;25/08/2016;25/08/2036;25/08/2016;;
NhTH97TwZRHx;3000000155;5513;8;huyncq;VND;Dài h?n;11;25/08/2016;25/08/2036;25/08/2016;;
rcgrcWAlf2vd;3000000158;5513;8;huyncq;VND;Dài h?n;8,2;15/12/2023;25/11/2043;15/12/2023;15/12/2023;
09Ylcv4BACzK;3000000159;5513;8;huyncq;VND;Dài h?n;6,5;25/10/2024;20/10/2044;25/10/2024;25/10/2024;
JHeS5yqLDWfh;3000000159;5513;8;huyncq;VND;Dài h?n;6,5;07/11/2024;20/10/2044;07/11/2024;07/11/2024;
lCU8CXVulHAH;3000000226;5513;8;huyncq;VND;Dài h?n;4,4;05/12/2019;04/10/2033;05/12/2019;05/12/2019;
DqLW8C0qJj87;3000000243;5513;8;huyncq;VND;Dài h?n;6,7;09/05/2025;25/04/2033;09/05/2025;09/05/2025;
6Vp6KjqDzPkX;3000000253;5513;8;huyncq;VND;Dài h?n;7;08/12/2023;05/12/2058;08/12/2023;08/12/2023;
xuTgMDOV2tSt;3000000253;5513;8;huyncq;VND;Dài h?n;6,7;19/11/2024;05/12/2058;19/11/2024;19/11/2024;
3gZoMYvFTNj8;3000000272;5513;8;huyncq;VND;Dài h?n;6,7;11/10/2024;11/10/2049;11/10/2024;11/10/2024;
JY3R7IEAaHVD;3000000272;5513;8;huyncq;VND;Dài h?n;6,5;25/10/2024;11/10/2049;25/10/2024;25/10/2024;
PagO5M2UF0PV;3000000278;5513;8;huyncq;VND;Dài h?n;6,7;25/11/2024;25/11/2038;25/11/2024;25/11/2024;
7QRhtdfDktiW;3000000295;5513;8;huyncq;VND;Dài h?n;4,4;09/06/2020;28/05/2040;09/06/2020;09/06/2020;
ex7yLbG36cZI;3000000295;5513;8;huyncq;VND;Dài h?n;4,4;26/06/2020;28/05/2040;26/06/2020;26/06/2020;
iFapSiVDWzMj;3000000298;5513;8;huyncq;VND;Dài h?n;5;23/03/2021;18/03/2041;23/03/2021;23/03/2021;
sj6LhIhv8hwX;3000000301;5513;8;huyncq;VND;Dài h?n;6,7;07/08/2024;22/07/2041;07/08/2024;07/08/2024;
0oz1Q2JQMh6D;3000000301;5513;8;huyncq;VND;Dài h?n;6,7;31/07/2024;22/07/2041;31/07/2024;31/07/2024;
UiHFqneQTJxc;3000000422;5558;8;huyncq;VND;Dài h?n;6;11/07/2024;11/07/2041;11/07/2024;11/07/2024;
boAC3BbBhrv8;3000000433;5558;8;huyncq;VND;Dài h?n;6;21/11/2024;21/11/2044;21/11/2024;21/11/2024;
YlVIGZhCHD19;3000000489;5513;8;huyncq;VND;Dài h?n;6,5;04/12/2024;04/12/2059;04/12/2024;04/12/2024;
ogzp5TZiNxSQ;3000000489;5513;8;huyncq;VND;Dài h?n;6,5;05/12/2024;04/12/2059;05/12/2024;05/12/2024;
pxtUFlWyoMr4;3000000511;5508;8;huyncq;VND;Dài h?n;4,9;26/09/2024;26/09/2059;26/09/2024;26/09/2024;
DkzC1Xl3YnOy;3000000588;5513;8;huyncq;VND;Dài h?n;6,7;11/12/2024;05/12/2058;11/12/2024;11/12/2024;
RufPBGW9njG7;3000000588;5513;8;huyncq;VND;Dài h?n;7;12/12/2023;05/12/2058;12/12/2023;12/12/2023;
dJkFY1J8Icka;3000000595;5508;8;huyncq;VND;Dài h?n;4,9;02/07/2025;21/05/2060;02/07/2025;02/07/2025;
qmoI3pEEVG7D;3000000595;5508;8;huyncq;VND;Dài h?n;4,9;21/05/2025;21/05/2060;21/05/2025;21/05/2025;
LO0ktok938Ww;3000000596;5508;8;huyncq;VND;Dài h?n;4,9;29/07/2025;29/07/2060;29/07/2025;29/07/2025;
2XYw7L9Dfu0l;3000000605;5513;8;huyncq;VND;Dài h?n;11;11/07/2024;11/07/2033;11/07/2024;11/07/2024;
BeYQIRck9s5j;3000000605;5513;8;huyncq;VND;Dài h?n;11;15/07/2024;11/07/2033;15/07/2024;15/07/2024;
cPDmElsbPDe4;3000000666;5513;8;huyncq;VND;Dài h?n;4,9;11/10/2024;06/12/2058;11/10/2024;11/10/2024;
hNzEea4oHl7f;3000000673;5508;8;huyncq;VND;Dài h?n;4,9;17/06/2025;25/05/2060;17/06/2025;17/06/2025;
D0QIwXTWTkBA;3000000715;5508;8;huyncq;VND;Dài h?n;6,5;17/03/2025;17/03/2045;17/03/2025;17/03/2025;
QAfOQk45DFe9;3000000728;5508;8;huyncq;VND;Dài h?n;8,5;28/11/2023;25/11/2058;28/11/2023;28/11/2023;
A6hFg4kHsn55;3000000738;5508;8;huyncq;VND;Dài h?n;4,9;08/04/2024;25/03/2059;08/04/2024;08/04/2024;
b09zCknJt5If;3000000787;5508;8;huyncq;VND;Dài h?n;11;03/12/2018;03/12/2037;03/12/2018;03/12/2018;
oZVMvKQjHKjX;3000000851;5508;8;huyncq;VND;Dài h?n;4,9;03/01/2024;25/12/2058;03/01/2024;03/01/2024;
IqGJuSnvoQHl;3000000851;5508;8;huyncq;VND;Dài h?n;4,9;23/05/2025;24/05/2060;23/05/2025;23/05/2025;
nwgaG53CpOEc;3000000892;5508;8;huyncq;VND;Dài h?n;4,9;02/04/2025;02/04/2060;02/04/2025;02/04/2025;
0mq9lrYhCljJ;3000000894;5513;8;huyncq;VND;Dài h?n;4,9;07/08/2024;08/08/2044;07/08/2024;07/08/2024;
F1G7tXyCaXrq;3000000899;5508;8;huyncq;VND;Dài h?n;11;17/08/2020;17/08/2040;18/08/2020;18/08/2020;
tkHoTv4JH5TF;3000000910;5508;8;huyncq;VND;Dài h?n;6,7;27/03/2025;29/03/2060;27/03/2025;27/03/2025;
b0aCEFNORZyn;3000000910;5508;8;huyncq;VND;Dài h?n;6,7;17/09/2024;13/09/2044;17/09/2024;17/09/2024;
ya9TLT6NFi7a;3000000915;5513;8;huyncq;VND;Dài h?n;6,5;25/07/2025;25/07/2050;25/07/2025;25/07/2025;
51m2pXbgNfmm;3000000920;5508;8;huyncq;VND;Dài h?n;4,9;21/03/2025;21/03/2057;21/03/2025;21/03/2025;
Mhyij33M9DrI;3000000939;5508;8;huyncq;VND;Dài h?n;5,6;29/07/2025;29/07/2059;29/07/2025;29/07/2025;
3mhskTeKOyrn;3000000939;5508;8;huyncq;VND;Dài h?n;5,6;05/08/2025;05/08/2059;05/08/2025;05/08/2025;
tcohWYhqE0Aa;3000000968;5513;8;huyncq;VND;Dài h?n;4,9;27/12/2024;26/12/2044;27/12/2024;27/12/2024;
5ED1FJph366e;3000000968;5513;8;huyncq;VND;Dài h?n;4,9;13/03/2024;25/02/2044;13/03/2024;13/03/2024;
Cn41iixsMz9r;3000000972;5513;8;huyncq;VND;Dài h?n;6,7;30/07/2025;28/07/2045;30/07/2025;30/07/2025;
G5LQk0z2dn7x;3000000992;7200;8;huyncq;VND;Ng?n h?n;1,5;18/08/2025;18/02/2026;18/08/2025;18/08/2025;
SVIgMT5uIRs6;3000001010;8615;8;huyncq;VND;Ng?n h?n;7,3;28/10/2025;28/04/2026;28/10/2025;28/10/2025;
dpIwCpGhanQ9;3000001012;5513;8;huyncq;VND;Dài h?n;6,5;22/08/2025;22/08/2040;22/08/2025;22/08/2025;
Jt187HD6FYwD;3000001031;5508;8;huyncq;VND;Dài h?n;6,7;14/08/2025;13/08/2055;14/08/2025;14/08/2025;
zWMej5m5h6ZF;3000001160;5513;8;huyncq;VND;Dài h?n;11;22/08/2024;23/08/2049;22/08/2024;22/08/2024;
Oi4sH2uXDMjE;3000001160;5513;8;huyncq;VND;Dài h?n;6;14/11/2024;23/08/2049;14/11/2024;14/11/2024;
6kCYJQo0KiAS;3000001160;5513;8;huyncq;VND;Dài h?n;11;18/10/2024;23/08/2049;18/10/2024;18/10/2024;
CqD7AERqsIUt;3000001178;8724;8;huyncq;VND;Dài h?n;7,8;01/12/2023;25/11/2043;01/12/2023;01/12/2023;
tHAPPW4b0bBo;3000001180;5513;8;huyncq;VND;Dài h?n;11;07/11/2024;13/11/2043;07/11/2024;07/11/2024;
rurJU1JTdn9v;3000001180;5513;8;huyncq;VND;Dài h?n;11;17/11/2023;13/11/2043;17/11/2023;17/11/2023;
0X2wyoazFNMF;3000001182;5513;8;huyncq;VND;Dài h?n;6,7;19/03/2025;21/07/2059;19/03/2025;19/03/2025;
tSULb9BccykM;3000001186;5513;8;huyncq;VND;Dài h?n;7;11/12/2023;05/12/2053;11/12/2023;11/12/2023;
Sn8uZf8mmiyE;3000001186;5513;8;huyncq;VND;Dài h?n;6,7;25/11/2024;05/12/2053;25/11/2024;25/11/2024;
sDENqzJGYoty;3000001199;5513;8;huyncq;VND;Dài h?n;6,7;16/10/2024;05/12/2058;16/10/2024;16/10/2024;
rRjPpXrDuIwi;3000001199;5513;8;huyncq;VND;Dài h?n;7;11/12/2023;05/12/2058;11/12/2023;11/12/2023;
Tn15aCh2OM3u;3000001210;5513;8;huyncq;VND;Dài h?n;7;06/12/2023;08/12/2042;06/12/2023;06/12/2023;
CdR8nV3iwKiR;3000001210;5513;8;huyncq;VND;Dài h?n;6,7;25/11/2024;08/12/2042;25/11/2024;25/11/2024;
HQfgFwn0REE7;3000001211;5513;8;huyncq;VND;Dài h?n;6,7;19/11/2024;05/12/2056;19/11/2024;19/11/2024;
jSSb5m4ZcdTJ;3000001211;5513;8;huyncq;VND;Dài h?n;7;07/12/2023;05/12/2056;07/12/2023;07/12/2023;
h0BnHYTwUT8F;3000001229;5513;8;huyncq;VND;Dài h?n;6,7;16/10/2024;06/12/2049;16/10/2024;16/10/2024;
X1gdJoTj9BrN;3000001229;5513;8;huyncq;VND;Dài h?n;7;08/12/2023;06/12/2049;08/12/2023;08/12/2023;
EFpZkDFzzykS;3000001235;5513;8;huyncq;VND;Dài h?n;6,7;16/10/2024;05/12/2035;16/10/2024;16/10/2024;
NEDAf0QkHmBq;3000001235;5513;8;huyncq;VND;Dài h?n;7;11/12/2023;05/12/2035;11/12/2023;11/12/2023;
skLKshkrEWDT;3000001253;5513;8;huyncq;VND;Dài h?n;7;08/12/2023;05/12/2053;08/12/2023;08/12/2023;
EgZaV2yHRgHr;3000001253;5513;8;huyncq;VND;Dài h?n;6,7;16/10/2024;05/12/2053;16/10/2024;16/10/2024;
RRvsxKoWBQN8;3000001367;5513;8;huyncq;VND;Dài h?n;7;02/04/2024;01/04/2039;02/04/2024;02/04/2024;
RNM6SmOlVXdP;3000001385;5513;8;huyncq;VND;Dài h?n;11;07/11/2024;20/05/2044;07/11/2024;07/11/2024;
pChRYUdFFW15;3000001416;5513;8;huyncq;VND;Dài h?n;6,7;07/06/2024;05/06/2059;07/06/2024;07/06/2024;
yHzS9EiwEGAh;3000001416;5513;8;huyncq;VND;Dài h?n;6,7;09/10/2024;05/06/2059;09/10/2024;09/10/2024;
NEfZ32CgnPR5;3000001466;5508;8;huyncq;VND;Dài h?n;6;24/10/2024;16/08/2049;24/10/2024;24/10/2024;
jVVlAAM0LE31;3000001565;5513;8;huyncq;VND;Dài h?n;6,5;15/11/2024;04/11/2044;15/11/2024;15/11/2024;
etIDpxcqshUw;3000001565;5513;8;huyncq;VND;Dài h?n;6,5;06/11/2024;04/11/2044;06/11/2024;06/11/2024;
HNlB6F2QVjoG;3000001576;5558;8;huyncq;VND;Dài h?n;6,5;10/04/2025;10/04/2045;10/04/2025;10/04/2025;
0f4u5BX4UeBb;3000001576;5508;8;huyncq;VND;Dài h?n;6;15/11/2024;15/11/2052;15/11/2024;15/11/2024;
9S86vfYAm0Bh;3000001588;5513;8;huyncq;VND;Dài h?n;6,5;04/12/2024;04/12/2059;04/12/2024;04/12/2024;
2PTGQ3nzrFWO;3000001588;5513;8;huyncq;VND;Dài h?n;6,5;04/12/2024;04/12/2059;04/12/2024;04/12/2024;
eqm9EklwagAi;3000001593;5513;8;huyncq;VND;Dài h?n;6,7;05/12/2024;25/11/2049;05/12/2024;05/12/2024;
O2vSX6pvDC1s;3000001593;5513;8;huyncq;VND;Dài h?n;6,7;19/12/2024;25/11/2049;19/12/2024;19/12/2024;
7xBEDZkmcAfA;3000001599;5513;8;huyncq;VND;Dài h?n;6,5;18/12/2024;18/12/2051;18/12/2024;18/12/2024;
qcZF7q8KlkBe;3000001603;5508;8;huyncq;VND;Dài h?n;6,7;10/01/2025;11/01/2055;10/01/2025;10/01/2025;
wCnKZsWH6o71;3000001624;5558;8;huyncq;VND;Dài h?n;6,7;04/04/2025;04/04/2035;04/04/2025;04/04/2025;
rjZK8oAoopHc;3000001627;5588;8;huyncq;VND;Dài h?n;7,5;21/10/2025;21/09/2034;21/10/2025;21/10/2025;
aWaQqgjbz8DT;3000001641;5502;8;huyncq;VND;Dài h?n;6,5;09/06/2025;09/06/2038;09/06/2025;09/06/2025;
kK2gZ6EZ9Z7T;3000001641;5502;8;huyncq;VND;Dài h?n;6,5;09/06/2025;09/06/2038;09/06/2025;09/06/2025;
yKml9dwSb3xm;3000001686;5558;8;huyncq;VND;Dài h?n;7;18/09/2025;18/09/2035;18/09/2025;18/09/2025;
zintH81frDXs;3000001692;5513;8;huyncq;VND;Dài h?n;7,7;19/11/2025;19/11/2054;19/11/2025;19/11/2025;
mEQ5GwfEogu4;3000001705;5513;8;huyncq;VND;Dài h?n;5;20/07/2018;20/07/2038;20/07/2018;20/07/2018;
Vqey9N4fyRpz;3000001717;5513;8;huyncq;VND;Dài h?n;6,7;17/05/2024;17/05/2044;17/05/2024;17/05/2024;
kZ0p3jceDTti;3000001717;5513;8;huyncq;VND;Dài h?n;6,7;10/10/2024;17/05/2044;10/10/2024;10/10/2024;
RhHtFYs2vjen;3000001733;5508;8;huyncq;VND;Dài h?n;5,5;21/12/2021;23/12/2041;21/12/2021;21/12/2021;
Kwfcc4TAM2Qd;3000001733;5508;8;huyncq;VND;Dài h?n;5,5;05/04/2022;17/03/2042;05/04/2022;05/04/2022;
nGu4PmRnuFPZ;3000001752;5508;8;huyncq;VND;Dài h?n;4,9;31/07/2024;31/07/2051;31/07/2024;31/07/2024;
AUYql7P56Txq;3000001752;5508;8;huyncq;VND;Dài h?n;4,9;26/09/2024;25/07/2051;26/09/2024;26/09/2024;
MBHkjCdElwFo;3000001756;5508;8;huyncq;VND;Dài h?n;4,9;09/01/2025;09/01/2045;09/01/2025;09/01/2025;
zfA8JG2MEBmi;3000001763;5513;8;huyncq;VND;Dài h?n;5;13/01/2020;13/01/2040;13/01/2020;13/01/2020;
Caa7NsF4jHMy;3000001763;5558;8;huyncq;VND;Dài h?n;4,9;29/05/2025;25/05/2045;29/05/2025;29/05/2025;
n8rXGzTv4tdd;3000000026;7200;18;khanhdth;VND;Ng?n h?n;1;04/09/2025;02/03/2026;04/09/2025;04/09/2025;
G3awWpxr7CRX;3000000030;5508;18;khanhdth;VND;Dài h?n;11;09/03/2022;10/03/2042;09/03/2022;09/03/2022;
ehjftDO5OHxY;3000000033;7228;18;khanhdth;VND;Ng?n h?n;7;22/09/2025;13/01/2026;22/09/2025;22/09/2025;
I9Fj6rWJgQoi;3000000246;5508;18;khanhdth;VND;Dài h?n;11;01/06/2018;01/06/2038;01/06/2018;01/06/2018;
BVwh72EubufX;3000000252;5522;18;khanhdth;VND;Trung h?n;11;31/01/2024;26/01/2029;31/01/2024;31/01/2024;
o0T6mCmmAL3G;3000000276;5508;18;khanhdth;VND;Dài h?n;7;18/07/2025;30/06/2032;18/07/2025;18/07/2025;
W0f18M22f4SP;3000000366;5558;18;khanhdth;VND;Dài h?n;6,7;11/06/2025;30/05/2045;11/06/2025;11/06/2025;
ozKFkaP0nX8H;3000000402;8000;18;khanhdth;VND;Ng?n h?n;6,4;24/09/2025;24/03/2026;24/09/2025;24/09/2025;
DvVdNv6M3ZQM;3000000402;8000;18;khanhdth;VND;Ng?n h?n;7,7;29/10/2025;29/04/2026;29/10/2025;29/10/2025;
TvPyY5SD9SZi;3000000522;5513;18;khanhdth;VND;Dài h?n;7;25/01/2024;06/01/2059;25/01/2024;25/01/2024;
wrB3cJI1NOQN;3000000522;5513;18;khanhdth;VND;Dài h?n;6,7;15/10/2024;06/01/2059;15/10/2024;15/10/2024;
tA2mOu6JAhEv;3000000630;8609;18;khanhdth;VND;Ng?n h?n;6;30/07/2025;30/01/2026;30/07/2025;30/07/2025;
guGF8COWI9CY;3000000630;8609;18;khanhdth;VND;Ng?n h?n;6;29/07/2025;29/01/2026;29/07/2025;29/07/2025;
1uwHWDEOgpo6;3000000630;8609;18;khanhdth;VND;Ng?n h?n;6;30/07/2025;30/01/2026;30/07/2025;30/07/2025;
vVU83vNSgRMB;3000000667;5508;18;khanhdth;VND;Dài h?n;4,9;29/07/2024;29/05/2052;29/07/2024;29/07/2024;
Du3nhiu4zki5;3000000667;5508;18;khanhdth;VND;Dài h?n;6;29/07/2024;29/05/2052;29/07/2024;29/07/2024;
pipYQt2sQaPc;3000000667;5508;18;khanhdth;VND;Dài h?n;4,9;04/07/2024;28/06/2052;04/07/2024;04/07/2024;
ZmjTEs1GnBNV;3000000735;5508;18;khanhdth;VND;Dài h?n;6,5;22/08/2025;23/08/2060;22/08/2025;22/08/2025;
jRYz2Hc9ZLTg;3000000741;8000;18;khanhdth;VND;Ng?n h?n;7;25/08/2025;25/02/2026;25/08/2025;25/08/2025;
zMi4yBkbnuGA;3000000741;8000;18;khanhdth;VND;Ng?n h?n;7;24/07/2025;26/01/2026;24/07/2025;24/07/2025;
ieDmLDPP7S2n;3000000741;8000;18;khanhdth;VND;Ng?n h?n;7;29/09/2025;30/03/2026;29/09/2025;29/09/2025;
RauSIlVB5N0N;3000000741;8000;18;khanhdth;VND;Ng?n h?n;7;18/06/2025;18/12/2025;18/06/2025;18/06/2025;
tdXKKv0FSTlu;3000000741;8000;18;khanhdth;VND;Ng?n h?n;7;01/08/2025;02/02/2026;01/08/2025;01/08/2025;
FfroGl6sbV3M;3000000745;5508;18;khanhdth;VND;Dài h?n;11;31/07/2019;25/07/2029;31/07/2019;31/07/2019;
Dk5o4qOEswR1;3000000745;5508;18;khanhdth;VND;Dài h?n;11;14/12/2020;16/12/2030;14/12/2020;14/12/2020;
47Mi6ja4WyOE;3000000802;7228;18;khanhdth;VND;Ng?n h?n;7;07/11/2025;16/01/2026;07/11/2025;07/11/2025;
qp2AL2vZ7CRp;3000000838;5508;18;khanhdth;VND;Dài h?n;6,7;30/05/2024;27/05/2047;30/05/2024;30/05/2024;
uGPTJHhQNfGZ;3000000838;5558;18;khanhdth;VND;Dài h?n;7;24/10/2024;24/10/2044;24/10/2024;24/10/2024;
jHjkE4rttmcq;3000000923;5508;18;khanhdth;VND;Dài h?n;7;30/08/2024;25/08/2054;30/08/2024;30/08/2024;
qz8ppe7kQSn8;3000000941;5508;18;khanhdth;VND;Dài h?n;11;05/03/2021;06/02/2040;05/03/2021;05/03/2021;
8UA6IcACsFZ2;3000001214;5513;18;khanhdth;VND;Dài h?n;7;11/12/2023;05/12/2057;11/12/2023;11/12/2023;
pChtG35oiMMR;3000001420;5508;18;khanhdth;VND;Dài h?n;6,7;18/06/2024;25/05/2057;18/06/2024;18/06/2024;
YxA7rGZA9PZE;3000001437;5588;18;khanhdth;VND;Dài h?n;7;10/07/2024;08/07/2047;10/07/2024;10/07/2024;
Az7BeDPllMNf;3000001596;5551;18;khanhdth;VND;Trung h?n;6,7;24/02/2025;17/12/2029;24/02/2025;24/02/2025;
JNtTtK9J6nZE;3000001596;5551;18;khanhdth;VND;Trung h?n;6;17/12/2024;17/12/2029;17/12/2024;17/12/2024;
C4Y4xNnUgAOd;3000001606;5508;18;khanhdth;VND;Dài h?n;6,7;13/05/2025;25/04/2047;13/05/2025;13/05/2025;
CSz9DpTKCsbi;3000001619;5508;18;khanhdth;VND;Dài h?n;6,5;27/03/2025;25/03/2048;27/03/2025;27/03/2025;
oR8HEd5tNT79;3000001619;5508;18;khanhdth;VND;Dài h?n;8;16/09/2025;25/08/2045;16/09/2025;16/09/2025;
OBE4Kjw6E4Cu;3000001661;5552;18;khanhdth;VND;Dài h?n;7;14/10/2025;25/09/2045;14/10/2025;14/10/2025;
L3KSLI7vqu8m;3000001691;5508;18;khanhdth;VND;Dài h?n;6,7;16/10/2025;27/09/2060;16/10/2025;16/10/2025;
BSOuh9GEs2Wz;3000001749;5508;18;khanhdth;VND;Dài h?n;6;28/04/2025;25/04/2035;28/04/2025;28/04/2025;
ULBOleOHfSrW;3000001749;7200;18;khanhdth;VND;Ng?n h?n;6,1;12/06/2025;02/12/2025;12/06/2025;12/06/2025;
kkjWY9xJEgly;3000000347;8000;5;ld.hoang;VND;Ng?n h?n;4,4;10/09/2025;10/03/2026;10/09/2025;10/09/2025;
q0WTMctha8LF;3000000347;8000;5;ld.hoang;VND;Ng?n h?n;4,4;24/09/2025;24/03/2026;24/09/2025;24/09/2025;
W3aeKcVMwCBf;3000000373;8000;5;ld.hoang;VND;Ng?n h?n;7,7;31/10/2025;31/03/2026;31/10/2025;31/10/2025;
SDdHqAeMWTKQ;3000000373;8000;5;ld.hoang;VND;Ng?n h?n;6,4;05/09/2025;05/02/2026;05/09/2025;05/09/2025;
xHXAivKn3jjK;3000000373;8000;5;ld.hoang;VND;Ng?n h?n;6,4;30/09/2025;02/03/2026;30/09/2025;30/09/2025;
VVMn4UOGghR3;3000000373;8000;5;ld.hoang;VND;Ng?n h?n;6,4;30/09/2025;02/03/2026;30/09/2025;30/09/2025;
dl7ScNlgtTh3;3000000373;8000;5;ld.hoang;VND;Ng?n h?n;7,6;28/11/2025;28/04/2026;28/11/2025;28/11/2025;
sXxjQUtbwECR;3000000451;8000;5;ld.hoang;VND;Ng?n h?n;4,6;09/10/2025;09/03/2026;09/10/2025;09/10/2025;
8o3HTYFQ3vLm;3000000451;8000;5;ld.hoang;VND;Ng?n h?n;4,6;15/10/2025;16/03/2026;15/10/2025;15/10/2025;
BfWy1b06j7nM;3000000451;8000;5;ld.hoang;VND;Ng?n h?n;4,5;04/09/2025;04/02/2026;04/09/2025;04/09/2025;
XMWcc0zELX9E;3000000451;8000;5;ld.hoang;VND;Ng?n h?n;4,5;30/09/2025;02/03/2026;30/09/2025;30/09/2025;
mcWLhW9K1fyK;3000000334;8001;7;lh.phu;USD;Ng?n h?n;5,3;05/06/2025;05/12/2025;05/06/2025;05/06/2025;
t84o4m5O0WmJ;3000000334;8001;7;lh.phu;USD;Ng?n h?n;5,3;16/06/2025;16/12/2025;16/06/2025;16/06/2025;
4WmSIS05Q2ew;3000000334;8000;7;lh.phu;VND;Ng?n h?n;6;23/06/2025;23/12/2025;23/06/2025;23/06/2025;
MFM45RK2CUPv;3000000334;8001;7;lh.phu;USD;Ng?n h?n;5,3;24/10/2025;24/04/2026;24/10/2025;24/10/2025;
jWX5lShOoG08;3000000334;8000;7;lh.phu;VND;Ng?n h?n;6,5;06/11/2025;06/05/2026;06/11/2025;06/11/2025;
hjeLovhXZyND;3000000334;8000;7;lh.phu;VND;Ng?n h?n;5,8;12/09/2025;12/03/2026;12/09/2025;12/09/2025;
fiyTTDWdh4sr;3000000334;8000;7;lh.phu;VND;Ng?n h?n;6,5;19/11/2025;19/05/2026;19/11/2025;19/11/2025;
7XVtiUmaklfT;3000000334;8000;7;lh.phu;VND;Ng?n h?n;6;10/06/2025;10/12/2025;10/06/2025;10/06/2025;
0T4ZOeUrEZ2l;3000000334;8001;7;lh.phu;USD;Ng?n h?n;5,3;03/10/2025;03/04/2026;03/10/2025;03/10/2025;
VnqQzWGb2txB;3000000334;8000;7;lh.phu;VND;Ng?n h?n;5,8;11/08/2025;11/02/2026;11/08/2025;11/08/2025;
XXrCLC3jbapV;3000000334;8001;7;lh.phu;USD;Ng?n h?n;5,3;30/05/2025;01/12/2025;30/05/2025;30/05/2025;
ssdhyy3MTori;3000000334;8000;7;lh.phu;VND;Ng?n h?n;6;07/07/2025;07/01/2026;07/07/2025;07/07/2025;
O7eiRiW8zEWk;3000000334;8000;7;lh.phu;VND;Ng?n h?n;5,8;21/07/2025;21/01/2026;21/07/2025;21/07/2025;
prCCPIGGwhfH;3000000334;8000;7;lh.phu;VND;Ng?n h?n;5,8;15/08/2025;12/02/2026;15/08/2025;15/08/2025;
OrCbQDCeUeJh;3000000334;8000;7;lh.phu;VND;Ng?n h?n;5,8;10/09/2025;10/03/2026;10/09/2025;10/09/2025;
eDzwKmRe7FG7;3000000334;8001;7;lh.phu;USD;Ng?n h?n;5,3;04/07/2025;05/01/2026;04/07/2025;04/07/2025;
BfGtDE65IfoB;3000000334;8000;7;lh.phu;VND;Ng?n h?n;5,8;25/07/2025;26/01/2026;25/07/2025;25/07/2025;
QQ9GNCJbUvp2;3000000334;8000;7;lh.phu;VND;Ng?n h?n;5,8;18/09/2025;18/03/2026;18/09/2025;18/09/2025;
Ckdzi2ZjPMst;3000000334;8000;7;lh.phu;VND;Ng?n h?n;6,5;27/10/2025;27/04/2026;27/10/2025;27/10/2025;
RVlg6GTT1bWf;3000000376;8000;7;lh.phu;VND;Ng?n h?n;4,8;13/10/2025;13/04/2026;13/10/2025;13/10/2025;
uJVtfU4KGVG7;3000000376;8000;7;lh.phu;VND;Ng?n h?n;4,8;19/08/2025;19/02/2026;19/08/2025;19/08/2025;
NztawPyDQOW3;3000000376;8000;7;lh.phu;VND;Ng?n h?n;4,9;09/06/2025;09/12/2025;09/06/2025;09/06/2025;
DKidAYuIKl8E;3000000376;8000;7;lh.phu;VND;Ng?n h?n;4,8;08/10/2025;08/04/2026;08/10/2025;08/10/2025;
Fo5efiMMCvuw;3000000376;8000;7;lh.phu;VND;Ng?n h?n;4,9;13/06/2025;15/12/2025;13/06/2025;13/06/2025;
EobUjs37aX6T;3000000376;8000;7;lh.phu;VND;Ng?n h?n;4,8;10/10/2025;10/04/2026;10/10/2025;10/10/2025;
rziGC0zCHnoC;3000000390;8000;7;lh.phu;VND;Ng?n h?n;7;30/09/2025;30/03/2026;30/09/2025;30/09/2025;
RRbVpDtC2TnX;3000000390;8000;7;lh.phu;VND;Ng?n h?n;7,3;30/10/2025;30/04/2026;30/10/2025;30/10/2025;
liJtAFq1xYxW;3000000390;8000;7;lh.phu;VND;Ng?n h?n;7;28/08/2025;02/03/2026;28/08/2025;28/08/2025;
KkrECMBHxcwE;3000000390;8000;7;lh.phu;VND;Ng?n h?n;7;30/07/2025;30/01/2026;30/07/2025;30/07/2025;
28agqzZv2d6s;3000000390;8056;7;lh.phu;VND;Trung h?n;6,5;23/07/2025;21/07/2028;23/07/2025;30/07/2025;
DETbD7oW3pwN;3000000390;8000;7;lh.phu;VND;Ng?n h?n;7;01/07/2025;01/01/2026;01/07/2025;01/07/2025;
PRj5GeknWAK7;3000000390;8000;7;lh.phu;VND;Ng?n h?n;7,3;26/11/2025;26/05/2026;26/11/2025;26/11/2025;
lYtmzsDoPx3J;3000000003;5513;8;linhntm11;VND;Dài h?n;11;31/08/2017;31/08/2037;31/08/2017;31/08/2017;
rqqkOvDcm9IS;3000000031;5513;8;linhntm11;VND;Dài h?n;6,7;27/11/2024;12/12/2058;27/11/2024;27/11/2024;
wi6SJHvc1Aud;3000000031;5513;8;linhntm11;VND;Dài h?n;7;12/12/2023;12/12/2058;12/12/2023;12/12/2023;
r1ul1wugsrXA;3000000057;5508;8;linhntm11;VND;Dài h?n;6,7;02/04/2024;02/04/2052;02/04/2024;02/04/2024;
0qb5iK8x67GG;3000000081;5508;8;linhntm11;VND;Dài h?n;4,9;14/05/2024;14/05/2053;14/05/2024;14/05/2024;
wKUZ5Vz0NGbT;3000000128;5523;8;linhntm11;VND;Dài h?n;6,7;16/06/2025;16/06/2032;16/06/2025;16/06/2025;
yluFvR3vrtTS;3000000138;5513;8;linhntm11;VND;Dài h?n;6,7;20/03/2025;20/02/2045;20/03/2025;20/03/2025;
TT6TaMXCetZ4;3000000165;5513;8;linhntm11;VND;Dài h?n;6,7;24/06/2024;24/06/2048;24/06/2024;24/06/2024;
6fH052XOkkVF;3000000165;5513;8;linhntm11;VND;Dài h?n;6,7;09/10/2024;24/06/2048;09/10/2024;09/10/2024;
jXzO1HRzd9Nx;3000000168;5557;8;linhntm11;VND;Trung h?n;7;03/10/2025;25/09/2030;03/10/2025;03/10/2025;
hz1kCGodxDUK;3000000491;5508;8;linhntm11;VND;Dài h?n;5,5;26/05/2020;25/05/2040;26/05/2020;26/05/2020;
oKTLtsUOlzWc;3000000540;5513;8;linhntm11;VND;Dài h?n;7;18/01/2024;05/01/2044;18/01/2024;18/01/2024;
QkilwE8eoezw;3000000540;5513;8;linhntm11;VND;Dài h?n;6,7;17/12/2024;05/01/2044;17/12/2024;17/12/2024;
BdmdNMDwtrc9;3000000550;5513;8;linhntm11;VND;Dài h?n;6,7;22/08/2024;18/08/2059;22/08/2024;22/08/2024;
NFhRxaGTiMv4;3000000550;5513;8;linhntm11;VND;Dài h?n;6,7;03/10/2024;18/08/2059;03/10/2024;03/10/2024;
MrdhCLCbw3mG;3000000578;5522;8;linhntm11;VND;Trung h?n;7;17/10/2025;17/10/2029;17/10/2025;17/10/2025;
pTnchzgijwl4;3000000578;5508;8;linhntm11;VND;Dài h?n;11;04/10/2022;25/09/2047;04/10/2022;04/10/2022;
BXitci6klD84;3000000585;5513;8;linhntm11;VND;Dài h?n;6,5;18/03/2025;05/03/2055;18/03/2025;18/03/2025;
lO9uvmYDLZIz;3000000587;5508;8;linhntm11;VND;Dài h?n;4,9;07/05/2025;07/05/2060;07/05/2025;07/05/2025;
SCLol1bk6Ytt;3000000776;5513;8;linhntm11;VND;Dài h?n;6,3;19/11/2024;18/11/2059;20/11/2024;20/11/2024;
CzlwQihR7Ql2;3000000777;5513;8;linhntm11;VND;Dài h?n;6;31/03/2025;31/03/2060;31/03/2025;31/03/2025;
LOtNqxS08dQq;3000000778;5508;8;linhntm11;VND;Dài h?n;11;06/10/2022;25/09/2047;06/10/2022;06/10/2022;
OT5P3CzqITdS;3000000782;5523;8;linhntm11;VND;Dài h?n;7,5;21/12/2023;05/12/2030;21/12/2023;21/12/2023;
QkH9AtTEzQ2N;3000000784;5508;8;linhntm11;VND;Dài h?n;4,9;28/05/2024;25/05/2044;28/05/2024;28/05/2024;
MZTZPDI3NVDu;3000000839;5513;8;linhntm11;VND;Dài h?n;11;13/08/2019;15/08/2039;14/08/2019;14/08/2019;
EROtgGKJiFr3;3000000885;5508;8;linhntm11;VND;Dài h?n;4,9;25/10/2023;23/10/2043;25/10/2023;25/10/2023;
s3fXlL17Eboz;3000000989;5513;8;linhntm11;VND;Dài h?n;6;17/09/2024;16/09/2050;17/09/2024;17/09/2024;
PnAPPkVqU240;3000001013;5513;8;linhntm11;VND;Dài h?n;6,7;19/07/2024;12/07/2044;19/07/2024;19/07/2024;
ykCsjYFkH2zn;3000001013;5513;8;linhntm11;VND;Dài h?n;6,7;11/10/2024;12/07/2044;11/10/2024;11/10/2024;
of0EqD8ghn8L;3000001053;5513;8;linhntm11;VND;Dài h?n;6,7;04/09/2024;03/09/2055;04/09/2024;04/09/2024;
dWlmpLwJI12J;3000001053;5513;8;linhntm11;VND;Dài h?n;6,7;02/10/2024;03/09/2055;02/10/2024;02/10/2024;
oL6aCWHSEXSI;3000001078;5513;8;linhntm11;VND;Dài h?n;6,7;11/10/2024;20/05/2054;11/10/2024;11/10/2024;
oZCJgcHIGaXZ;3000001078;5513;8;linhntm11;VND;Dài h?n;6,7;31/05/2024;28/05/2054;31/05/2024;31/05/2024;
R5xLiH3u6cyq;3000001103;5513;8;linhntm11;VND;Dài h?n;11;28/04/2023;19/04/2058;28/04/2023;28/04/2023;
DV7U5H7CxnEt;3000001103;5513;8;linhntm11;VND;Dài h?n;6,7;03/10/2025;20/09/2055;03/10/2025;03/10/2025;
SzE4x8kAVFz9;3000001128;5558;8;linhntm11;VND;Dài h?n;11;26/07/2023;06/07/2043;26/07/2023;26/07/2023;
GjCvjF6dNlqe;3000001136;5513;8;linhntm11;VND;Dài h?n;11;20/11/2023;17/11/2039;20/11/2023;20/11/2023;
6hI8sqVw89s9;3000001136;5513;8;linhntm11;VND;Dài h?n;11;18/11/2024;17/11/2039;18/11/2024;18/11/2024;
Q2mUtr7NOCOg;3000001138;5513;8;linhntm11;VND;Dài h?n;11;11/11/2024;15/11/2058;11/11/2024;11/11/2024;
lXJYYOySSW9B;3000001257;5513;8;linhntm11;VND;Dài h?n;6,7;25/10/2024;07/12/2048;25/10/2024;25/10/2024;
HcHpG3BJnOYA;3000001257;5513;8;linhntm11;VND;Dài h?n;7;20/12/2023;07/12/2048;20/12/2023;20/12/2023;
QpfbynPvkorJ;3000001265;5513;8;linhntm11;VND;Dài h?n;7;11/12/2023;05/08/2050;11/12/2023;11/12/2023;
F5LgrMxGzYhA;3000001379;5513;8;linhntm11;VND;Dài h?n;6,5;12/06/2024;14/06/2049;12/06/2024;12/06/2024;
bflHvCD6rwJb;3000001389;5513;8;linhntm11;VND;Dài h?n;6,7;10/10/2024;19/06/2059;10/10/2024;10/10/2024;
vmIAHjgiHZxz;3000001389;5513;8;linhntm11;VND;Dài h?n;6,7;19/06/2024;19/06/2059;19/06/2024;19/06/2024;
GuCcnSRmQe8w;3000001395;5513;8;linhntm11;VND;Dài h?n;6,7;07/10/2024;07/05/2059;07/10/2024;07/10/2024;
o3gw057959tH;3000001395;5513;8;linhntm11;VND;Dài h?n;6,7;31/05/2024;23/05/2059;31/05/2024;31/05/2024;
UUAJqVxldaUX;3000001406;5513;8;linhntm11;VND;Dài h?n;6,7;06/06/2024;06/06/2059;06/06/2024;06/06/2024;
OUyNJjujjGBF;3000001406;5513;8;linhntm11;VND;Dài h?n;6,5;29/11/2024;28/10/2059;29/11/2024;29/11/2024;
kVqslHAloIyj;3000001406;5513;8;linhntm11;VND;Dài h?n;6,7;09/10/2024;06/06/2059;09/10/2024;09/10/2024;
xmbLKxh59wy8;3000001448;5513;8;linhntm11;VND;Dài h?n;6,5;17/07/2024;11/07/2059;17/07/2024;17/07/2024;
dn6AbXAw4Qu7;3000001455;5513;8;linhntm11;VND;Dài h?n;6,7;09/10/2024;06/07/2057;09/10/2024;09/10/2024;
UnNb44oQYTbb;3000001455;5513;8;linhntm11;VND;Dài h?n;6,7;12/07/2024;06/07/2057;12/07/2024;12/07/2024;
rJ6I7i5Xlmqn;3000001510;5513;8;linhntm11;VND;Dài h?n;6,7;16/10/2024;12/09/2059;16/10/2024;16/10/2024;
nq26hwxhy6mO;3000001511;5513;8;linhntm11;VND;Dài h?n;6,5;17/10/2024;20/09/2050;18/10/2024;18/10/2024;
xOoxFf1qN73x;3000001511;5513;8;linhntm11;VND;Dài h?n;6,7;03/10/2024;20/09/2050;03/10/2024;03/10/2024;
jweWG0vDEXc6;3000001521;5513;8;linhntm11;VND;Dài h?n;6,7;09/10/2024;19/09/2059;09/10/2024;09/10/2024;
jLDw3vCZr0ft;3000001521;5513;8;linhntm11;VND;Dài h?n;6,7;23/09/2024;19/09/2059;23/09/2024;23/09/2024;
Zn44lZF4fDXu;3000001545;5513;8;linhntm11;VND;Dài h?n;6;18/10/2024;14/07/2034;18/10/2024;18/10/2024;
oek34UEuYuMN;3000001549;5513;8;linhntm11;VND;Dài h?n;6,7;28/10/2024;21/10/2044;28/10/2024;28/10/2024;
jHNRByfiPXto;3000001559;5513;8;linhntm11;VND;Dài h?n;6,5;01/11/2024;29/10/2049;01/11/2024;01/11/2024;
1fiI0OBjKFoQ;3000001559;5513;8;linhntm11;VND;Dài h?n;6,5;18/11/2024;29/10/2049;18/11/2024;18/11/2024;
CPZtfsuk13DN;3000001568;5513;8;linhntm11;VND;Dài h?n;6,5;20/11/2024;18/11/2044;20/11/2024;20/11/2024;
zBEziikgkAC3;3000001602;5513;8;linhntm11;VND;Dài h?n;6,7;21/03/2025;10/03/2060;21/03/2025;21/03/2025;
b93Qju45G7Xj;3000001665;5513;8;linhntm11;VND;Dài h?n;6,5;31/10/2025;26/05/2055;31/10/2025;31/10/2025;
DJ4ZrSxFqOs7;3000001711;5513;8;linhntm11;VND;Dài h?n;6,7;07/06/2024;05/12/2041;07/06/2024;07/06/2024;
dg1iTBqCdeV0;3000001711;5513;8;linhntm11;VND;Dài h?n;6,7;02/10/2024;02/12/2041;02/10/2024;02/10/2024;
2aGrZQEH3gCp;3000001715;5508;8;linhntm11;VND;Dài h?n;11;01/11/2018;29/10/2038;01/11/2018;01/11/2018;
H9wrCfEc7I3X;3000001715;5508;8;linhntm11;VND;Dài h?n;6,7;23/07/2025;22/07/2044;23/07/2025;23/07/2025;
MCBKCCUObgRO;3000001720;5523;8;linhntm11;VND;Dài h?n;11;20/10/2022;01/10/2029;20/10/2022;20/10/2022;
IdBbyXbyBltz;3000001743;5508;8;linhntm11;VND;Dài h?n;11;04/08/2017;04/08/2037;04/08/2017;04/08/2017;
3RwAhvnjGk3A;3000001745;5513;8;linhntm11;VND;Dài h?n;6,7;24/05/2024;24/09/2057;24/05/2024;24/05/2024;
HaQjLycGbgZ0;3000001748;5513;8;linhntm11;VND;Dài h?n;4,9;11/12/2023;06/12/2038;11/12/2023;11/12/2023;
jfgVVUBynkM0;3000001748;5513;8;linhntm11;VND;Dài h?n;5;05/12/2019;05/11/2038;05/12/2019;05/12/2019;
THSoOq0UEcHK;3000001748;5513;8;linhntm11;VND;Dài h?n;4,9;25/10/2024;06/12/2038;25/10/2024;25/10/2024;
SOSGYMYI1hZT;3000001766;5508;8;linhntm11;VND;Dài h?n;5,5;27/05/2021;27/05/2041;27/05/2021;27/05/2021;
M9pDwjr2KFpR;3000000371;8000;6;linhntt31;VND;Ng?n h?n;9;05/07/2024;06/01/2025;05/07/2024;05/07/2024;
zqW3CciWdx5n;3000000371;8000;6;linhntt31;VND;Ng?n h?n;9;30/08/2024;28/02/2025;30/08/2024;30/08/2024;
QJDmoJ7wyhby;3000000371;8000;6;linhntt31;VND;Ng?n h?n;9;03/07/2024;03/01/2025;03/07/2024;03/07/2024;
dxWNNxhdRWsn;3000000371;8000;6;linhntt31;VND;Ng?n h?n;9;01/08/2024;03/02/2025;01/08/2024;01/08/2024;
iVmAwBCQ5lwr;3000000371;8000;6;linhntt31;VND;Ng?n h?n;9;01/08/2024;03/02/2025;01/08/2024;01/08/2024;
Fy3RNEwIYIhW;3000000371;8000;6;linhntt31;VND;Ng?n h?n;9;30/05/2024;02/12/2024;30/05/2024;30/05/2024;
xRp7r7rzOkbU;3000000371;8000;6;linhntt31;VND;Ng?n h?n;9;20/06/2024;20/12/2024;20/06/2024;20/06/2024;
iM0HGPd5vQ7i;3000000371;8000;6;linhntt31;VND;Ng?n h?n;9;18/07/2024;20/01/2025;18/07/2024;18/07/2024;
eB7cMbudCzuP;3000000371;8000;6;linhntt31;VND;Ng?n h?n;9;26/07/2024;03/02/2025;26/07/2024;26/07/2024;
3OmSRMWkpJOT;3000000371;8000;6;linhntt31;VND;Ng?n h?n;9;09/08/2024;10/02/2025;09/08/2024;09/08/2024;
O2e88W8pC3wq;3000000371;8000;6;linhntt31;VND;Ng?n h?n;9;04/10/2024;04/04/2025;04/10/2024;04/10/2024;
UKuV47YieKEi;3000000371;8000;6;linhntt31;VND;Ng?n h?n;9;17/05/2024;18/11/2024;17/05/2024;17/05/2024;
btL90I32BW8V;3000000371;8000;6;linhntt31;VND;Ng?n h?n;9;31/07/2024;03/02/2025;31/07/2024;31/07/2024;
6Q3H0U8JnZkv;3000000371;8000;6;linhntt31;VND;Ng?n h?n;9;17/09/2024;17/03/2025;17/09/2024;17/09/2024;
g6wIBLWnTwQz;3000000371;8000;6;linhntt31;VND;Ng?n h?n;9;08/10/2024;08/04/2025;08/10/2024;08/10/2024;
2z5UvBLCgpGP;3000000371;8000;6;linhntt31;VND;Ng?n h?n;9;09/10/2024;09/04/2025;09/10/2024;09/10/2024;
f1tdU278fMf3;3000000371;8000;6;linhntt31;VND;Ng?n h?n;9;10/10/2024;10/04/2025;10/10/2024;10/10/2024;
3aVLd3EA5Z3t;3000000371;8000;6;linhntt31;VND;Ng?n h?n;9;06/11/2024;06/05/2025;06/11/2024;06/11/2024;
WetptMr68iOS;3000000459;8000;6;linhntt31;VND;Ng?n h?n;4,7;08/08/2025;08/12/2025;08/08/2025;08/08/2025;
w4RvIKGYHH9C;3000000459;8000;6;linhntt31;VND;Ng?n h?n;4,9;29/09/2025;29/01/2026;29/09/2025;29/09/2025;
w18mItYBlOYi;3000000459;8000;6;linhntt31;VND;Ng?n h?n;4,7;05/09/2025;05/01/2026;05/09/2025;05/09/2025;
2d6Fe9203RQP;3000000459;8000;6;linhntt31;VND;Ng?n h?n;4,7;12/09/2025;12/01/2026;12/09/2025;12/09/2025;
41xN9AuvPGTA;3000000459;8000;6;linhntt31;VND;Ng?n h?n;4,7;15/08/2025;15/12/2025;15/08/2025;15/08/2025;
cvHsWTb49erH;3000000459;8000;6;linhntt31;VND;Ng?n h?n;4,7;29/08/2025;29/12/2025;29/08/2025;29/08/2025;
b0HpafwvkRlI;3000000459;8000;6;linhntt31;VND;Ng?n h?n;4,9;10/10/2025;10/02/2026;10/10/2025;10/10/2025;
9RFUC8m1G6m4;3000000459;8000;6;linhntt31;VND;Ng?n h?n;4,7;22/08/2025;22/12/2025;22/08/2025;22/08/2025;
ZRkRnjXgzTgS;3000000459;8000;6;linhntt31;VND;Ng?n h?n;4,7;19/09/2025;19/01/2026;19/09/2025;19/09/2025;
uJIw5ymRInYI;3000000459;8000;6;linhntt31;VND;Ng?n h?n;4,9;03/10/2025;03/02/2026;03/10/2025;03/10/2025;
csfuhkH6hGRG;3000000459;8000;6;linhntt31;VND;Ng?n h?n;4,9;17/10/2025;17/02/2026;17/10/2025;17/10/2025;
EEPbahBd0P9t;3000000748;8000;6;linhntt31;VND;Ng?n h?n;4,7;05/09/2025;05/01/2026;05/09/2025;05/09/2025;
3Sb5jAUcE1rN;3000000748;8000;6;linhntt31;VND;Ng?n h?n;4,7;08/08/2025;08/12/2025;08/08/2025;08/08/2025;
r7D8tUzFYB8z;3000000748;8000;6;linhntt31;VND;Ng?n h?n;4,7;12/09/2025;12/01/2026;12/09/2025;12/09/2025;
W8pE781Clw9L;3000000748;8000;6;linhntt31;VND;Ng?n h?n;4,7;01/08/2025;01/12/2025;01/08/2025;01/08/2025;
q3yfSY2nitxS;3000000748;8000;6;linhntt31;VND;Ng?n h?n;4,7;22/08/2025;22/12/2025;22/08/2025;22/08/2025;
OS6Rftj6BAGx;3000000748;8000;6;linhntt31;VND;Ng?n h?n;4,7;19/09/2025;19/01/2026;19/09/2025;19/09/2025;
G7kNBlQOEwAu;3000000418;8000;6;lm.nhat;VND;Ng?n h?n;4,2;16/09/2025;16/01/2026;16/09/2025;16/09/2025;
uiWWzg91W2zq;3000000418;8000;6;lm.nhat;VND;Ng?n h?n;4,2;19/09/2025;19/01/2026;19/09/2025;19/09/2025;
BaAe6C5Rv9Qv;3000000418;8000;6;lm.nhat;VND;Ng?n h?n;4,2;23/09/2025;23/01/2026;23/09/2025;23/09/2025;
YEsuAkh4ftdp;3000000418;8000;6;lm.nhat;VND;Ng?n h?n;4,2;11/09/2025;12/01/2026;11/09/2025;11/09/2025;
RWpFpZdBCfqk;3000000418;8000;6;lm.nhat;VND;Ng?n h?n;5,5;05/11/2025;05/03/2026;05/11/2025;05/11/2025;
Dg48AaeJRyMn;3000000325;8000;5;loannt5;VND;Ng?n h?n;5,5;16/09/2025;16/03/2026;16/09/2025;16/09/2025;
igBnPTeVB2gE;3000000325;8000;5;loannt5;VND;Ng?n h?n;5,5;16/06/2025;16/12/2025;16/06/2025;16/06/2025;
HsfY9uVr4h8b;3000000467;8000;5;loannt5;VND;Ng?n h?n;9,5;25/08/2022;27/04/2026;25/08/2022;;
ucMBmQVgEBys;3000000686;8000;5;loannt5;VND;Ng?n h?n;5;29/09/2025;30/03/2026;29/09/2025;29/09/2025;
lPa1V70h1Gj1;3000000686;8000;5;loannt5;VND;Ng?n h?n;6,4;13/11/2025;13/05/2026;13/11/2025;13/11/2025;
QdCxFHhno3bO;3000000686;8000;5;loannt5;VND;Ng?n h?n;5;11/06/2025;11/12/2025;11/06/2025;11/06/2025;
SGoymKBOCnsK;3000000686;8000;5;loannt5;VND;Ng?n h?n;6,7;24/11/2025;25/05/2026;24/11/2025;24/11/2025;
XSOw2WWGTBAR;3000000686;8000;5;loannt5;VND;Ng?n h?n;5;16/09/2025;16/03/2026;16/09/2025;16/09/2025;
vl8AYhdigtHq;3000000686;8000;5;loannt5;VND;Ng?n h?n;6,4;12/11/2025;12/05/2026;12/11/2025;12/11/2025;
SXJAKU9evgdr;3000000686;8000;5;loannt5;VND;Ng?n h?n;6,4;13/11/2025;13/05/2026;13/11/2025;13/11/2025;
JOWnY3G8ni7c;3000000686;8000;5;loannt5;VND;Ng?n h?n;6,7;21/11/2025;21/05/2026;21/11/2025;21/11/2025;
yr3j22Dondrm;3000000686;8000;5;loannt5;VND;Ng?n h?n;5;09/07/2025;09/01/2026;09/07/2025;09/07/2025;
GLYI7JPZNw5C;3000000686;8000;5;loannt5;VND;Ng?n h?n;5;22/09/2025;23/03/2026;22/09/2025;22/09/2025;
aXus92eRuNCR;3000000686;8000;5;loannt5;VND;Ng?n h?n;6,4;28/10/2025;28/04/2026;28/10/2025;28/10/2025;
HHoQrdHJGiH6;3000000686;8000;5;loannt5;VND;Ng?n h?n;6,4;11/11/2025;11/05/2026;11/11/2025;11/11/2025;
c7Zy4BVN1JyC;3000000686;8000;5;loannt5;VND;Ng?n h?n;5;19/06/2025;19/12/2025;19/06/2025;19/06/2025;
PwIardBKPg5P;3000000686;8000;5;loannt5;VND;Ng?n h?n;5;09/10/2025;09/04/2026;09/10/2025;09/10/2025;
235S2CvYljs2;3000000686;8000;5;loannt5;VND;Ng?n h?n;5;08/08/2025;09/02/2026;08/08/2025;08/08/2025;
XEnYrpPKuxMS;3000000686;8000;5;loannt5;VND;Ng?n h?n;5;28/08/2025;02/03/2026;28/08/2025;28/08/2025;
kPZPCLwMmOHH;3000000686;8000;5;loannt5;VND;Ng?n h?n;5;13/08/2025;13/01/2026;13/08/2025;13/08/2025;
xUE41It345yQ;3000000686;8000;5;loannt5;VND;Ng?n h?n;6,4;03/11/2025;04/05/2026;03/11/2025;03/11/2025;
LQZjHrtLNC49;3000000045;7200;13;ltk.cuc;VND;Ng?n h?n;1,5;03/10/2025;03/04/2026;03/10/2025;03/10/2025;
zjQIwghjcbvT;3000000177;5508;13;ltk.cuc;VND;Dài h?n;11;23/01/2017;23/01/2032;23/01/2017;;
utBPvjow3q1C;3000000192;5508;13;ltk.cuc;VND;Dài h?n;11;12/11/2018;11/11/2033;12/11/2018;12/11/2018;
AET81MjpfBZ6;3000000192;5508;13;ltk.cuc;VND;Dài h?n;11;29/11/2018;11/11/2033;29/11/2018;29/11/2018;
KECRjOCWYFBu;3000000195;7200;13;ltk.cuc;VND;Ng?n h?n;1,5;18/09/2025;18/03/2026;18/09/2025;18/09/2025;
AHVDCN2ADcvs;3000000195;7200;13;ltk.cuc;VND;Ng?n h?n;1,5;15/08/2025;15/01/2026;15/08/2025;15/08/2025;
5APqeJ0MKDDc;3000000200;5513;13;ltk.cuc;VND;Dài h?n;7;11/12/2023;11/12/2048;11/12/2023;11/12/2023;
niReBupoqmS1;3000000200;5513;13;ltk.cuc;VND;Dài h?n;7;12/12/2023;14/12/2048;12/12/2023;12/12/2023;
wYcgYYV4cAnF;3000000200;5513;13;ltk.cuc;VND;Dài h?n;6,7;08/11/2024;11/12/2048;08/11/2024;08/11/2024;
LOexh5p4RJPG;3000000200;5513;13;ltk.cuc;VND;Dài h?n;6,7;15/10/2024;14/12/2048;15/10/2024;15/10/2024;
i8CKNMp5amVh;3000000225;5508;13;ltk.cuc;VND;Dài h?n;5,5;03/08/2018;03/08/2038;03/08/2018;03/08/2018;
GmmplI0ETjws;3000000389;8000;13;ltk.cuc;VND;Ng?n h?n;6,6;03/10/2025;03/04/2026;03/10/2025;03/10/2025;
54OS7FemcQO4;3000000389;8000;13;ltk.cuc;VND;Ng?n h?n;8,4;25/11/2025;25/05/2026;25/11/2025;25/11/2025;
k50JSdRfmRQg;3000000389;8000;13;ltk.cuc;VND;Ng?n h?n;6,6;09/09/2025;09/03/2026;09/09/2025;09/09/2025;
2uQxMPC7AKyC;3000000389;8000;13;ltk.cuc;VND;Ng?n h?n;6,6;10/09/2025;10/03/2026;10/09/2025;10/09/2025;
fFPTmsy0ozzk;3000000389;8000;13;ltk.cuc;VND;Ng?n h?n;6,6;01/10/2025;01/04/2026;01/10/2025;01/10/2025;
CmTqBhzuC8Z8;3000000389;8000;13;ltk.cuc;VND;Ng?n h?n;6,6;15/09/2025;16/03/2026;15/09/2025;15/09/2025;
4m98sqwK0Cuj;3000000389;8000;13;ltk.cuc;VND;Ng?n h?n;6,6;11/09/2025;11/03/2026;11/09/2025;11/09/2025;
zuKq2fTzlfGi;3000000389;8000;13;ltk.cuc;VND;Ng?n h?n;6,6;19/09/2025;19/03/2026;19/09/2025;19/09/2025;
6FImn5FnUM6h;3000000389;8000;13;ltk.cuc;VND;Ng?n h?n;6,6;10/10/2025;10/04/2026;10/10/2025;10/10/2025;
w4UuFqlQx9xc;3000000582;5508;13;ltk.cuc;VND;Dài h?n;6,7;21/06/2024;20/06/2044;21/06/2024;21/06/2024;
QBJ8E91KpU6v;3000000626;5508;13;ltk.cuc;VND;Dài h?n;5;07/04/2022;26/03/2057;07/04/2022;07/04/2022;
EL326bO57Smy;3000000697;5508;13;ltk.cuc;VND;Dài h?n;11;23/04/2020;23/04/2040;23/04/2020;23/04/2020;
0cAoFG3u5Cnp;3000000722;5508;13;ltk.cuc;VND;Dài h?n;11;18/05/2022;16/05/2042;18/05/2022;18/05/2022;
SSPXFR1sutfo;3000000751;8065;13;ltk.cuc;VND;Trung h?n;9;30/10/2025;25/10/2030;30/10/2025;30/10/2025;
l9HNCmCh4YGp;3000000888;5508;13;ltk.cuc;VND;Dài h?n;4,9;07/06/2024;09/06/2059;07/06/2024;07/06/2024;
nb1pUPZtHvBd;3000000894;5513;13;ltk.cuc;VND;Dài h?n;4,9;22/01/2024;21/01/2044;22/01/2024;22/01/2024;
cRGLGwSr29wP;3000000943;5508;13;ltk.cuc;VND;Dài h?n;11;16/03/2021;15/03/2041;16/03/2021;16/03/2021;
YoACB8z7Mk7g;3000000947;8000;13;ltk.cuc;VND;Ng?n h?n;8;19/09/2025;19/06/2026;19/09/2025;19/09/2025;
OuEGdd2bmbGI;3000000959;5558;13;ltk.cuc;VND;Dài h?n;11;27/04/2021;25/04/2031;27/04/2021;27/04/2021;
sycyZjEv4RY6;3000000978;5523;13;ltk.cuc;VND;Dài h?n;6,7;08/08/2025;08/08/2033;08/08/2025;08/08/2025;
zbJRg6YwRvqx;3000000995;5513;13;ltk.cuc;VND;Dài h?n;7;08/12/2023;09/12/2058;08/12/2023;08/12/2023;
ZPvVeP7WOmH1;3000000995;5513;13;ltk.cuc;VND;Dài h?n;6,7;25/12/2024;09/12/2058;25/12/2024;25/12/2024;
vUb5EvNkqCU7;3000001068;8000;13;ltk.cuc;VND;Ng?n h?n;7;19/09/2025;19/03/2026;19/09/2025;19/09/2025;
kQhB3gx8MjxH;3000001068;8000;13;ltk.cuc;VND;Ng?n h?n;7;08/09/2025;09/03/2026;08/09/2025;08/09/2025;
rbGZEJ0IWl0z;3000001068;8000;13;ltk.cuc;VND;Ng?n h?n;7;18/09/2025;18/03/2026;18/09/2025;18/09/2025;
SNtbdDu1JndG;3000001068;8000;13;ltk.cuc;VND;Ng?n h?n;7;23/09/2025;23/03/2026;23/09/2025;23/09/2025;
gIsqzjFyYlq9;3000001068;8000;13;ltk.cuc;VND;Ng?n h?n;7;30/09/2025;30/03/2026;30/09/2025;30/09/2025;
M9SR7UGWLnEM;3000001068;8000;13;ltk.cuc;VND;Ng?n h?n;7;12/09/2025;12/03/2026;12/09/2025;12/09/2025;
wEFsB4WHOpg8;3000001068;8000;13;ltk.cuc;VND;Ng?n h?n;7;16/09/2025;16/03/2026;16/09/2025;16/09/2025;
EZ6iqFwmIpny;3000001158;5513;13;ltk.cuc;VND;Dài h?n;9;16/11/2023;16/11/2043;16/11/2023;16/11/2023;
S23A2JIUmhiq;3000001158;8609;13;ltk.cuc;VND;Ng?n h?n;9;22/09/2025;23/03/2026;22/09/2025;22/09/2025;
H7UWzO9fXQjK;3000001158;8609;13;ltk.cuc;VND;Ng?n h?n;7,5;07/11/2025;07/05/2026;07/11/2025;07/11/2025;
3f2ENo0wekDz;3000001194;5513;13;ltk.cuc;VND;Dài h?n;6,7;02/12/2024;08/12/2053;02/12/2024;02/12/2024;
7uTgxAU5Bwn8;3000001194;5513;13;ltk.cuc;VND;Dài h?n;7;08/12/2023;08/12/2053;08/12/2023;08/12/2023;
lWeGBnOdVGhR;3000001282;5513;13;ltk.cuc;VND;Dài h?n;6;27/11/2024;28/11/2044;27/11/2024;27/11/2024;
6H6wICqMa7jD;3000001458;5508;13;ltk.cuc;VND;Dài h?n;6,7;15/07/2024;27/06/2044;15/07/2024;15/07/2024;
3FFneeCkewwR;3000001504;5513;13;ltk.cuc;VND;Dài h?n;6,7;20/09/2024;20/09/2044;20/09/2024;20/09/2024;
BTIZZTrGpn78;3000001534;5508;13;ltk.cuc;VND;Dài h?n;6,7;04/12/2024;25/11/2044;04/12/2024;04/12/2024;
xHMtgKD6r3nQ;3000001629;8000;13;ltk.cuc;VND;Ng?n h?n;6,6;20/06/2025;22/12/2025;20/06/2025;20/06/2025;
LKGGaLMrMh82;3000001629;8000;13;ltk.cuc;VND;Ng?n h?n;7,5;21/10/2025;21/04/2026;21/10/2025;21/10/2025;
71jhUMCF4D1Y;3000001629;8000;13;ltk.cuc;VND;Ng?n h?n;7,9;30/10/2025;30/04/2026;30/10/2025;30/10/2025;
Bm4GSIoZovzt;3000001721;5508;13;ltk.cuc;VND;Dài h?n;6,5;16/04/2025;18/01/2038;16/04/2025;16/04/2025;
4cohrwDHo2iF;3000001721;5557;13;ltk.cuc;VND;Trung h?n;6,7;25/07/2025;25/07/2030;25/07/2025;25/07/2025;
pIT6orOmEEuu;3000001721;7200;13;ltk.cuc;VND;Ng?n h?n;1;08/07/2025;08/01/2026;08/07/2025;08/07/2025;
ncLCTcNtJsEa;3000001730;5508;13;ltk.cuc;VND;Dài h?n;6,2;09/07/2025;06/07/2035;09/07/2025;09/07/2025;
axIK2aKaHeQa;3000001730;5508;13;ltk.cuc;VND;Dài h?n;11;25/05/2021;24/05/2041;25/05/2021;25/05/2021;
SRYNDIpAGuVG;3000001730;5508;13;ltk.cuc;VND;Dài h?n;6,7;27/06/2025;25/06/2035;27/06/2025;27/06/2025;
3Ubq9DM7DJME;3000001740;5508;13;ltk.cuc;VND;Dài h?n;5,5;08/04/2021;08/04/2041;08/04/2021;08/04/2021;
Qho0S33wEMwe;3000001780;5513;13;ltk.cuc;VND;Dài h?n;6,7;14/11/2024;12/12/2053;14/11/2024;14/11/2024;
DyY1EHN3RRRO;3000001780;5513;13;ltk.cuc;VND;Dài h?n;7;12/12/2023;12/12/2053;12/12/2023;12/12/2023;
yWXzMYESM9G2;3000000063;5513;8;ltn.trang;VND;Dài h?n;7;13/10/2025;06/10/2034;13/10/2025;13/10/2025;
QckhjOUjAoje;3000000066;5508;8;ltn.trang;VND;Dài h?n;10;21/05/2015;21/05/2030;21/05/2015;;
0BXV6rh2OiRv;3000000066;5508;8;ltn.trang;VND;Dài h?n;6,5;14/03/2025;25/11/2037;14/03/2025;14/03/2025;
YYtDCYFzImzj;3000000066;5508;8;ltn.trang;VND;Dài h?n;5,8;28/11/2024;25/11/2037;28/11/2024;28/11/2024;
9cLSJx2xEyX0;3000000066;8721;8;ltn.trang;VND;Dài h?n;11;18/04/2023;25/03/2038;18/04/2023;18/04/2023;
VJZwrnGw49PK;3000000094;5513;8;ltn.trang;VND;Dài h?n;4,9;26/09/2025;27/08/2055;26/09/2025;26/09/2025;
ArXJ5p0okmFT;3000000094;5513;8;ltn.trang;VND;Dài h?n;4,4;07/04/2021;05/04/2041;07/04/2021;07/04/2021;
scChinCtQ5Hd;3000000094;5513;8;ltn.trang;VND;Dài h?n;4,9;18/09/2025;27/08/2055;18/09/2025;18/09/2025;
kB0AHc6fY3hz;3000000099;8606;8;ltn.trang;VND;Dài h?n;8,5;04/06/2020;15/05/2035;04/06/2020;04/06/2020;
8Io2WiOZ77MU;3000000099;8606;8;ltn.trang;VND;Dài h?n;8,5;15/05/2020;15/05/2035;15/05/2020;15/05/2020;
qLb8EBWYa9Eb;3000000099;8606;8;ltn.trang;VND;Dài h?n;8,5;31/12/2020;15/05/2035;31/12/2020;31/12/2020;
XkauEL225XEu;3000000110;5508;8;ltn.trang;VND;Dài h?n;4,9;22/05/2024;21/05/2049;22/05/2024;22/05/2024;
iUCUPJNqtWby;3000000205;5513;8;ltn.trang;VND;Dài h?n;7;27/02/2024;05/02/2059;27/02/2024;27/02/2024;
2osgdM4hKtbz;3000000215;5513;8;ltn.trang;VND;Dài h?n;6,5;21/08/2025;21/08/2058;21/08/2025;21/08/2025;
QtGUzirXggqA;3000000228;5508;8;ltn.trang;VND;Dài h?n;4,9;01/08/2025;25/07/2050;01/08/2025;01/08/2025;
9YVVnllH0x8R;3000000268;5513;8;ltn.trang;VND;Dài h?n;6,7;01/11/2024;29/01/2044;01/11/2024;01/11/2024;
RaPXXWENUWHy;3000000268;5513;8;ltn.trang;VND;Dài h?n;7;01/02/2024;29/01/2044;01/02/2024;01/02/2024;
EnuFw6BdZHa8;3000000300;5513;8;ltn.trang;VND;Dài h?n;6;15/11/2024;27/08/2049;15/11/2024;15/11/2024;
xaEkgK09dEag;3000000311;5528;8;ltn.trang;VND;Dài h?n;4,9;08/07/2025;08/07/2032;09/07/2025;09/07/2025;
hrRVJiP6Numk;3000000514;5513;8;ltn.trang;VND;Dài h?n;7;08/12/2023;05/12/2058;08/12/2023;08/12/2023;
fKC91Enlss35;3000000514;5513;8;ltn.trang;VND;Dài h?n;6,7;22/11/2024;05/12/2058;22/11/2024;22/11/2024;
GiVFmAuwj8zm;3000000581;5513;8;ltn.trang;VND;Dài h?n;7;08/12/2023;05/12/2056;08/12/2023;08/12/2023;
02cVk6AQcYXp;3000000619;5513;8;ltn.trang;VND;Dài h?n;6,5;29/11/2024;05/08/2055;29/11/2024;29/11/2024;
3TtRpCpiL7Fx;3000000619;5513;8;ltn.trang;VND;Dài h?n;7;05/12/2023;05/08/2055;05/12/2023;05/12/2023;
ooibLX73qJDA;3000000634;5558;8;ltn.trang;VND;Dài h?n;6,5;20/09/2024;05/09/2034;20/09/2024;20/09/2024;
sJoAKBvA2ubN;3000000755;5508;8;ltn.trang;VND;Dài h?n;4,9;27/03/2025;25/03/2060;27/03/2025;27/03/2025;
p91CPmk2SiPp;3000000779;5513;8;ltn.trang;VND;Dài h?n;6,5;29/05/2024;28/05/2049;29/05/2024;29/05/2024;
w2TXY5hnfVie;3000000811;5513;8;ltn.trang;VND;Dài h?n;6,7;18/09/2024;17/09/2059;18/09/2024;18/09/2024;
GmwHenh9PYj4;3000000811;5513;8;ltn.trang;VND;Dài h?n;6,7;10/10/2024;17/09/2059;10/10/2024;10/10/2024;
NA3E6hCAhWRo;3000000873;5513;8;ltn.trang;VND;Dài h?n;7;28/08/2025;28/08/2047;28/08/2025;28/08/2025;
vET7jsgBcJEb;3000000873;5522;8;ltn.trang;VND;Trung h?n;6,7;07/11/2024;25/10/2029;07/11/2024;07/11/2024;
qdX7tXQBRbqD;3000000927;5513;8;ltn.trang;VND;Dài h?n;6,5;18/10/2024;18/10/2057;18/10/2024;18/10/2024;
YRAffn9ytgVz;3000000973;5513;8;ltn.trang;VND;Dài h?n;6,7;15/11/2024;06/01/2059;15/11/2024;15/11/2024;
rmEUoNfmwB1f;3000000973;5513;8;ltn.trang;VND;Dài h?n;7;05/01/2024;06/01/2059;05/01/2024;05/01/2024;
lsTLLmEJazKO;3000001208;5513;8;ltn.trang;VND;Dài h?n;6,7;12/11/2024;06/12/2058;12/11/2024;12/11/2024;
3K1hkdER7cnM;3000001208;5513;8;ltn.trang;VND;Dài h?n;7;06/12/2023;06/12/2058;06/12/2023;06/12/2023;
29lMluphH8Bk;3000001223;5513;8;ltn.trang;VND;Dài h?n;6,7;02/12/2024;10/12/2058;02/12/2024;02/12/2024;
AvzpAzwhjjB6;3000001223;5513;8;ltn.trang;VND;Dài h?n;7;11/12/2023;10/12/2058;11/12/2023;11/12/2023;
Re4MJvm2l9SO;3000001230;5513;8;ltn.trang;VND;Dài h?n;7;11/12/2023;05/12/2058;11/12/2023;11/12/2023;
ON7o3vOZjDPn;3000001230;5513;8;ltn.trang;VND;Dài h?n;6,7;07/11/2024;05/12/2058;07/11/2024;07/11/2024;
B9p5wye4bwvt;3000001234;5513;8;ltn.trang;VND;Dài h?n;6,7;25/10/2024;05/12/2058;25/10/2024;25/10/2024;
NobUcRVkDLoS;3000001234;5513;8;ltn.trang;VND;Dài h?n;7;07/12/2023;05/12/2058;07/12/2023;07/12/2023;
FGEEzWaOTQv3;3000001255;5513;8;ltn.trang;VND;Dài h?n;7;12/12/2023;05/12/2058;12/12/2023;12/12/2023;
TE6r0H6GKos0;3000001300;5513;8;ltn.trang;VND;Dài h?n;7;12/01/2024;06/01/2059;12/01/2024;12/01/2024;
M1fCVIbjb8a4;3000001300;5513;8;ltn.trang;VND;Dài h?n;6,7;25/10/2024;06/01/2059;25/10/2024;25/10/2024;
xrWBNu2BcxSS;3000001308;5513;8;ltn.trang;VND;Dài h?n;7;18/01/2024;06/01/2059;18/01/2024;18/01/2024;
3kvmMl3eYVlG;3000001308;5513;8;ltn.trang;VND;Dài h?n;6,7;05/12/2024;06/01/2059;05/12/2024;05/12/2024;
hmSISfRJXXYb;3000001341;5513;8;ltn.trang;VND;Dài h?n;6,7;03/12/2024;05/03/2059;03/12/2024;03/12/2024;
n6wpzLtTRk82;3000001341;5513;8;ltn.trang;VND;Dài h?n;7;05/03/2024;05/03/2059;05/03/2024;05/03/2024;
0eeQwOovS1Ys;3000001482;5513;8;ltn.trang;VND;Dài h?n;6,7;09/08/2024;08/08/2057;09/08/2024;09/08/2024;
PmOsOdF9V5Qy;3000001483;5513;8;ltn.trang;VND;Dài h?n;6;28/10/2024;27/09/2049;28/10/2024;28/10/2024;
2vt3AvlDa8PV;3000001514;5513;8;ltn.trang;VND;Dài h?n;6,7;15/10/2024;11/11/2033;15/10/2024;15/10/2024;
Ees0aPJ54KAL;3000001514;5513;8;ltn.trang;VND;Dài h?n;6,7;13/09/2024;11/11/2033;13/09/2024;13/09/2024;
qvtxTD2XWAMz;3000000001;5513;8;luan.dv;VND;Dài h?n;6,7;25/10/2024;30/12/2058;25/10/2024;25/10/2024;
jkQdaVFcHxbi;3000000001;5513;8;luan.dv;VND;Dài h?n;7;28/12/2023;30/12/2058;28/12/2023;28/12/2023;
cjqeHEW1XBWf;3000000017;5513;8;luan.dv;VND;Dài h?n;7;12/12/2023;05/12/2042;12/12/2023;12/12/2023;
kpVVSzeDemw5;3000000017;5513;8;luan.dv;VND;Dài h?n;6,7;25/10/2024;05/12/2042;25/10/2024;25/10/2024;
AwMg1PxIDP4W;3000000129;5513;8;luan.dv;VND;Dài h?n;7;11/12/2023;05/12/2057;11/12/2023;11/12/2023;
7P5NESEyZSF3;3000000129;5513;8;luan.dv;VND;Dài h?n;6,7;30/12/2024;05/12/2057;30/12/2024;30/12/2024;
bV1NHRs6OKb4;3000000171;5558;8;luan.dv;VND;Dài h?n;6,7;11/10/2024;25/09/2043;11/10/2024;11/10/2024;
W8GJxuEqCg96;3000000212;5518;8;luan.dv;VND;Dài h?n;11;23/08/2023;25/08/2042;23/08/2023;23/08/2023;
yZB5bBDlyRfe;3000000244;5558;8;luan.dv;VND;Dài h?n;7,5;03/11/2025;22/10/2035;03/11/2025;03/11/2025;
fDcQOGeMded3;3000000244;5558;8;luan.dv;VND;Dài h?n;7,5;20/11/2025;22/10/2035;20/11/2025;20/11/2025;
gJAFgxC8R06t;3000000250;5508;8;luan.dv;VND;Dài h?n;11;28/02/2019;28/02/2039;28/02/2019;28/02/2019;
uWSufAplRnVE;3000000306;5508;8;luan.dv;VND;Dài h?n;11;05/05/2021;05/05/2036;06/05/2021;06/05/2021;
Z7vJmQpJz5na;3000000306;5558;8;luan.dv;VND;Dài h?n;11;26/05/2022;26/05/2042;26/05/2022;26/05/2022;
GY4cqyDcmvEc;3000000439;5513;8;luan.dv;VND;Dài h?n;6,7;01/03/2024;05/02/2059;01/03/2024;01/03/2024;
w1U1lMAOuNhR;3000000439;5513;8;luan.dv;VND;Dài h?n;6,7;02/12/2024;05/02/2059;02/12/2024;02/12/2024;
PLGcvDfCpxGC;3000000464;5513;8;luan.dv;VND;Dài h?n;6,7;21/11/2024;05/12/2058;21/11/2024;21/11/2024;
JumDARMVbvTg;3000000464;5513;8;luan.dv;VND;Dài h?n;7;12/12/2023;05/12/2058;12/12/2023;12/12/2023;
PKPPFxEiVhMA;3000000496;5513;8;luan.dv;VND;Dài h?n;6,7;08/10/2024;08/10/2046;08/10/2024;08/10/2024;
JUAZEDcG8XLj;3000000579;5558;8;luan.dv;VND;Dài h?n;6,7;03/12/2024;25/11/2044;03/12/2024;03/12/2024;
Kec7Z8XJcsEP;3000000579;5513;8;luan.dv;VND;Dài h?n;6,7;21/03/2025;21/03/2045;21/03/2025;21/03/2025;
ez8qCQNTZbZi;3000000597;5508;8;luan.dv;VND;Dài h?n;6,5;23/04/2025;24/04/2056;23/04/2025;23/04/2025;
xgasf1vW4qxk;3000000622;5528;8;luan.dv;VND;Dài h?n;4,9;01/08/2025;30/07/2032;01/08/2025;01/08/2025;
bLB0mY19JwBA;3000000635;5513;8;luan.dv;VND;Dài h?n;6,3;20/12/2024;20/11/2054;20/12/2024;20/12/2024;
igDueR559Phh;3000000665;5508;8;luan.dv;VND;Dài h?n;11;10/07/2017;10/07/2037;10/07/2017;10/07/2017;
p6c3KXDr4vaU;3000000900;5513;8;luan.dv;VND;Dài h?n;11;14/08/2020;14/08/2040;14/08/2020;14/08/2020;
sfYIbaAyT3ki;3000000919;5508;8;luan.dv;VND;Dài h?n;6,5;30/12/2024;25/12/2042;30/12/2024;30/12/2024;
OGAGmRItUfKn;3000000921;5513;8;luan.dv;VND;Dài h?n;6,7;15/01/2025;26/12/2059;15/01/2025;15/01/2025;
inLlShhJd6Rh;3000000922;5508;8;luan.dv;VND;Dài h?n;6,7;21/11/2024;21/11/2044;21/11/2024;21/11/2024;
Ni7kUEySj7XK;3000000944;5513;8;luan.dv;VND;Dài h?n;11;01/04/2021;01/04/2041;01/04/2021;01/04/2021;
QjRHW0rySqD3;3000000951;5513;8;luan.dv;VND;Dài h?n;11;14/04/2021;15/04/2041;14/04/2021;14/04/2021;
HQkJbv4B8EcJ;3000000993;5513;8;luan.dv;VND;Dài h?n;11;25/11/2021;25/11/2041;25/11/2021;25/11/2021;
duCB0wapboVa;3000001200;5513;8;luan.dv;VND;Dài h?n;7;07/12/2023;05/12/2042;07/12/2023;07/12/2023;
1g9kGkzOuyR7;3000001236;5513;8;luan.dv;VND;Dài h?n;6,7;06/11/2024;05/12/2057;06/11/2024;06/11/2024;
3SGiAgah4ZFQ;3000001236;5513;8;luan.dv;VND;Dài h?n;7;11/12/2023;05/12/2057;11/12/2023;11/12/2023;
9NQW4vynFjZp;3000001254;5513;8;luan.dv;VND;Dài h?n;6,7;06/11/2024;05/12/2058;06/11/2024;06/11/2024;
l1i11HjbEXDd;3000001254;5513;8;luan.dv;VND;Dài h?n;7;11/12/2023;05/12/2058;11/12/2023;11/12/2023;
tY9xtPh2O0SF;3000001261;5513;8;luan.dv;VND;Dài h?n;11;11/12/2023;05/12/2050;11/12/2023;11/12/2023;
yYRUedyx4IfW;3000001261;5513;8;luan.dv;VND;Dài h?n;11;20/12/2024;05/12/2050;20/12/2024;20/12/2024;
kTQmsNHMlwdd;3000001273;5513;8;luan.dv;VND;Dài h?n;6,7;14/11/2024;07/07/2031;14/11/2024;14/11/2024;
zJr1LnlyDBFV;3000001273;5513;8;luan.dv;VND;Dài h?n;7;18/12/2023;07/07/2031;18/12/2023;18/12/2023;
lNGR6BRc9LZp;3000001275;5513;8;luan.dv;VND;Dài h?n;7;12/12/2023;12/12/2058;12/12/2023;12/12/2023;
kFuLm9iUkSbO;3000001275;5513;8;luan.dv;VND;Dài h?n;6,7;01/11/2024;12/12/2058;01/11/2024;01/11/2024;
4Lvo8QawJqfI;3000001307;5513;8;luan.dv;VND;Dài h?n;7;18/01/2024;06/01/2053;18/01/2024;18/01/2024;
pnlEILiUHrCd;3000001317;5513;8;luan.dv;VND;Dài h?n;7;26/01/2024;07/01/2058;26/01/2024;26/01/2024;
M5gXhNhbOhkc;3000001317;5513;8;luan.dv;VND;Dài h?n;6,7;16/10/2024;07/01/2058;16/10/2024;16/10/2024;
T7Ot2oz6tU9o;3000001377;5513;8;luan.dv;VND;Dài h?n;6,5;04/12/2024;04/12/2059;04/12/2024;04/12/2024;
FgRlVQPU5MEc;3000001525;5518;8;luan.dv;VND;Dài h?n;6,7;27/09/2024;27/09/2044;27/09/2024;27/09/2024;
Qj6sLiZEvCTm;3000001554;5513;8;luan.dv;VND;Dài h?n;6,5;08/11/2024;08/11/2051;08/11/2024;08/11/2024;
OnlzNJKr6ume;3000001555;5513;8;luan.dv;VND;Dài h?n;6,5;24/10/2024;20/09/2056;24/10/2024;24/10/2024;
NnZrDkuhUy9g;3000001558;5512;8;luan.dv;VND;Trung h?n;6,7;05/11/2024;05/11/2029;05/11/2024;05/11/2024;
ndN3T3GSWmQL;3000001575;5513;8;luan.dv;VND;Dài h?n;6,5;15/11/2024;21/10/2058;15/11/2024;15/11/2024;
30DiCsk14GCo;3000001581;5513;8;luan.dv;VND;Dài h?n;6,5;21/11/2024;20/11/2054;21/11/2024;21/11/2024;
ZvBJemj0ADr8;3000001583;5513;8;luan.dv;VND;Dài h?n;6,5;05/12/2024;20/11/2034;05/12/2024;05/12/2024;
dzGBHoBCuEex;3000001590;5513;8;luan.dv;VND;Dài h?n;6,5;09/12/2024;20/11/2059;09/12/2024;09/12/2024;
HmiQ8Wcja86C;3000001601;5513;8;luan.dv;VND;Dài h?n;6,5;03/01/2025;27/12/2049;03/01/2025;03/01/2025;
U2qniGPEEsQe;3000001601;5513;8;luan.dv;VND;Dài h?n;6,5;09/01/2025;27/12/2049;09/01/2025;09/01/2025;
NI67F2tEYLsQ;3000001620;5513;8;luan.dv;VND;Dài h?n;6,3;28/02/2025;20/02/2051;28/02/2025;28/02/2025;
PPJRdGv4NgsN;3000001620;5513;8;luan.dv;VND;Dài h?n;6,3;11/03/2025;20/02/2051;11/03/2025;11/03/2025;
6S4CmbqxRAqv;3000001621;5513;8;luan.dv;VND;Dài h?n;6,5;13/03/2025;12/03/2060;13/03/2025;13/03/2025;
n03EB8lsjIX9;3000001625;5513;8;luan.dv;VND;Dài h?n;6,7;21/03/2025;20/03/2047;21/03/2025;21/03/2025;
DEB1PB2hZn8v;3000001653;5513;8;luan.dv;VND;Dài h?n;6,7;24/07/2025;05/07/2052;24/07/2025;24/07/2025;
thFqwUWF9rSd;3000001657;5513;8;luan.dv;VND;Dài h?n;6,7;24/06/2025;07/06/2055;24/06/2025;24/06/2025;
f6g5A11kuxIt;3000001660;5508;8;luan.dv;VND;Dài h?n;6,7;05/08/2025;05/08/2060;05/08/2025;05/08/2025;
RCDgioLoyDvU;3000001725;5513;8;luan.dv;VND;Dài h?n;6,5;11/12/2024;20/11/2042;11/12/2024;11/12/2024;
bjomo6UCEnXX;3000001762;5513;8;luan.dv;VND;Dài h?n;6,5;29/10/2024;20/09/2032;29/10/2024;29/10/2024;
cug4GymsonpE;3000001762;5513;8;luan.dv;VND;Dài h?n;6,5;08/11/2024;20/09/2032;08/11/2024;08/11/2024;
jAxhKTPWcpu6;3000001767;5508;8;luan.dv;VND;Dài h?n;11;05/11/2021;05/03/2030;05/11/2021;05/11/2021;
09jM6WlxAu3O;3000001773;5508;8;luan.dv;VND;Dài h?n;4,9;09/05/2025;25/04/2045;09/05/2025;09/05/2025;
RqSMKQCIiy2R;3000001776;5508;8;luan.dv;VND;Dài h?n;11;14/08/2015;14/08/2030;14/08/2015;;
rB5KEdMxIDUe;3000000052;5508;17;maiptt7;VND;Dài h?n;4,9;02/06/2025;20/05/2049;02/06/2025;02/06/2025;
fgrNEpYlhvUP;3000000090;5508;14;maiptt7;VND;Dài h?n;6,175;23/11/2017;23/11/2037;23/11/2017;23/11/2017;
tItvah1t5m6j;3000000090;8609;14;maiptt7;VND;Ng?n h?n;6;18/06/2025;18/12/2025;18/06/2025;18/06/2025;
gRK6GQ0ZhVOH;3000000090;8609;14;maiptt7;VND;Ng?n h?n;6;01/10/2025;01/04/2026;01/10/2025;01/10/2025;
4GQVs17wS5oL;3000000090;8609;14;maiptt7;VND;Ng?n h?n;6,8;18/11/2025;18/05/2026;18/11/2025;18/11/2025;
DqGqQQ0bW3rO;3000000090;8609;14;maiptt7;VND;Ng?n h?n;6,8;12/11/2025;12/05/2026;12/11/2025;12/11/2025;
z118h94I4a1i;3000000090;8609;14;maiptt7;VND;Ng?n h?n;6;12/08/2025;12/02/2026;12/08/2025;12/08/2025;
FDkNigIxcBEW;3000000090;8609;14;maiptt7;VND;Ng?n h?n;9;04/11/2025;04/05/2026;04/11/2025;04/11/2025;
hrs7HirV70u5;3000000090;8609;14;maiptt7;VND;Ng?n h?n;7,3;24/11/2025;25/05/2026;24/11/2025;24/11/2025;
qVcdiWUdlXCO;3000000090;8609;14;maiptt7;VND;Ng?n h?n;7,3;26/11/2025;26/05/2026;26/11/2025;26/11/2025;
X2TDIxBSJ0Rq;3000000090;8609;14;maiptt7;VND;Ng?n h?n;7,3;28/11/2025;28/05/2026;28/11/2025;28/11/2025;
9zJ7JRxfMfdW;3000000090;8609;14;maiptt7;VND;Ng?n h?n;6;16/06/2025;16/12/2025;16/06/2025;16/06/2025;
vzNYLwqwsV7X;3000000090;8609;14;maiptt7;VND;Ng?n h?n;6,8;20/11/2025;20/05/2026;20/11/2025;20/11/2025;
XgwXk8YQtQFB;3000000090;8609;14;maiptt7;VND;Ng?n h?n;6;19/06/2025;19/12/2025;19/06/2025;19/06/2025;
sYYiCTlivmO9;3000000090;8609;14;maiptt7;VND;Ng?n h?n;6;03/10/2025;03/04/2026;03/10/2025;03/10/2025;
DGvIhEjBEYWY;3000000090;8609;14;maiptt7;VND;Ng?n h?n;6;06/10/2025;06/04/2026;06/10/2025;06/10/2025;
X902A9p9YcPq;3000000090;8609;14;maiptt7;VND;Ng?n h?n;9;31/10/2025;30/04/2026;31/10/2025;31/10/2025;
kQYv85QQTaAD;3000000090;8609;14;maiptt7;VND;Ng?n h?n;6;11/06/2025;11/12/2025;11/06/2025;11/06/2025;
hyP1ywh70RUP;3000000090;8609;14;maiptt7;VND;Ng?n h?n;6;29/09/2025;30/03/2026;29/09/2025;29/09/2025;
5IhqFPpNkaa1;3000000090;8609;14;maiptt7;VND;Ng?n h?n;6;09/06/2025;09/12/2025;09/06/2025;09/06/2025;
Hda7p8G5pKZX;3000000090;8609;14;maiptt7;VND;Ng?n h?n;6;19/09/2025;19/03/2026;19/09/2025;19/09/2025;
W5V4eriMYDgn;3000000090;8609;14;maiptt7;VND;Ng?n h?n;6;05/06/2025;05/12/2025;05/06/2025;05/06/2025;
mwNTlFNFPc9W;3000000090;8609;14;maiptt7;VND;Ng?n h?n;6;03/09/2025;03/03/2026;03/09/2025;03/09/2025;
z9ka5EoEwMHp;3000000144;8718;14;maiptt7;VND;Dài h?n;14;15/08/2022;26/07/2032;15/08/2022;15/08/2022;
ffVNl0wjiMJc;3000000144;8609;14;maiptt7;VND;Ng?n h?n;7;19/11/2025;19/05/2026;19/11/2025;19/11/2025;
ZFW4ONA5iD5F;3000000144;8609;14;maiptt7;VND;Ng?n h?n;7;17/11/2025;18/05/2026;17/11/2025;17/11/2025;
0vBdASUKTBJn;3000000144;8609;14;maiptt7;VND;Ng?n h?n;7;20/11/2025;20/05/2026;20/11/2025;20/11/2025;
z3VkrHyZxWaF;3000000144;8721;14;maiptt7;VND;Dài h?n;6,7;20/03/2025;20/11/2046;20/03/2025;20/03/2025;
SSmoa3zdrXfd;3000000279;5508;14;maiptt7;VND;Dài h?n;4,9;27/06/2025;26/05/2053;27/06/2025;27/06/2025;
tKkM493ONui9;3000000279;5508;14;maiptt7;VND;Dài h?n;4,9;28/05/2025;28/05/2053;28/05/2025;28/05/2025;
J1gnL6eaVCD1;3000000305;5528;14;maiptt7;VND;Dài h?n;4,9;11/08/2025;11/08/2032;11/08/2025;11/08/2025;
MugdTpNwQLfQ;3000000337;8000;14;maiptt7;VND;Ng?n h?n;9;25/11/2025;25/08/2026;25/11/2025;25/11/2025;
I71CmkQGsWUu;3000000359;5508;14;maiptt7;VND;Dài h?n;6;26/04/2024;27/04/2054;26/04/2024;26/04/2024;
7vZfJ0DF4rbV;3000000359;5508;14;maiptt7;VND;Dài h?n;6;15/05/2024;27/04/2054;15/05/2024;15/05/2024;
P0HnWoUNoo2z;3000000531;5508;14;maiptt7;VND;Dài h?n;4,9;02/10/2025;27/09/2060;02/10/2025;02/10/2025;
HADI0URRWLnJ;3000000552;5558;14;maiptt7;VND;Dài h?n;6,7;09/06/2025;25/05/2045;09/06/2025;09/06/2025;
sPeiFDf1BT8E;3000000614;5508;14;maiptt7;VND;Dài h?n;4,9;26/09/2025;25/08/2060;26/09/2025;26/09/2025;
QsDPTrvDx725;3000000614;5513;14;maiptt7;VND;Dài h?n;4,9;26/09/2025;25/09/2045;26/09/2025;26/09/2025;
Vi9U5V59EQeF;3000000614;5508;14;maiptt7;VND;Dài h?n;4,9;05/09/2025;25/08/2060;05/09/2025;05/09/2025;
WiAGW3Un4BAv;3000000723;8000;14;maiptt7;VND;Ng?n h?n;7;16/06/2025;16/12/2025;16/06/2025;16/06/2025;
MUoFJ9TmDkm1;3000000723;8000;14;maiptt7;VND;Ng?n h?n;7;11/07/2025;12/01/2026;11/07/2025;11/07/2025;
yYt17jH5zDQI;3000000723;8000;14;maiptt7;VND;Ng?n h?n;7,5;19/08/2025;19/02/2026;19/08/2025;19/08/2025;
qxnptUyc7K9U;3000000723;8000;14;maiptt7;VND;Ng?n h?n;7,5;03/10/2025;03/04/2026;03/10/2025;03/10/2025;
lqEMh4Hoarml;3000000742;5528;14;maiptt7;VND;Dài h?n;4,9;15/08/2025;16/08/2032;15/08/2025;15/08/2025;
5i0H3r5Ypa5o;3000000753;5508;14;maiptt7;VND;Dài h?n;4,9;24/09/2025;24/09/2060;24/09/2025;24/09/2025;
BGenPIvIBRNJ;3000000760;8000;14;maiptt7;VND;Ng?n h?n;9;26/06/2025;26/12/2025;26/06/2025;26/06/2025;
QKi8C8JWkuxs;3000000840;5528;14;maiptt7;VND;Dài h?n;4,9;05/09/2025;06/09/2032;05/09/2025;05/09/2025;
3en4geTxnpVX;3000000840;5513;14;maiptt7;VND;Dài h?n;4,9;07/08/2025;25/07/2045;07/08/2025;07/08/2025;
tBilKyRLFCDT;3000000888;5508;14;maiptt7;VND;Dài h?n;4,9;29/10/2025;22/09/2060;29/10/2025;29/10/2025;
7IrTbtSfDbk3;3000000888;5528;14;maiptt7;VND;Dài h?n;4,9;12/09/2025;13/09/2032;12/09/2025;12/09/2025;
I0sTAZNUFSN3;3000000888;5508;14;maiptt7;VND;Dài h?n;4,9;22/09/2025;22/09/2060;22/09/2025;22/09/2025;
eSAavN2y4ATw;3000000891;5508;14;maiptt7;VND;Dài h?n;4,9;27/08/2025;20/08/2060;27/08/2025;27/08/2025;
U3l8Hb2JpAd7;3000000891;5528;14;maiptt7;VND;Dài h?n;4,9;29/08/2025;30/08/2032;29/08/2025;29/08/2025;
EGXOzeVDqJTz;3000000968;5513;14;maiptt7;VND;Dài h?n;4,9;27/08/2025;25/08/2045;27/08/2025;27/08/2025;
6pa4iHdN53Mo;3000001049;5588;14;maiptt7;VND;Dài h?n;11;16/04/2024;25/03/2033;16/04/2024;16/04/2024;
OkQ5f3jKXxkK;3000001049;8718;14;maiptt7;VND;Dài h?n;14;15/08/2022;26/07/2032;15/08/2022;15/08/2022;
P7opRrhLXtcD;3000001090;8609;14;maiptt7;VND;Ng?n h?n;6,7;04/06/2025;04/03/2026;04/06/2025;04/06/2025;
VshVcTcW9Z28;3000001090;8609;14;maiptt7;VND;Ng?n h?n;6,7;05/06/2025;05/03/2026;05/06/2025;05/06/2025;
SmlAlmWVg7RX;3000001111;5537;14;maiptt7;VND;Dài h?n;8,3;15/12/2023;25/11/2033;15/12/2023;15/12/2023;
gleDOSYTwSKZ;3000001668;5508;14;maiptt7;VND;Dài h?n;6,5;25/07/2025;25/07/2058;25/07/2025;25/07/2025;
CpeG0M6tmnRd;3000001676;5508;14;maiptt7;VND;Dài h?n;6;14/10/2025;14/10/2060;14/10/2025;14/10/2025;
OZjKa2rqDvhC;3000001676;5508;14;maiptt7;VND;Dài h?n;5,8;19/08/2025;19/08/2060;19/08/2025;19/08/2025;
AOk5KXzvXHul;3000001690;5513;14;maiptt7;VND;Dài h?n;6,5;11/11/2025;25/10/2050;11/11/2025;11/11/2025;
8v1dGq4KSrwB;3000001695;5513;14;maiptt7;VND;Dài h?n;7;27/10/2025;12/10/2040;27/10/2025;27/10/2025;
dRmiS91BoBGA;3000001713;5508;17;maiptt7;VND;Dài h?n;4,9;01/11/2024;26/09/2050;01/11/2024;01/11/2024;
omIaSdcFVGbP;3000001713;5508;17;maiptt7;VND;Dài h?n;4,9;01/10/2024;26/09/2050;01/10/2024;01/10/2024;
w5cwxXTFD69d;3000001713;5558;17;maiptt7;VND;Dài h?n;4,9;11/09/2024;12/09/2044;11/09/2024;11/09/2024;
sNruf65DM9NI;3000001729;5508;14;maiptt7;VND;Dài h?n;6,7;28/08/2025;25/08/2055;28/08/2025;28/08/2025;
cwC0W9Dn1ZHj;3000001760;5508;14;maiptt7;VND;Dài h?n;11;16/10/2023;25/09/2046;16/10/2023;16/10/2023;
ZxV3FtLtUbsi;3000000014;5558;13;maivtu;VND;Dài h?n;4,9;06/09/2023;07/09/2043;06/09/2023;06/09/2023;
O8iv0Sak1gEe;3000000096;5513;13;maivtu;VND;Dài h?n;4,9;11/12/2023;11/12/2058;11/12/2023;11/12/2023;
9UoLPRvedg5j;3000000096;5513;13;maivtu;VND;Dài h?n;4,9;21/11/2024;11/12/2058;21/11/2024;21/11/2024;
f7hkhZHkqb33;3000000289;5558;13;maivtu;VND;Dài h?n;4,9;23/02/2024;23/02/2035;23/02/2024;23/02/2024;
89WLTPu3xKRR;3000000289;5508;13;maivtu;VND;Dài h?n;5;24/11/2021;24/11/2036;24/11/2021;24/11/2021;
AX2qUs5tBHcf;3000000289;5513;13;maivtu;VND;Dài h?n;4,9;14/11/2023;25/10/2035;14/11/2023;14/11/2023;
CJEvdt9cVKE8;3000000289;5513;13;maivtu;VND;Dài h?n;4,9;25/10/2023;25/10/2035;25/10/2023;25/10/2023;
Q1SfdEygduBl;3000000305;5513;13;maivtu;VND;Dài h?n;4,9;17/06/2024;17/06/2044;17/06/2024;17/06/2024;
Cf715kLPgDhC;3000000307;5508;13;maivtu;VND;Dài h?n;11;10/07/2023;06/07/2043;10/07/2023;10/07/2023;
9XLr8BHh4a6z;3000000307;5558;13;maivtu;VND;Dài h?n;7,2;15/04/2024;15/04/2044;15/04/2024;15/04/2024;
jnjCmSBg9vYL;3000000479;8000;13;maivtu;VND;Ng?n h?n;6,8;26/06/2025;26/12/2025;26/06/2025;26/06/2025;
JZehIX8WTT4s;3000000479;8000;13;maivtu;VND;Ng?n h?n;6,8;30/06/2025;30/12/2025;30/06/2025;30/06/2025;
vVW7TxX3nh3H;3000000479;8000;13;maivtu;VND;Ng?n h?n;6,7;14/07/2025;14/01/2026;14/07/2025;14/07/2025;
Fo8olWGDdyBC;3000000479;8000;13;maivtu;VND;Ng?n h?n;6,7;15/07/2025;15/01/2026;15/07/2025;15/07/2025;
jtJtkTlGjWKi;3000000479;8000;13;maivtu;VND;Ng?n h?n;6,7;11/08/2025;11/02/2026;11/08/2025;11/08/2025;
dDCWldnp2Fe2;3000000479;8000;13;maivtu;VND;Ng?n h?n;6,7;07/10/2025;07/04/2026;07/10/2025;07/10/2025;
wd0b0FM5znWf;3000000479;8000;13;maivtu;VND;Ng?n h?n;6,7;30/07/2025;30/01/2026;30/07/2025;30/07/2025;
v3PQ2KlaigOC;3000000479;8000;13;maivtu;VND;Ng?n h?n;6,7;08/10/2025;08/04/2026;08/10/2025;08/10/2025;
Ls5xFUAF2M5X;3000000479;8000;13;maivtu;VND;Ng?n h?n;9;27/05/2025;27/11/2025;27/05/2025;27/05/2025;
SGXNPhQNUGoa;3000000479;8000;13;maivtu;VND;Ng?n h?n;6,7;13/08/2025;13/02/2026;13/08/2025;13/08/2025;
hg54RhRSgDH7;3000000479;8000;13;maivtu;VND;Ng?n h?n;6,7;14/08/2025;16/02/2026;14/08/2025;14/08/2025;
WFZAbFzr6KKI;3000000479;8000;13;maivtu;VND;Ng?n h?n;8,4;27/11/2025;27/05/2026;27/11/2025;27/11/2025;
DGlEM7BnrCXq;3000000479;8000;13;maivtu;VND;Ng?n h?n;6,8;09/06/2025;09/12/2025;09/06/2025;09/06/2025;
APenQMnSbI05;3000000479;8000;13;maivtu;VND;Ng?n h?n;8,4;17/11/2025;18/05/2026;17/11/2025;17/11/2025;
mlh2ya7lcEQh;3000000479;8000;13;maivtu;VND;Ng?n h?n;6,7;23/07/2025;23/01/2026;23/07/2025;23/07/2025;
oDNNjSOcsqpp;3000000479;8000;13;maivtu;VND;Ng?n h?n;8,4;19/11/2025;19/05/2026;19/11/2025;19/11/2025;
KEF1By9VZ7uT;3000000479;8000;13;maivtu;VND;Ng?n h?n;6,7;12/08/2025;12/02/2026;12/08/2025;12/08/2025;
Ted23zJhGTop;3000000479;8000;13;maivtu;VND;Ng?n h?n;6,7;08/10/2025;08/04/2026;08/10/2025;08/10/2025;
dCgmoIaZZ6GB;3000000479;8000;13;maivtu;VND;Ng?n h?n;7,2;20/10/2025;20/04/2026;20/10/2025;20/10/2025;
u1PumGncuoLG;3000000479;8000;13;maivtu;VND;Ng?n h?n;8,4;13/11/2025;13/05/2026;13/11/2025;13/11/2025;
g5AlwAQvpMWW;3000000498;5513;13;maivtu;VND;Dài h?n;6,7;23/05/2024;23/05/2039;23/05/2024;23/05/2024;
idOxEkwNzCQP;3000000508;5513;13;maivtu;VND;Dài h?n;6,5;30/10/2025;26/10/2055;30/10/2025;30/10/2025;
NJGmwlG1YCY2;3000000531;5508;13;maivtu;VND;Dài h?n;4,9;11/02/2025;11/02/2060;11/02/2025;11/02/2025;
jhHJILMwAz8I;3000000570;5508;13;maivtu;VND;Dài h?n;4,9;22/01/2024;22/01/2059;22/01/2024;22/01/2024;
4ORUU6itWmKw;3000000570;5558;13;maivtu;VND;Dài h?n;4,9;06/12/2023;07/12/2043;06/12/2023;06/12/2023;
mNrgpci5PKoI;3000000600;5508;13;maivtu;VND;Dài h?n;11;09/04/2021;08/04/2041;09/04/2021;09/04/2021;
c7ZQZMOytaos;3000000620;5508;13;maivtu;VND;Dài h?n;4,9;18/10/2023;19/10/2043;18/10/2023;18/10/2023;
PWpHy1uwe63V;3000000620;5508;13;maivtu;VND;Dài h?n;4,9;09/11/2023;19/10/2043;09/11/2023;09/11/2023;
vBBAOcVsIZHO;3000000620;5558;13;maivtu;VND;Dài h?n;4,9;15/09/2023;15/09/2043;15/09/2023;15/09/2023;
ijLSk6FioLRW;3000000644;5508;13;maivtu;VND;Dài h?n;11;11/05/2022;25/04/2042;11/05/2022;11/05/2022;
pqTTeJW7Cy0k;3000000670;5513;13;maivtu;VND;Dài h?n;6,5;21/10/2024;03/10/2044;21/10/2024;21/10/2024;
rHHqlAS3Ir6M;3000000670;5513;13;maivtu;VND;Dài h?n;6,7;03/10/2024;03/10/2044;03/10/2024;03/10/2024;
D99uNOEoH8yE;3000000753;5513;13;maivtu;VND;Dài h?n;4,9;24/06/2025;26/06/2045;24/06/2025;24/06/2025;
P0u3m1Wcdosy;3000000755;5508;13;maivtu;VND;Dài h?n;4,9;09/06/2025;09/06/2060;09/06/2025;09/06/2025;
3kZDCBewFCFG;3000000773;5508;13;maivtu;VND;Dài h?n;11;08/10/2018;08/10/2038;08/10/2018;08/10/2018;
j9g0GyXnvJKC;3000000819;5508;13;maivtu;VND;Dài h?n;11;29/05/2019;30/05/2039;29/05/2019;29/05/2019;
TYEEKwPlpFBC;3000000891;5513;13;maivtu;VND;Dài h?n;4,9;12/12/2024;12/12/2044;12/12/2024;12/12/2024;
vHkKrPbyip1f;3000000902;5508;13;maivtu;VND;Dài h?n;4,9;25/12/2024;25/12/2059;25/12/2024;25/12/2024;
L42Yk8s9w8Ge;3000000903;5513;13;maivtu;VND;Dài h?n;4,9;18/04/2025;18/04/2045;18/04/2025;18/04/2025;
x2DHUbuYYefy;3000000976;5513;13;maivtu;VND;Dài h?n;6,7;09/10/2024;09/08/2052;09/10/2024;09/10/2024;
C9GqC3zeZCcC;3000000976;5513;13;maivtu;VND;Dài h?n;6,7;09/08/2024;09/08/2052;09/08/2024;09/08/2024;
doyXRUmHS931;3000000987;5513;13;maivtu;VND;Dài h?n;6,5;11/04/2025;11/04/2045;11/04/2025;11/04/2025;
aLKsH3ew3J96;3000001028;5501;13;maivtu;VND;Trung h?n;11;05/12/2023;05/12/2028;05/12/2023;05/12/2023;
rUIfNeBQe1H9;3000001037;5513;13;maivtu;VND;Dài h?n;6,7;15/10/2024;11/12/2036;15/10/2024;15/10/2024;
M4sDWoIyihf6;3000001037;5513;13;maivtu;VND;Dài h?n;7;11/12/2023;11/12/2036;11/12/2023;11/12/2023;
OYSemHDDTyXU;3000001041;5508;13;maivtu;VND;Dài h?n;9;21/07/2022;21/07/2042;21/07/2022;21/07/2022;
0VGH3YrzTpj9;3000001126;5513;13;maivtu;VND;Dài h?n;6,8;13/12/2024;15/12/2031;13/12/2024;13/12/2024;
CBEN5bi9foFj;3000001148;5508;13;maivtu;VND;Dài h?n;11;03/10/2023;02/10/2043;03/10/2023;03/10/2023;
PZDCla7nc5vA;3000001215;5513;13;maivtu;VND;Dài h?n;6,7;16/12/2024;11/12/2051;16/12/2024;16/12/2024;
yBJkcAyvhHVt;3000001215;5513;13;maivtu;VND;Dài h?n;7;11/12/2023;11/12/2051;11/12/2023;11/12/2023;
f8HwUekDm9rO;3000001241;5513;13;maivtu;VND;Dài h?n;6,7;04/12/2024;09/01/2059;04/12/2024;04/12/2024;
9KIMLwsaoOk4;3000001241;5513;13;maivtu;VND;Dài h?n;7;09/01/2024;09/01/2059;09/01/2024;09/01/2024;
rHljeiyjZDsy;3000001251;5513;13;maivtu;VND;Dài h?n;6,7;18/12/2024;11/12/2058;18/12/2024;18/12/2024;
sW87AGBAoN9f;3000001251;5513;13;maivtu;VND;Dài h?n;7;11/12/2023;11/12/2058;11/12/2023;11/12/2023;
XarkmP4B81BF;3000001283;8056;13;maivtu;VND;Trung h?n;12;21/12/2023;21/12/2028;21/12/2023;21/12/2023;
CcYtaRDzutrV;3000001286;5513;13;maivtu;VND;Dài h?n;7;27/12/2023;27/12/2045;27/12/2023;27/12/2023;
TCV9JxnVvbIH;3000001296;5513;13;maivtu;VND;Dài h?n;7;11/01/2024;13/01/2059;11/01/2024;11/01/2024;
JLzI7xmqJ9DA;3000001296;5513;13;maivtu;VND;Dài h?n;6,7;15/10/2024;13/01/2059;15/10/2024;15/10/2024;
vlY8ekvXZhQ9;3000001337;5558;13;maivtu;VND;Dài h?n;7;09/10/2025;08/10/2043;09/10/2025;09/10/2025;
ZaaMx9CSUMoE;3000001376;5513;13;maivtu;VND;Dài h?n;7;25/04/2024;25/04/2039;25/04/2024;25/04/2024;
yGwXdtVasdeY;3000001408;5513;13;maivtu;VND;Dài h?n;11;27/06/2024;27/06/2059;27/06/2024;27/06/2024;
rsg7DzxGlUhj;3000001408;5513;13;maivtu;VND;Dài h?n;11;10/10/2024;27/06/2059;10/10/2024;10/10/2024;
fxk40M5T47eZ;3000001428;5513;13;maivtu;VND;Dài h?n;6,7;25/06/2024;25/06/2054;25/06/2024;25/06/2024;
X4lR5t8II04f;3000001428;5513;13;maivtu;VND;Dài h?n;6,7;09/10/2024;25/06/2054;09/10/2024;09/10/2024;
mq7NwKdekN3j;3000001553;5513;13;maivtu;VND;Dài h?n;6,5;26/11/2024;26/11/2054;26/11/2024;26/11/2024;
1VDaTP4KHMa7;3000001569;5513;13;maivtu;VND;Dài h?n;6,3;26/12/2024;26/12/2044;26/12/2024;26/12/2024;
A1DZPiR6YCyF;3000001778;5508;13;maivtu;VND;Dài h?n;4,9;24/11/2023;24/11/2043;24/11/2023;24/11/2023;
BqmiLSyRHY60;3000000339;7200;5;minhmn;VND;Ng?n h?n;2,3;23/06/2025;15/12/2025;23/06/2025;23/06/2025;
mDmUV6hnPXQ7;3000000339;8000;5;minhmn;VND;Ng?n h?n;4,8;20/08/2025;20/02/2026;20/08/2025;20/08/2025;
uMd3vC9NRGyb;3000000339;8000;5;minhmn;VND;Ng?n h?n;4,8;03/09/2025;03/03/2026;03/09/2025;03/09/2025;
DLSRq0T5OIki;3000000339;8000;5;minhmn;VND;Ng?n h?n;4,8;11/09/2025;11/03/2026;11/09/2025;11/09/2025;
NkrDmDhUyfQy;3000000339;8000;5;minhmn;VND;Ng?n h?n;4,8;11/08/2025;11/02/2026;11/08/2025;11/08/2025;
BR3cyGLWFD43;3000000339;8000;5;minhmn;VND;Ng?n h?n;4,8;14/08/2025;16/02/2026;14/08/2025;14/08/2025;
xm69lWPeKzZF;3000000339;8000;5;minhmn;VND;Ng?n h?n;4,8;29/09/2025;30/03/2026;29/09/2025;29/09/2025;
yH6mdG1DkWRA;3000000339;8000;5;minhmn;VND;Ng?n h?n;5;02/10/2025;02/04/2026;02/10/2025;02/10/2025;
ZiewiACSrao9;3000000339;8000;5;minhmn;VND;Ng?n h?n;5;06/10/2025;06/04/2026;06/10/2025;06/10/2025;
Irx3bEuO350v;3000000339;8000;5;minhmn;VND;Ng?n h?n;5;20/10/2025;20/04/2026;20/10/2025;20/10/2025;
EwmuSNCICOnf;3000000339;8000;5;minhmn;VND;Ng?n h?n;6,3;21/10/2025;21/04/2026;21/10/2025;21/10/2025;
aBClZR0PSAJa;3000000339;8000;5;minhmn;VND;Ng?n h?n;6,3;20/11/2025;20/05/2026;20/11/2025;20/11/2025;
hOw9CQNT97Kt;3000000339;8000;5;minhmn;VND;Ng?n h?n;4,8;14/07/2025;14/01/2026;14/07/2025;14/07/2025;
f4ZyBCH63EGK;3000000339;8000;5;minhmn;VND;Ng?n h?n;4,8;04/08/2025;04/02/2026;04/08/2025;04/08/2025;
rL5VCMSyqddA;3000000339;8000;5;minhmn;VND;Ng?n h?n;4,8;07/08/2025;09/02/2026;07/08/2025;07/08/2025;
wiojrSUUOgR4;3000000339;8000;5;minhmn;VND;Ng?n h?n;4,8;15/09/2025;16/03/2026;15/09/2025;15/09/2025;
zlDSkF64Xl61;3000000339;8000;5;minhmn;VND;Ng?n h?n;4,8;18/09/2025;18/03/2026;18/09/2025;18/09/2025;
C8WrfKcHMk7S;3000000339;8000;5;minhmn;VND;Ng?n h?n;4,8;22/09/2025;23/03/2026;22/09/2025;22/09/2025;
GsjPKoDBSyuu;3000000339;8000;5;minhmn;VND;Ng?n h?n;5;16/10/2025;16/04/2026;16/10/2025;16/10/2025;
W9uDOdXwhgdz;3000000339;8000;5;minhmn;VND;Ng?n h?n;4,8;11/09/2025;11/03/2026;11/09/2025;11/09/2025;
Fsb4EglzmWHZ;3000000339;8000;5;minhmn;VND;Ng?n h?n;6,3;20/11/2025;20/05/2026;20/11/2025;20/11/2025;
Mv7kABGuD62F;3000000339;8000;5;minhmn;VND;Ng?n h?n;4,8;07/07/2025;07/01/2026;07/07/2025;07/07/2025;
pJCUl2XComNz;3000000339;8000;5;minhmn;VND;Ng?n h?n;4,8;18/08/2025;18/02/2026;18/08/2025;18/08/2025;
SOQYymTBgq4x;3000000339;8000;5;minhmn;VND;Ng?n h?n;4,8;21/08/2025;23/02/2026;21/08/2025;21/08/2025;
lzFV3ucTCKuv;3000000339;8000;5;minhmn;VND;Ng?n h?n;4,8;28/08/2025;02/03/2026;28/08/2025;28/08/2025;
qFy84PUf4DV2;3000000339;8000;5;minhmn;VND;Ng?n h?n;5;06/10/2025;06/04/2026;06/10/2025;06/10/2025;
0N239RARRrO5;3000000339;8000;5;minhmn;VND;Ng?n h?n;5;21/10/2025;21/04/2026;21/10/2025;21/10/2025;
Me5Q6LEzBeUN;3000000339;8000;5;minhmn;VND;Ng?n h?n;4,8;26/06/2025;26/12/2025;26/06/2025;26/06/2025;
SkBUrj1P2kxY;3000000339;8000;5;minhmn;VND;Ng?n h?n;4,8;25/08/2025;25/02/2026;25/08/2025;25/08/2025;
iDiHNLtcgzFF;3000000339;8000;5;minhmn;VND;Ng?n h?n;4,8;28/08/2025;02/03/2026;28/08/2025;28/08/2025;
EXXz3Sg1cfxg;3000000339;8000;5;minhmn;VND;Ng?n h?n;4,8;18/09/2025;18/03/2026;18/09/2025;18/09/2025;
OwCO5plq1CQJ;3000000339;8000;5;minhmn;VND;Ng?n h?n;4,8;30/09/2025;30/03/2026;30/09/2025;30/09/2025;
aYd4NrTFx49c;3000000339;8000;5;minhmn;VND;Ng?n h?n;5;09/10/2025;09/04/2026;09/10/2025;09/10/2025;
1S6lIBrySmOE;3000000339;8000;5;minhmn;VND;Ng?n h?n;5;13/10/2025;13/04/2026;13/10/2025;13/10/2025;
97t3dAjBgsSB;3000000339;8000;5;minhmn;VND;Ng?n h?n;4,8;16/07/2025;16/01/2026;16/07/2025;16/07/2025;
lUWsG5QhWSdI;3000000339;8000;5;minhmn;VND;Ng?n h?n;4,8;21/07/2025;21/01/2026;21/07/2025;21/07/2025;
MMqMK1D0r9nc;3000000339;8000;5;minhmn;VND;Ng?n h?n;4,8;24/07/2025;26/01/2026;24/07/2025;24/07/2025;
HKr3gecTvxjb;3000000339;8000;5;minhmn;VND;Ng?n h?n;4,8;31/07/2025;02/02/2026;31/07/2025;31/07/2025;
AuzrWOGSRo2K;3000000339;8000;5;minhmn;VND;Ng?n h?n;4,8;25/08/2025;25/02/2026;25/08/2025;25/08/2025;
MDPGnnbZJbMC;3000000339;8000;5;minhmn;VND;Ng?n h?n;4,8;08/09/2025;09/03/2026;08/09/2025;08/09/2025;
K1B2gJaChEnf;3000000339;8000;5;minhmn;VND;Ng?n h?n;4,8;08/09/2025;09/03/2026;08/09/2025;08/09/2025;
Ub0ip6WPmJ9g;3000000339;8000;5;minhmn;VND;Ng?n h?n;4,8;29/09/2025;30/03/2026;29/09/2025;29/09/2025;
6RFan0wJS7pp;3000000339;8000;5;minhmn;VND;Ng?n h?n;5;02/10/2025;02/04/2026;02/10/2025;02/10/2025;
t8cCA9Lu12RN;3000000339;8000;5;minhmn;VND;Ng?n h?n;5;09/10/2025;09/04/2026;09/10/2025;09/10/2025;
Qg4clfsVwTU1;3000000339;8000;5;minhmn;VND;Ng?n h?n;5;20/10/2025;20/04/2026;20/10/2025;20/10/2025;
XAtcKKqgrLfY;3000000339;8000;5;minhmn;VND;Ng?n h?n;6,3;21/11/2025;21/05/2026;21/11/2025;21/11/2025;
PGiQyfdX8bC5;3000000339;8000;5;minhmn;VND;Ng?n h?n;4,8;15/09/2025;16/03/2026;15/09/2025;15/09/2025;
e4fVjIfByclf;3000000339;8000;5;minhmn;VND;Ng?n h?n;4,8;25/09/2025;25/03/2026;25/09/2025;25/09/2025;
WAftPKUDBsbe;3000000339;8000;5;minhmn;VND;Ng?n h?n;5;13/10/2025;13/04/2026;13/10/2025;13/10/2025;
86OwT2q2fRrL;3000000339;8000;5;minhmn;VND;Ng?n h?n;4,8;30/06/2025;30/12/2025;30/06/2025;30/06/2025;
FEtJq3PJNTYb;3000000339;8000;5;minhmn;VND;Ng?n h?n;4,8;28/07/2025;28/01/2026;28/07/2025;28/07/2025;
auBvaVt53hY4;3000000339;8000;5;minhmn;VND;Ng?n h?n;4,8;12/08/2025;12/02/2026;12/08/2025;12/08/2025;
5UtakePFhHjq;3000000339;8000;5;minhmn;VND;Ng?n h?n;4,8;18/08/2025;18/02/2026;18/08/2025;18/08/2025;
r1arDyS0G8fM;3000000339;8000;5;minhmn;VND;Ng?n h?n;4,8;22/09/2025;23/03/2026;22/09/2025;22/09/2025;
1PEH8bSjZPMU;3000000339;8000;5;minhmn;VND;Ng?n h?n;4,8;03/07/2025;05/01/2026;03/07/2025;03/07/2025;
uboolQcNnTWs;3000000339;8000;5;minhmn;VND;Ng?n h?n;4,8;10/07/2025;12/01/2026;10/07/2025;10/07/2025;
NPeUagIvyKAn;3000000339;8000;5;minhmn;VND;Ng?n h?n;4,8;11/08/2025;11/02/2026;11/08/2025;11/08/2025;
6rBb0wCGcmJ5;3000000339;8000;5;minhmn;VND;Ng?n h?n;4,8;14/08/2025;16/02/2026;14/08/2025;14/08/2025;
6D6ZUix5rTX9;3000000339;8000;5;minhmn;VND;Ng?n h?n;4,8;15/08/2025;16/02/2026;15/08/2025;15/08/2025;
Sg67NJ3KJSaU;3000000339;8000;5;minhmn;VND;Ng?n h?n;4,8;20/08/2025;20/02/2026;20/08/2025;20/08/2025;
Ri2ib9TY1nGh;3000000339;8000;5;minhmn;VND;Ng?n h?n;4,8;03/09/2025;03/03/2026;03/09/2025;03/09/2025;
CwP02f9voHyB;3000000339;8000;5;minhmn;VND;Ng?n h?n;4,8;05/09/2025;05/03/2026;05/09/2025;05/09/2025;
yggLezP5M9Lv;3000000339;8000;5;minhmn;VND;Ng?n h?n;5;16/10/2025;16/04/2026;16/10/2025;16/10/2025;
Hpwubmi4Yflm;3000000339;8000;5;minhmn;VND;Ng?n h?n;6,3;24/11/2025;25/05/2026;24/11/2025;24/11/2025;
7bU2S2CqdBFv;3000000339;8000;5;minhmn;VND;Ng?n h?n;6,3;27/11/2025;27/05/2026;27/11/2025;27/11/2025;
K2QhsHg3YEJO;3000000352;8000;5;minhmn;VND;Ng?n h?n;5,8;19/06/2025;19/12/2025;19/06/2025;19/06/2025;
U4zFglsRzcem;3000000352;8000;5;minhmn;VND;Ng?n h?n;5,8;08/08/2025;09/02/2026;08/08/2025;08/08/2025;
njj9AVF7KDgI;3000000352;8000;5;minhmn;VND;Ng?n h?n;5,8;03/07/2025;05/01/2026;03/07/2025;03/07/2025;
tAhbBQ6kjhRY;3000000352;8000;5;minhmn;VND;Ng?n h?n;5,8;09/10/2025;09/04/2026;09/10/2025;09/10/2025;
hpPsoCgur6iU;3000000352;8000;5;minhmn;VND;Ng?n h?n;6,3;10/11/2025;11/05/2026;10/11/2025;10/11/2025;
xaHKzL498Vc5;3000000352;8000;5;minhmn;VND;Ng?n h?n;6,3;21/11/2025;21/05/2026;21/11/2025;21/11/2025;
4bFLZqwQti0O;3000000352;8000;5;minhmn;VND;Ng?n h?n;5,8;15/08/2025;16/02/2026;15/08/2025;15/08/2025;
b0fsajcfGb6b;3000000352;8000;5;minhmn;VND;Ng?n h?n;5,8;28/08/2025;02/03/2026;28/08/2025;28/08/2025;
P1oQyWLBws7L;3000000352;8000;5;minhmn;VND;Ng?n h?n;5,8;25/09/2025;25/03/2026;25/09/2025;25/09/2025;
3sBi5xJdQf8G;3000000352;8000;5;minhmn;VND;Ng?n h?n;5,8;04/07/2025;05/01/2026;04/07/2025;04/07/2025;
UDOsAZAADeAM;3000000352;8000;5;minhmn;VND;Ng?n h?n;5,8;25/07/2025;26/01/2026;25/07/2025;25/07/2025;
vDoUSmcVGmIH;3000000352;8000;5;minhmn;VND;Ng?n h?n;5,8;11/08/2025;11/02/2026;11/08/2025;11/08/2025;
hNTFNKCr5tBz;3000000352;8000;5;minhmn;VND;Ng?n h?n;5,8;19/09/2025;19/03/2026;19/09/2025;19/09/2025;
mcGqHfAEm5xt;3000000352;8000;5;minhmn;VND;Ng?n h?n;6,3;26/11/2025;26/05/2026;26/11/2025;26/11/2025;
wFJ9dhr0whHR;3000000352;8000;5;minhmn;VND;Ng?n h?n;5,8;10/07/2025;12/01/2026;10/07/2025;10/07/2025;
zL6CNFcx7OzC;3000000352;8000;5;minhmn;VND;Ng?n h?n;6,3;10/11/2025;11/05/2026;10/11/2025;10/11/2025;
OumTLxYn0egt;3000000352;8000;5;minhmn;VND;Ng?n h?n;6,3;21/11/2025;21/05/2026;21/11/2025;21/11/2025;
Kn8LGV1dGgCo;3000000352;8000;5;minhmn;VND;Ng?n h?n;5,8;09/06/2025;09/12/2025;09/06/2025;09/06/2025;
aqaBAT5GXpoq;3000000352;8000;5;minhmn;VND;Ng?n h?n;5,8;18/07/2025;19/01/2026;18/07/2025;18/07/2025;
BxcdBVQHSoRu;3000000352;8000;5;minhmn;VND;Ng?n h?n;5,8;14/08/2025;16/02/2026;14/08/2025;14/08/2025;
7ZwFdo4HQfjf;3000000352;8000;5;minhmn;VND;Ng?n h?n;5,8;26/08/2025;26/02/2026;26/08/2025;26/08/2025;
F8H1LzVsV1pB;3000000352;8000;5;minhmn;VND;Ng?n h?n;5,8;10/09/2025;10/03/2026;10/09/2025;10/09/2025;
EAa4cnDVoGz1;3000000352;8000;5;minhmn;VND;Ng?n h?n;5,8;29/09/2025;30/03/2026;29/09/2025;29/09/2025;
IgiBM9P1rI5Q;3000000352;8000;5;minhmn;VND;Ng?n h?n;5,8;14/10/2025;14/04/2026;14/10/2025;14/10/2025;
d7TtNGrR3x4p;3000000352;8000;5;minhmn;VND;Ng?n h?n;5,8;17/10/2025;17/04/2026;17/10/2025;17/10/2025;
RJHBzZYJBH7Q;3000000352;8000;5;minhmn;VND;Ng?n h?n;6,3;12/11/2025;12/05/2026;12/11/2025;12/11/2025;
C6l7pJIIFLnt;3000000352;8000;5;minhmn;VND;Ng?n h?n;6,3;14/11/2025;14/05/2026;14/11/2025;14/11/2025;
A8nvPsrwaxKZ;3000000352;8000;5;minhmn;VND;Ng?n h?n;5,8;10/10/2025;10/04/2026;10/10/2025;10/10/2025;
17QRMlAx3tIK;3000000352;8000;5;minhmn;VND;Ng?n h?n;6,3;24/10/2025;24/04/2026;24/10/2025;24/10/2025;
l3LzwSwhhH26;3000000352;8000;5;minhmn;VND;Ng?n h?n;6,3;31/10/2025;30/04/2026;31/10/2025;31/10/2025;
qiREHzav7qi5;3000000352;8000;5;minhmn;VND;Ng?n h?n;6,3;07/11/2025;07/05/2026;07/11/2025;07/11/2025;
PKYVivx1r0ez;3000000352;8000;5;minhmn;VND;Ng?n h?n;5,8;30/09/2025;30/03/2026;30/09/2025;30/09/2025;
y8CULeURuqRA;3000000352;8000;5;minhmn;VND;Ng?n h?n;6,3;19/11/2025;19/05/2026;19/11/2025;19/11/2025;
Nzd1iq8hOugx;3000000352;8000;5;minhmn;VND;Ng?n h?n;6,3;28/11/2025;28/05/2026;28/11/2025;28/11/2025;
aMcnvBLF32gr;3000000357;8000;5;minhmn;VND;Ng?n h?n;5,3;25/06/2025;25/12/2025;25/06/2025;25/06/2025;
o0eH95eQnmsL;3000000357;8000;5;minhmn;VND;Ng?n h?n;5,3;12/08/2025;12/02/2026;12/08/2025;12/08/2025;
95X5O4Hu1eCW;3000000357;8000;5;minhmn;VND;Ng?n h?n;5,3;11/09/2025;11/03/2026;11/09/2025;11/09/2025;
jnFY9bPgHeQD;3000000357;8000;5;minhmn;VND;Ng?n h?n;5,3;10/10/2025;10/04/2026;10/10/2025;10/10/2025;
LUBP5IEeN9uW;3000000357;8000;5;minhmn;VND;Ng?n h?n;5,3;16/07/2025;16/01/2026;16/07/2025;16/07/2025;
KS2dDNYgGk6l;3000000357;8000;5;minhmn;VND;Ng?n h?n;5,3;09/06/2025;09/12/2025;09/06/2025;09/06/2025;
IwciY7HDKMgb;3000000357;8000;5;minhmn;VND;Ng?n h?n;5,3;04/08/2025;04/02/2026;04/08/2025;04/08/2025;
4ByWDgBKGToF;3000000357;8000;5;minhmn;VND;Ng?n h?n;5,3;13/08/2025;13/02/2026;13/08/2025;13/08/2025;
kh9QEOb3oHgL;3000000357;8000;5;minhmn;VND;Ng?n h?n;5,3;26/06/2025;26/12/2025;26/06/2025;26/06/2025;
c1WR7XnmtqtJ;3000000357;8000;5;minhmn;VND;Ng?n h?n;5,3;13/08/2025;13/02/2026;13/08/2025;13/08/2025;
CY1A2ntwDtZ9;3000000357;8000;5;minhmn;VND;Ng?n h?n;5,3;24/09/2025;24/03/2026;24/09/2025;24/09/2025;
tqIczEWyYR12;3000000357;8000;5;minhmn;VND;Ng?n h?n;5,3;12/06/2025;12/12/2025;12/06/2025;12/06/2025;
PnueGjC5UOVj;3000000357;8000;5;minhmn;VND;Ng?n h?n;5,3;15/07/2025;15/01/2026;15/07/2025;15/07/2025;
zCvsUAhf0uf9;3000000357;8000;5;minhmn;VND;Ng?n h?n;5,3;11/08/2025;11/02/2026;11/08/2025;11/08/2025;
DfogvUaMvzUp;3000000357;8000;5;minhmn;VND;Ng?n h?n;6,3;11/11/2025;11/05/2026;11/11/2025;11/11/2025;
EFcv9pjhRyui;3000000357;8000;5;minhmn;VND;Ng?n h?n;5,3;11/06/2025;11/12/2025;11/06/2025;11/06/2025;
cYZHvppSh1Fw;3000000357;8000;5;minhmn;VND;Ng?n h?n;5,3;17/07/2025;19/01/2026;17/07/2025;17/07/2025;
n9zUgmRWkcrd;3000000357;8000;5;minhmn;VND;Ng?n h?n;5,3;14/08/2025;16/02/2026;14/08/2025;14/08/2025;
imWmUDS8omTp;3000000857;8000;5;minhmn;VND;Ng?n h?n;6;16/09/2025;16/02/2026;16/09/2025;16/09/2025;
VrJKfUgyJjnj;3000000857;8000;5;minhmn;VND;Ng?n h?n;6;19/08/2025;19/01/2026;19/08/2025;19/08/2025;
sb62V7JZSsaw;3000000857;8000;5;minhmn;VND;Ng?n h?n;6;30/09/2025;02/03/2026;30/09/2025;30/09/2025;
yICAVLz83ubB;3000000857;8000;5;minhmn;VND;Ng?n h?n;6,5;24/11/2025;24/04/2026;24/11/2025;24/11/2025;
z2WCQ5u0K9BJ;3000000857;8056;5;minhmn;VND;Trung h?n;7;30/07/2025;30/07/2030;30/07/2025;30/07/2025;
6XeRPE2iDn1x;3000000945;8057;5;minhmn;VND;Trung h?n;14;15/05/2023;25/11/2026;28/06/2025;;
CeEaKjihndRD;3000000945;8056;5;minhmn;VND;Trung h?n;14;09/09/2022;25/11/2026;28/06/2025;;
UvZy3KEKSbAm;3000000945;8056;5;minhmn;VND;Trung h?n;14;11/06/2021;25/11/2026;28/06/2025;;
THC5sup4Mh7v;3000000945;8056;5;minhmn;VND;Trung h?n;14;30/05/2023;25/11/2026;28/06/2025;;
chBHTMs3Sqsq;3000000089;5558;16;minhnql;VND;Dài h?n;4,9;03/06/2025;25/05/2045;03/06/2025;03/06/2025;
bPvrzF61Ea3N;3000000095;5558;16;minhnql;VND;Dài h?n;6,7;13/11/2024;10/11/2039;13/11/2024;13/11/2024;
gQ0XxuVIByMv;3000000097;8609;16;minhnql;VND;Ng?n h?n;6,8;13/11/2025;13/05/2026;13/11/2025;13/11/2025;
fErFx59X0XXa;3000000097;8609;16;minhnql;VND;Ng?n h?n;9;07/11/2025;07/05/2026;07/11/2025;07/11/2025;
bccdczEBWVGP;3000000097;8609;16;minhnql;VND;Ng?n h?n;6,8;20/11/2025;20/05/2026;20/11/2025;20/11/2025;
6bYctU25KSLX;3000000097;8609;16;minhnql;VND;Ng?n h?n;6,8;19/11/2025;19/05/2026;19/11/2025;19/11/2025;
83EORtxLLEgP;3000000097;8609;16;minhnql;VND;Ng?n h?n;6,8;10/11/2025;11/05/2026;10/11/2025;10/11/2025;
tMUG1h0qXJEl;3000000097;8609;16;minhnql;VND;Ng?n h?n;7,3;28/11/2025;28/05/2026;28/11/2025;28/11/2025;
ohkb3dY6nMGr;3000000097;8609;16;minhnql;VND;Ng?n h?n;6,8;11/11/2025;11/05/2026;11/11/2025;11/11/2025;
26HvXt0bCVbz;3000000135;5508;16;minhnql;VND;Dài h?n;5,5;22/02/2022;21/02/2042;22/02/2022;22/02/2022;
hZTRvtMQGoAE;3000000156;5513;16;minhnql;VND;Dài h?n;4,9;18/04/2025;18/04/2045;18/04/2025;18/04/2025;
15WNdx8veusF;3000000180;5513;16;minhnql;VND;Dài h?n;5,5;18/05/2020;18/05/2040;18/05/2020;18/05/2020;
GKBJNLbZduJf;3000000198;5513;16;minhnql;VND;Dài h?n;5,5;22/06/2020;22/06/2040;22/06/2020;22/06/2020;
qfH3yLpk4KaK;3000000217;5508;16;minhnql;VND;Dài h?n;5,5;17/03/2021;18/03/2041;17/03/2021;17/03/2021;
cwaBpUAJERUa;3000000257;8609;16;minhnql;VND;Ng?n h?n;6;26/09/2025;26/03/2026;26/09/2025;26/09/2025;
aMD1AjFn9KR5;3000000257;8609;16;minhnql;VND;Ng?n h?n;6;23/09/2025;23/03/2026;23/09/2025;23/09/2025;
xVKY3H10iyGV;3000000257;8609;16;minhnql;VND;Ng?n h?n;6;24/09/2025;24/03/2026;24/09/2025;24/09/2025;
Hu1cKpDTgZPo;3000000257;8609;16;minhnql;VND;Ng?n h?n;6;25/09/2025;25/03/2026;25/09/2025;25/09/2025;
Ol6lSAadB0gs;3000000279;5513;16;minhnql;VND;Dài h?n;5,5;05/01/2022;30/12/2041;04/05/2022;;
Z0nSHi0bxveh;3000000279;5508;16;minhnql;VND;Dài h?n;5,5;04/01/2022;25/10/2041;04/01/2022;04/01/2022;
8qujCypeQKth;3000000279;5513;16;minhnql;VND;Dài h?n;5,5;05/01/2022;30/12/2041;05/01/2022;05/01/2022;
JuHinhGBFINV;3000000423;8609;16;minhnql;VND;Ng?n h?n;6;17/09/2025;17/03/2026;17/09/2025;17/09/2025;
5CmAZoZF2Iqk;3000000565;5523;16;minhnql;VND;Dài h?n;6,5;13/02/2025;13/02/2032;13/02/2025;13/02/2025;
p1mJpJPkF7mB;3000000615;8615;16;minhnql;VND;Ng?n h?n;9;09/06/2025;09/12/2025;09/06/2025;09/06/2025;
HrFIjMn0MY4a;3000000615;8615;16;minhnql;VND;Ng?n h?n;9;10/06/2025;10/12/2025;10/06/2025;10/06/2025;
YgXUgrIllMyX;3000000687;5508;16;minhnql;VND;Dài h?n;5,5;07/04/2022;07/10/2043;07/04/2022;07/04/2022;
hzZSLxKBRxBA;3000000783;5508;16;minhnql;VND;Dài h?n;4,9;23/08/2022;10/08/2057;23/08/2022;23/08/2022;
G5Rcv6iEuoZl;3000000783;5508;16;minhnql;VND;Dài h?n;4,9;16/08/2024;17/08/2054;16/08/2024;16/08/2024;
YR4S5BHeETo0;3000000835;5508;16;minhnql;VND;Dài h?n;4,9;15/07/2022;16/07/2057;15/07/2022;15/07/2022;
fUu0HQal3uZp;3000000980;5558;16;minhnql;VND;Dài h?n;11;16/11/2021;17/11/2031;16/11/2021;16/11/2021;
7fF0LzNyHZWu;3000000996;8609;16;minhnql;VND;Ng?n h?n;5,5;24/07/2025;26/01/2026;24/07/2025;24/07/2025;
ZCXagNCyv1Sc;3000001009;8609;16;minhnql;VND;Ng?n h?n;5;18/06/2025;18/12/2025;18/06/2025;18/06/2025;
E5ygtnljoBWe;3000001009;8609;16;minhnql;VND;Ng?n h?n;5;20/06/2025;22/12/2025;20/06/2025;20/06/2025;
BWHFWpKkUQfr;3000001098;5508;16;minhnql;VND;Dài h?n;11;24/11/2023;15/11/2033;24/11/2023;24/11/2023;
FObA7XEspS6X;3000001121;5508;16;minhnql;VND;Dài h?n;8,5;30/06/2023;30/06/2053;30/06/2023;30/06/2023;
6eCDHuF80L8A;3000001122;5508;16;minhnql;VND;Dài h?n;11;30/06/2023;10/06/2058;03/07/2023;03/07/2023;
BG1h54Ounawa;3000001151;5513;16;minhnql;VND;Dài h?n;6,5;13/03/2025;21/02/2042;13/03/2025;13/03/2025;
SGZmLQ0dK6Yl;3000001151;8609;16;minhnql;VND;Ng?n h?n;9;29/10/2025;29/04/2026;29/10/2025;29/10/2025;
LOEJRK7YRhUJ;3000001248;5513;16;minhnql;VND;Dài h?n;6,7;27/11/2024;05/12/2058;27/11/2024;27/11/2024;
SvNYzaO5WeSm;3000001248;5513;16;minhnql;VND;Dài h?n;7;12/12/2023;05/12/2058;12/12/2023;12/12/2023;
D35QxyH0OIzV;3000001281;5513;16;minhnql;VND;Dài h?n;7;20/12/2023;05/12/2058;20/12/2023;20/12/2023;
Dg6JQr1Em064;3000001281;5523;16;minhnql;VND;Dài h?n;6,7;27/05/2025;27/05/2032;27/05/2025;27/05/2025;
p9F6nDLQJBHu;3000001281;5513;16;minhnql;VND;Dài h?n;6,7;18/12/2024;05/12/2058;18/12/2024;18/12/2024;
t9tN8XCnIFug;3000001304;5513;16;minhnql;VND;Dài h?n;7;16/01/2024;05/12/2052;16/01/2024;16/01/2024;
DMN1TkBTw4eq;3000001304;5513;16;minhnql;VND;Dài h?n;6,7;01/11/2024;05/12/2052;01/11/2024;01/11/2024;
9v4AFOAGsU8s;3000001351;5513;16;minhnql;VND;Dài h?n;7;08/03/2024;05/03/2059;08/03/2024;08/03/2024;
3zKED9uDL4tF;3000001351;5513;16;minhnql;VND;Dài h?n;6,7;18/12/2024;05/03/2059;18/12/2024;18/12/2024;
CfYbWCRR9m6K;3000001718;7200;16;minhnql;VND;Ng?n h?n;3;22/08/2025;22/01/2026;22/08/2025;22/08/2025;
HOBIcEuuo2yZ;3000001718;7200;16;minhnql;VND;Ng?n h?n;3;22/08/2025;10/12/2025;22/08/2025;22/08/2025;
ypJFEDjsxlEQ;3000001718;7200;16;minhnql;VND;Ng?n h?n;3;17/09/2025;17/03/2026;17/09/2025;17/09/2025;
RvKZhV2j8xTo;3000000351;8000;7;na.tu;VND;Ng?n h?n;5,8;25/09/2025;25/03/2026;25/09/2025;25/09/2025;
3zPPCXkoevPB;3000000351;8000;7;na.tu;VND;Ng?n h?n;6,3;23/10/2025;23/04/2026;23/10/2025;23/10/2025;
jWkgUcxNsAxL;3000000351;8000;7;na.tu;VND;Ng?n h?n;6,3;29/10/2025;29/04/2026;29/10/2025;29/10/2025;
Dvwz24mpMbfz;3000000351;8000;7;na.tu;VND;Ng?n h?n;6,3;04/11/2025;04/05/2026;04/11/2025;04/11/2025;
YTSjRTgJiBjC;3000000351;8000;7;na.tu;VND;Ng?n h?n;6,3;24/11/2025;25/05/2026;24/11/2025;24/11/2025;
9qo5bREkSVKH;3000000351;8000;7;na.tu;VND;Ng?n h?n;5,8;03/10/2025;03/04/2026;03/10/2025;03/10/2025;
9on1doR3hiAw;3000000351;8000;7;na.tu;VND;Ng?n h?n;5,5;15/10/2025;15/04/2026;15/10/2025;15/10/2025;
OETvMvBwo9oK;3000000351;8000;7;na.tu;VND;Ng?n h?n;5,5;21/10/2025;21/04/2026;21/10/2025;21/10/2025;
PnhDelSfrkof;3000000351;8000;7;na.tu;VND;Ng?n h?n;6,3;10/11/2025;11/05/2026;10/11/2025;10/11/2025;
e1m0FQCOHPjx;3000000351;8000;7;na.tu;VND;Ng?n h?n;6,3;26/11/2025;26/05/2026;26/11/2025;26/11/2025;
xciIY4PipS3X;3000000351;8000;7;na.tu;VND;Ng?n h?n;5,8;03/10/2025;03/04/2026;03/10/2025;03/10/2025;
PHqqCej8DZ1b;3000000351;8000;7;na.tu;VND;Ng?n h?n;5,5;21/10/2025;21/04/2026;21/10/2025;21/10/2025;
xhbAW5YSr4cs;3000000351;8000;7;na.tu;VND;Ng?n h?n;6,3;24/10/2025;24/04/2026;24/10/2025;24/10/2025;
MOfKR1TPii3F;3000000351;8000;7;na.tu;VND;Ng?n h?n;6,3;07/11/2025;07/05/2026;07/11/2025;07/11/2025;
eTpi5iLRBe2X;3000000351;8000;7;na.tu;VND;Ng?n h?n;5,8;08/10/2025;08/04/2026;08/10/2025;08/10/2025;
kWGIRkrkqL1R;3000000351;8000;7;na.tu;VND;Ng?n h?n;6,3;13/11/2025;13/05/2026;13/11/2025;13/11/2025;
i7YzSjt4hy6E;3000000351;8000;7;na.tu;VND;Ng?n h?n;6,3;20/11/2025;20/05/2026;20/11/2025;20/11/2025;
6vbQS4ZxXANL;3000000351;8000;7;na.tu;VND;Ng?n h?n;5,8;25/09/2025;25/03/2026;25/09/2025;25/09/2025;
bbkpJDn23DZU;3000000351;8000;7;na.tu;VND;Ng?n h?n;5,8;09/10/2025;09/04/2026;09/10/2025;09/10/2025;
nmXlX8g5k7bH;3000000351;8000;7;na.tu;VND;Ng?n h?n;6,3;23/10/2025;23/04/2026;23/10/2025;23/10/2025;
PMttHFjLfQX6;3000000351;8000;7;na.tu;VND;Ng?n h?n;6,3;04/11/2025;04/05/2026;04/11/2025;04/11/2025;
Wo6ozPAAx8R5;3000000351;8000;7;na.tu;VND;Ng?n h?n;5,8;26/09/2025;26/03/2026;26/09/2025;26/09/2025;
JCDxYBsnhFvc;3000000351;8000;7;na.tu;VND;Ng?n h?n;5,5;16/10/2025;16/04/2026;16/10/2025;16/10/2025;
yoobn57vDzov;3000000351;8000;7;na.tu;VND;Ng?n h?n;6,3;24/11/2025;25/05/2026;24/11/2025;24/11/2025;
UX23khssnHrN;3000000351;8000;7;na.tu;VND;Ng?n h?n;5,5;15/10/2025;15/04/2026;15/10/2025;15/10/2025;
HJsQbslhSbM3;3000000351;8000;7;na.tu;VND;Ng?n h?n;6,3;05/11/2025;05/05/2026;05/11/2025;05/11/2025;
qJMnh5giHMCR;3000000351;8000;7;na.tu;VND;Ng?n h?n;6,3;10/11/2025;11/05/2026;10/11/2025;10/11/2025;
FOR40AE5FiGP;3000000351;8000;7;na.tu;VND;Ng?n h?n;6,3;17/11/2025;18/05/2026;17/11/2025;17/11/2025;
9mBpNJzubFQ0;3000000351;8000;7;na.tu;VND;Ng?n h?n;5,8;25/09/2025;25/03/2026;25/09/2025;25/09/2025;
aPoFoalMBC74;3000000351;8000;7;na.tu;VND;Ng?n h?n;5,8;03/10/2025;03/04/2026;03/10/2025;03/10/2025;
VxpLKbmSBa6u;3000000351;8000;7;na.tu;VND;Ng?n h?n;5,5;13/10/2025;13/04/2026;13/10/2025;13/10/2025;
j039OQ4rDfhR;3000000374;8000;7;na.tu;VND;Ng?n h?n;4,1;29/08/2025;29/12/2025;29/08/2025;29/08/2025;
oftDaKRSTVzC;3000000374;8000;7;na.tu;VND;Ng?n h?n;4,1;12/09/2025;12/01/2026;12/09/2025;12/09/2025;
5JEXm5Q2ipsK;3000000374;8000;7;na.tu;VND;Ng?n h?n;4,1;17/09/2025;19/01/2026;17/09/2025;17/09/2025;
lTnL80UilTjS;3000000374;8000;7;na.tu;VND;Ng?n h?n;4,1;05/09/2025;05/01/2026;05/09/2025;05/09/2025;
b5FK9QqE2Bx5;3000000374;8000;7;na.tu;VND;Ng?n h?n;4,4;17/10/2025;17/02/2026;17/10/2025;17/10/2025;
YhC6oNGA8Lyi;3000000374;8000;7;na.tu;VND;Ng?n h?n;4,1;19/09/2025;19/01/2026;19/09/2025;19/09/2025;
fm5knorLlsGv;3000000374;8000;7;na.tu;VND;Ng?n h?n;4,1;24/09/2025;26/01/2026;24/09/2025;24/09/2025;
n9fB9oAeAAUc;3000000374;8000;7;na.tu;VND;Ng?n h?n;4,1;26/09/2025;26/01/2026;26/09/2025;26/09/2025;
rIy1HvMP4f1M;3000000374;8000;7;na.tu;VND;Ng?n h?n;4,1;03/10/2025;03/02/2026;03/10/2025;03/10/2025;
EHWh8NOua4go;3000000374;8000;7;na.tu;VND;Ng?n h?n;4,1;10/10/2025;10/02/2026;10/10/2025;10/10/2025;
hHVFVJUaLoFv;3000000374;8000;7;na.tu;VND;Ng?n h?n;4,1;15/10/2025;16/02/2026;15/10/2025;15/10/2025;
wtqhXx30SQWr;3000000374;8000;7;na.tu;VND;Ng?n h?n;4,1;09/09/2025;09/01/2026;09/09/2025;09/09/2025;
HuIQvJUVXds1;3000000374;8000;7;na.tu;VND;Ng?n h?n;4,1;10/09/2025;12/01/2026;10/09/2025;10/09/2025;
uok3uXokFsmr;3000000374;8000;7;na.tu;VND;Ng?n h?n;4,1;05/09/2025;05/01/2026;05/09/2025;05/09/2025;
pwAczwhS0fDq;3000000454;8057;7;na.tu;VND;Dài h?n;7,2;26/04/2024;25/03/2039;26/04/2024;28/11/2025;
FY9ed1hMWYGI;3000000774;8000;7;na.tu;VND;Ng?n h?n;6,5;03/07/2025;05/01/2026;03/07/2025;03/07/2025;
ZBSOCO9ZXAia;3000000774;8000;7;na.tu;VND;Ng?n h?n;6,5;27/08/2025;27/02/2026;27/08/2025;27/08/2025;
olZrQKC2cCGE;3000000774;8000;7;na.tu;VND;Ng?n h?n;6,5;28/08/2025;02/03/2026;28/08/2025;28/08/2025;
4iPI5oYrn9q1;3000000774;8000;7;na.tu;VND;Ng?n h?n;6,2;07/10/2025;07/04/2026;07/10/2025;07/10/2025;
ttcPsB193BHI;3000000774;8000;7;na.tu;VND;Ng?n h?n;6,5;14/11/2025;14/05/2026;14/11/2025;14/11/2025;
fW8ptoD71rOG;3000000774;8000;7;na.tu;VND;Ng?n h?n;6,5;08/07/2025;08/01/2026;08/07/2025;08/07/2025;
EPCIutDPzhVc;3000000774;8000;7;na.tu;VND;Ng?n h?n;6,5;06/08/2025;06/02/2026;06/08/2025;06/08/2025;
6NCNENdzkzdk;3000000774;8000;7;na.tu;VND;Ng?n h?n;6,5;18/09/2025;18/03/2026;18/09/2025;18/09/2025;
PbYYPmH9ZWCA;3000000774;8000;7;na.tu;VND;Ng?n h?n;6,2;10/10/2025;10/04/2026;10/10/2025;10/10/2025;
qGa1UGL2pAUV;3000000774;8000;7;na.tu;VND;Ng?n h?n;6,5;20/11/2025;20/05/2026;20/11/2025;20/11/2025;
aLh8BSTIBrcZ;3000000774;8000;7;na.tu;VND;Ng?n h?n;6,5;10/07/2025;12/01/2026;10/07/2025;10/07/2025;
zVBIPKsEFkil;3000000774;8000;7;na.tu;VND;Ng?n h?n;6,5;16/09/2025;16/03/2026;16/09/2025;16/09/2025;
VH8OXpBQjKHc;3000000774;8000;7;na.tu;VND;Ng?n h?n;6,5;19/09/2025;19/03/2026;19/09/2025;19/09/2025;
A9E5I8J0Rtkm;3000000774;8000;7;na.tu;VND;Ng?n h?n;6,5;27/06/2025;29/12/2025;27/06/2025;27/06/2025;
BO9FzedalXXR;3000000774;8000;7;na.tu;VND;Ng?n h?n;6,5;03/07/2025;05/01/2026;03/07/2025;03/07/2025;
YEDYuAioNrMI;3000000774;8000;7;na.tu;VND;Ng?n h?n;6,5;24/07/2025;26/01/2026;24/07/2025;24/07/2025;
axWz8vV4tNKI;3000000774;8000;7;na.tu;VND;Ng?n h?n;6,5;23/10/2025;23/04/2026;23/10/2025;23/10/2025;
ivBbD9ykVl9p;3000000774;8000;7;na.tu;VND;Ng?n h?n;6,5;27/06/2025;29/12/2025;27/06/2025;27/06/2025;
nSmf6Zh55f57;3000000774;8000;7;na.tu;VND;Ng?n h?n;6,5;23/10/2025;23/04/2026;23/10/2025;23/10/2025;
HvBovu8rxHi5;3000000774;8000;7;na.tu;VND;Ng?n h?n;6,5;21/08/2025;23/02/2026;21/08/2025;21/08/2025;
vdSCLYgD5sdG;3000000774;8000;7;na.tu;VND;Ng?n h?n;6,5;25/09/2025;25/03/2026;25/09/2025;25/09/2025;
wvFLWo90wYnO;3000000774;8000;7;na.tu;VND;Ng?n h?n;6,5;18/06/2025;18/12/2025;18/06/2025;18/06/2025;
CiSwCrZgnvVL;3000000774;8000;7;na.tu;VND;Ng?n h?n;6,5;13/11/2025;13/05/2026;13/11/2025;13/11/2025;
FkEAiv1BeWdW;3000000774;8000;7;na.tu;VND;Ng?n h?n;6,2;01/10/2025;01/04/2026;01/10/2025;01/10/2025;
QIuIgtPHI0L3;3000000774;8000;7;na.tu;VND;Ng?n h?n;6,2;08/10/2025;08/04/2026;08/10/2025;08/10/2025;
mPkxMT5vBjtL;3000000774;8000;7;na.tu;VND;Ng?n h?n;6,5;30/10/2025;04/05/2026;30/10/2025;30/10/2025;
A9NSbJ1RrzeY;3000000774;8000;7;na.tu;VND;Ng?n h?n;6,5;15/07/2025;15/01/2026;15/07/2025;15/07/2025;
2BJnmbzjQBJ6;3000000774;8000;7;na.tu;VND;Ng?n h?n;6,5;06/08/2025;06/02/2026;06/08/2025;06/08/2025;
A2ElqjShvvmf;3000000774;8000;7;na.tu;VND;Ng?n h?n;6,5;08/08/2025;09/02/2026;08/08/2025;08/08/2025;
TeqQOo0rUsrs;3000000774;8000;7;na.tu;VND;Ng?n h?n;6,5;13/08/2025;13/02/2026;13/08/2025;13/08/2025;
W7mYDtTf5Ds2;3000000774;8000;7;na.tu;VND;Ng?n h?n;6,5;15/08/2025;16/02/2026;15/08/2025;15/08/2025;
nHoQ2s2kFBfk;3000000774;8000;7;na.tu;VND;Ng?n h?n;6,5;19/08/2025;19/02/2026;19/08/2025;19/08/2025;
8T2viaEcFm0c;3000000774;8000;7;na.tu;VND;Ng?n h?n;6,5;07/11/2025;07/05/2026;07/11/2025;07/11/2025;
qFZSEqw4FaSN;3000000774;8000;7;na.tu;VND;Ng?n h?n;6,5;07/11/2025;07/05/2026;07/11/2025;07/11/2025;
wJnepb4ykFcN;3000000774;8000;7;na.tu;VND;Ng?n h?n;6,5;26/11/2025;26/05/2026;26/11/2025;26/11/2025;
NrgumnoojnTQ;3000000774;8000;7;na.tu;VND;Ng?n h?n;6,5;16/07/2025;16/01/2026;16/07/2025;16/07/2025;
obrnyV5QQOgV;3000000774;8000;7;na.tu;VND;Ng?n h?n;6,5;13/11/2025;13/05/2026;13/11/2025;13/11/2025;
Xu1jBKpwdIXz;3000000991;8057;7;na.tu;VND;Dài h?n;7,2;25/09/2023;18/01/2035;25/09/2023;05/10/2023;
zKzjUJmeW5Md;3000000991;8057;7;na.tu;VND;Dài h?n;7,2;20/12/2024;18/01/2035;20/12/2024;31/12/2024;
ZoKDzDzPJJhQ;3000000991;8057;7;na.tu;VND;Dài h?n;7,2;06/02/2024;18/01/2035;06/02/2024;08/03/2024;
CgGwpYkjqEUb;3000000991;8057;7;na.tu;VND;Dài h?n;7,2;21/03/2024;18/01/2035;21/03/2024;29/03/2024;
WiwDDg2numVT;3000000991;8057;7;na.tu;VND;Dài h?n;7,2;19/12/2023;18/01/2035;19/12/2023;29/12/2023;
IMLLuYY0GL8z;3000000991;8057;7;na.tu;VND;Dài h?n;7,2;19/09/2024;18/01/2035;19/09/2024;05/12/2024;
nBhMuGRHt9gD;3000000991;8057;7;na.tu;VND;Dài h?n;7,2;05/04/2024;18/01/2035;05/04/2024;11/09/2024;
zlo02ubFi96E;3000000991;8057;7;na.tu;VND;Dài h?n;7,2;12/10/2023;18/01/2035;12/10/2023;25/10/2023;
lYjs7Bb53ZqG;3000000991;8057;7;na.tu;VND;Dài h?n;7,2;10/11/2023;18/01/2035;10/11/2023;29/11/2023;
T7hzlgKfqGpl;3000001021;8000;7;na.tu;VND;Ng?n h?n;5,5;11/08/2025;11/02/2026;11/08/2025;11/08/2025;
nneU8p0Iw3bb;3000001021;8000;7;na.tu;VND;Ng?n h?n;5,5;28/07/2025;28/01/2026;28/07/2025;28/07/2025;
qIzmyUfO10Q4;3000001021;8000;7;na.tu;VND;Ng?n h?n;5,5;04/08/2025;04/02/2026;04/08/2025;04/08/2025;
qbC9VpDeoMtb;3000001021;8000;7;na.tu;VND;Ng?n h?n;5,5;05/08/2025;05/02/2026;05/08/2025;05/08/2025;
GILqLFtFgYIY;3000001052;8057;7;na.tu;VND;Dài h?n;7,2;25/09/2023;25/04/2034;25/09/2023;12/10/2023;
leOjzAqFG4Su;3000001052;8057;7;na.tu;VND;Dài h?n;7,2;30/01/2024;25/04/2034;30/01/2024;25/10/2024;
g4PDL24Jc6ez;3000001052;8057;7;na.tu;VND;Dài h?n;7,2;13/12/2023;25/04/2034;13/12/2023;25/01/2024;
XfiIQdz8RV57;3000001052;8057;7;na.tu;VND;Dài h?n;7,2;25/10/2023;25/04/2034;25/10/2023;29/11/2023;
uqdnxPLWvDry;3000001426;8000;7;na.tu;VND;Ng?n h?n;5,3;13/06/2025;15/12/2025;13/06/2025;13/06/2025;
pi9JKkb5AZ3H;3000001426;8000;7;na.tu;VND;Ng?n h?n;5,3;06/08/2025;06/02/2026;06/08/2025;06/08/2025;
dhwqEgpjxyLr;3000001426;8000;7;na.tu;VND;Ng?n h?n;5,3;12/08/2025;12/02/2026;12/08/2025;12/08/2025;
HhSSyHvlBhBD;3000001426;8000;7;na.tu;VND;Ng?n h?n;5,3;12/08/2025;12/02/2026;12/08/2025;12/08/2025;
xjTmOnWs0RY4;3000001426;8000;7;na.tu;VND;Ng?n h?n;5,3;15/08/2025;16/02/2026;15/08/2025;15/08/2025;
vFALI51mHa76;3000001426;8000;7;na.tu;VND;Ng?n h?n;5,3;19/08/2025;19/02/2026;19/08/2025;19/08/2025;
0H8H0MFlL3s8;3000001426;8000;7;na.tu;VND;Ng?n h?n;5,3;20/08/2025;20/02/2026;20/08/2025;20/08/2025;
vhzOY6wjZlGs;3000001426;8000;7;na.tu;VND;Ng?n h?n;5,3;09/06/2025;09/12/2025;09/06/2025;09/06/2025;
ZAjyScfAa0z5;3000001426;8000;7;na.tu;VND;Ng?n h?n;5,3;26/06/2025;26/12/2025;26/06/2025;26/06/2025;
8dFdacGs0Qkd;3000001426;8000;7;na.tu;VND;Ng?n h?n;5,3;12/08/2025;12/02/2026;12/08/2025;12/08/2025;
gXZABMQfsAs0;3000001426;8000;7;na.tu;VND;Ng?n h?n;5,3;16/06/2025;16/12/2025;16/06/2025;16/06/2025;
zsU2sdwbUW9Q;3000001426;8000;7;na.tu;VND;Ng?n h?n;5,3;08/08/2025;09/02/2026;08/08/2025;08/08/2025;
ilIFlvwU1mPH;3000001697;8000;7;na.tu;VND;Ng?n h?n;7;28/11/2025;02/03/2026;28/11/2025;28/11/2025;
Ih9hoGPHNke1;3000001697;8000;7;na.tu;VND;Ng?n h?n;7;28/11/2025;02/03/2026;28/11/2025;28/11/2025;
6EZVWcmx1XCf;3000000006;5508;8;nambp;VND;Dài h?n;5;23/09/2020;21/09/2040;23/09/2020;23/09/2020;
BjjgcuxaQiKv;3000000006;5508;8;nambp;VND;Dài h?n;5;14/09/2020;11/09/2040;14/09/2020;14/09/2020;
XiSA8aRRRwID;3000000006;5558;8;nambp;VND;Dài h?n;4,9;18/06/2025;25/05/2045;18/06/2025;18/06/2025;
jnbiJH3ZUEOE;3000000047;5508;8;nambp;VND;Dài h?n;4,4;26/04/2022;15/04/2032;26/04/2022;26/04/2022;
JkO3QP4yWLS5;3000000091;5508;8;nambp;VND;Dài h?n;5,5;17/04/2019;08/04/2039;17/04/2019;17/04/2019;
OWvbbxI3MgeT;3000000162;8609;8;nambp;VND;Ng?n h?n;6,8;11/06/2025;11/03/2026;11/06/2025;11/06/2025;
VDTdgP99ND2B;3000000162;8609;8;nambp;VND;Ng?n h?n;6,8;04/06/2025;04/03/2026;04/06/2025;04/06/2025;
K86BGLau2ZlC;3000000162;8609;8;nambp;VND;Ng?n h?n;6,8;09/06/2025;09/03/2026;09/06/2025;09/06/2025;
lSaMxQGrR0aW;3000000166;5513;8;nambp;VND;Dài h?n;6,7;20/09/2024;19/09/2058;20/09/2024;20/09/2024;
EYqq4Hfq3iql;3000000240;8718;8;nambp;VND;Dài h?n;11;14/10/2021;14/10/2031;14/10/2021;15/10/2021;
aSVG3g7WPFlh;3000000240;8718;8;nambp;VND;Dài h?n;11;01/12/2021;14/10/2031;01/12/2021;01/12/2021;
9p6XtxAQfnsJ;3000000240;8718;8;nambp;VND;Dài h?n;11;03/12/2021;02/12/2031;03/12/2021;03/12/2021;
jeolVT8b5ojC;3000000259;5513;8;nambp;VND;Dài h?n;6,3;30/12/2024;20/11/2051;30/12/2024;30/12/2024;
SPfvsARjS0BF;3000000259;5513;8;nambp;VND;Dài h?n;6,5;29/11/2024;20/11/2051;29/11/2024;29/11/2024;
emznepTTVoq2;3000000281;5513;8;nambp;VND;Dài h?n;11;24/05/2024;05/05/2044;24/05/2024;24/05/2024;
DAeExIm2AYiU;3000000293;8724;8;nambp;VND;Dài h?n;9;27/11/2023;22/11/2038;27/11/2023;27/11/2023;
StODmZrWzFcf;3000000384;5513;8;nambp;VND;Dài h?n;6,7;04/11/2024;05/04/2057;04/11/2024;04/11/2024;
nvtOfoI9SXih;3000000384;5513;8;nambp;VND;Dài h?n;7;11/12/2023;05/04/2057;11/12/2023;11/12/2023;
D1KxMJVgndS8;3000000511;5508;8;nambp;VND;Dài h?n;5,5;04/04/2022;04/04/2042;04/04/2022;04/04/2022;
WYQJ6aTcftOY;3000000511;5508;8;nambp;VND;Dài h?n;5,5;08/11/2021;28/10/2041;08/11/2021;08/11/2021;
5VErFB2lmpZ0;3000000534;5508;8;nambp;VND;Dài h?n;4,9;12/06/2025;11/06/2060;12/06/2025;12/06/2025;
G2AW3v7mLlQA;3000000549;5513;8;nambp;VND;Dài h?n;6,7;31/07/2024;22/07/2047;31/07/2024;31/07/2024;
38xdsnaMTJQg;3000000568;5508;8;nambp;VND;Dài h?n;6,7;28/08/2025;07/08/2045;28/08/2025;28/08/2025;
sf2DmZ3m4AHt;3000000586;5513;8;nambp;VND;Dài h?n;7;08/12/2023;05/12/2053;08/12/2023;08/12/2023;
l8cGbNSA28vu;3000000586;5513;8;nambp;VND;Dài h?n;6,7;25/10/2024;05/12/2053;25/10/2024;25/10/2024;
tDnhRGst30Tw;3000000650;5513;8;nambp;VND;Dài h?n;6,7;06/08/2024;05/08/2059;06/08/2024;06/08/2024;
iobgeRu89t1T;3000000650;5513;8;nambp;VND;Dài h?n;6,7;09/10/2024;05/08/2059;09/10/2024;09/10/2024;
Zpq8y5RMnR8B;3000000656;8606;8;nambp;VND;Dài h?n;12;28/06/2017;28/06/2032;18/12/2017;18/12/2017;
ST6FZ9dk5ZNF;3000000656;8606;8;nambp;VND;Dài h?n;12;28/02/2018;25/06/2032;28/02/2018;28/02/2018;
RFlyjPXgdr3G;3000000656;8606;8;nambp;VND;Dài h?n;12;22/01/2018;25/06/2032;22/01/2018;22/01/2018;
cx9uMcCad4cB;3000000656;8606;8;nambp;VND;Dài h?n;12;31/07/2017;30/06/2032;31/07/2017;31/07/2017;
vFuOpCpZd1BD;3000000656;8621;8;nambp;VND;Dài h?n;12;23/11/2017;30/06/2032;23/11/2017;23/11/2017;
H3Lg1MeeX4w5;3000000736;5508;8;nambp;VND;Dài h?n;5,5;19/11/2020;09/11/2040;19/11/2020;19/11/2020;
kFBmeDsO4ope;3000000761;5513;8;nambp;VND;Dài h?n;11;27/03/2023;27/03/2043;27/03/2023;27/03/2023;
cQbPRdiKVa9G;3000000766;5513;8;nambp;VND;Dài h?n;7;11/12/2023;05/12/2058;11/12/2023;11/12/2023;
jJxki9RQVRSD;3000000766;5513;8;nambp;VND;Dài h?n;6,7;25/10/2024;05/12/2058;25/10/2024;25/10/2024;
Ey3wonCve0Ot;3000000786;5513;8;nambp;VND;Dài h?n;11;27/03/2023;25/03/2043;27/03/2023;27/03/2023;
Icp6KSrhB6gK;3000000796;5513;8;nambp;VND;Dài h?n;7;29/08/2025;26/08/2060;29/08/2025;29/08/2025;
wJpbXHW4eMrw;3000000806;5508;8;nambp;VND;Dài h?n;4,9;11/11/2025;25/10/2060;11/11/2025;11/11/2025;
noLxbtR4NLG5;3000000829;5508;8;nambp;VND;Dài h?n;6,7;30/09/2025;29/09/2045;30/09/2025;30/09/2025;
Y2FUhbagSZ0v;3000000970;5508;8;nambp;VND;Dài h?n;4,9;26/06/2024;05/06/2059;26/06/2024;26/06/2024;
o5U3lxqHHRo2;3000000974;5513;8;nambp;VND;Dài h?n;6;09/08/2024;27/07/2048;09/08/2024;09/08/2024;
lKXkuTagQjDb;3000000974;5513;8;nambp;VND;Dài h?n;6;09/08/2024;27/07/2048;09/08/2024;09/08/2024;
2P2DfGgaGO5w;3000001060;5513;8;nambp;VND;Dài h?n;6,7;03/05/2024;20/04/2039;03/05/2024;03/05/2024;
fb1G7PdH4rNF;3000001064;5508;8;nambp;VND;Dài h?n;9,2;21/04/2023;05/04/2040;21/04/2023;21/04/2023;
aAqBaBzhwdiL;3000001349;5513;8;nambp;VND;Dài h?n;6,7;17/12/2024;07/03/2050;17/12/2024;17/12/2024;
mxGjRFoQMF6C;3000001349;5513;8;nambp;VND;Dài h?n;7;07/03/2024;07/03/2050;07/03/2024;07/03/2024;
UmbNiOlWLxHj;3000001363;5513;8;nambp;VND;Dài h?n;6,7;09/10/2024;15/09/2059;09/10/2024;09/10/2024;
80fMVaOMm16n;3000001363;5513;8;nambp;VND;Dài h?n;6,7;13/09/2024;15/09/2059;13/09/2024;13/09/2024;
XYmGmwlnx8Wj;3000001373;5513;8;nambp;VND;Dài h?n;11;09/10/2024;25/04/2059;09/10/2024;09/10/2024;
FEJ5lsB89JFg;3000001375;5513;8;nambp;VND;Dài h?n;6,7;23/04/2024;05/04/2049;23/04/2024;23/04/2024;
bSyzoTwE2HlQ;3000001375;5513;8;nambp;VND;Dài h?n;6,7;23/04/2024;05/04/2049;23/04/2024;23/04/2024;
dGHFyMZNKCVa;3000001441;5513;8;nambp;VND;Dài h?n;6,7;27/06/2024;25/06/2048;27/06/2024;27/06/2024;
EqU6ARcSTGH0;3000001444;5513;8;nambp;VND;Dài h?n;6,7;08/10/2024;22/07/2058;08/10/2024;08/10/2024;
YaHqkouxJa0P;3000001444;5513;8;nambp;VND;Dài h?n;6,7;25/07/2024;22/07/2058;25/07/2024;25/07/2024;
ZKS7r59XGKnd;3000001486;5513;8;nambp;VND;Dài h?n;6,7;08/10/2024;12/08/2053;08/10/2024;08/10/2024;
VKqojR3cH7Sg;3000001486;5513;8;nambp;VND;Dài h?n;6,7;13/08/2024;12/08/2053;13/08/2024;13/08/2024;
jHjPmLHRBgHh;3000001652;5513;8;nambp;VND;Dài h?n;7;22/08/2025;22/08/2056;22/08/2025;22/08/2025;
jUifA3C6EB2r;3000001673;5513;8;nambp;VND;Dài h?n;7;22/08/2025;22/08/2052;22/08/2025;22/08/2025;
5UCWEYs6VykD;3000001710;5513;8;nambp;VND;Dài h?n;6;11/03/2025;26/10/2039;11/03/2025;11/03/2025;
Q2BL7Lm12WZ7;3000001710;5513;8;nambp;VND;Dài h?n;6;25/03/2025;26/10/2039;25/03/2025;25/03/2025;
z3iFQVsiDAEU;3000001710;5513;8;nambp;VND;Dài h?n;6;10/09/2025;26/10/2039;10/09/2025;10/09/2025;
iTAeC2RUEG6e;3000001710;5513;8;nambp;VND;Dài h?n;6;11/03/2025;26/10/2039;11/03/2025;11/03/2025;
iECWDVJw2j9s;3000001710;5513;8;nambp;VND;Dài h?n;6;31/07/2025;26/10/2039;31/07/2025;31/07/2025;
vtzN4oyCgCZJ;3000001710;5513;8;nambp;VND;Dài h?n;6;10/09/2025;26/10/2039;10/09/2025;10/09/2025;
vsYMtsEk54UE;3000001710;5513;8;nambp;VND;Dài h?n;6;13/05/2025;26/10/2039;13/05/2025;13/05/2025;
cJqfzbfoCQ1G;3000001710;5513;8;nambp;VND;Dài h?n;6;13/06/2025;26/10/2039;13/06/2025;13/06/2025;
asxFXwkz4WPn;3000001710;5513;8;nambp;VND;Dài h?n;6;31/07/2025;26/10/2039;31/07/2025;31/07/2025;
2ezQo7CzFbtr;3000001710;5513;8;nambp;VND;Dài h?n;6;13/06/2025;26/10/2039;13/06/2025;13/06/2025;
CTmCZb0Udr31;3000001710;5513;8;nambp;VND;Dài h?n;6;08/05/2025;26/10/2039;08/05/2025;08/05/2025;
vIUNnypB5h51;3000001710;5513;8;nambp;VND;Dài h?n;6;08/05/2025;26/10/2039;08/05/2025;08/05/2025;
acWRVC5Nx0IW;3000001710;5513;8;nambp;VND;Dài h?n;6;13/05/2025;26/10/2039;13/05/2025;13/05/2025;
qnLPxPysydVX;3000001710;5513;8;nambp;VND;Dài h?n;6;25/03/2025;26/10/2039;25/03/2025;25/03/2025;
96TxwjBkWRBk;3000001710;8724;8;nambp;VND;Dài h?n;6;11/03/2025;26/10/2039;11/03/2025;11/03/2025;
xPeHJkvLmu3f;3000001710;8724;8;nambp;VND;Dài h?n;6;11/03/2025;26/10/2039;11/03/2025;11/03/2025;
KbKr5TDkUnXc;3000001710;8724;8;nambp;VND;Dài h?n;6;13/05/2025;26/10/2039;13/05/2025;13/05/2025;
uuH02NykHfQH;3000001710;8724;8;nambp;VND;Dài h?n;6;10/09/2025;26/10/2039;10/09/2025;10/09/2025;
lLwjZQGq7iyh;3000001710;8724;8;nambp;VND;Dài h?n;6;13/05/2025;26/10/2039;13/05/2025;13/05/2025;
t5opBdaEAT0f;3000001710;8724;8;nambp;VND;Dài h?n;6;10/09/2025;26/10/2039;10/09/2025;10/09/2025;
zDfgczIOAY1U;3000001710;8724;8;nambp;VND;Dài h?n;6;25/03/2025;26/10/2039;25/03/2025;25/03/2025;
6IfSm99M5Ukn;3000001710;8724;8;nambp;VND;Dài h?n;6;08/05/2025;26/10/2039;08/05/2025;08/05/2025;
ziMENLrMnCZc;3000001710;8724;8;nambp;VND;Dài h?n;6;13/06/2025;26/10/2039;13/06/2025;13/06/2025;
YIvPtb70yV4r;3000001710;8724;8;nambp;VND;Dài h?n;6;31/07/2025;26/10/2039;31/07/2025;31/07/2025;
kZ8n0QVJyvu6;3000001710;8724;8;nambp;VND;Dài h?n;6;25/03/2025;26/10/2039;25/03/2025;25/03/2025;
ULu3dhM6y5Bc;3000001710;8724;8;nambp;VND;Dài h?n;6;08/05/2025;26/10/2039;08/05/2025;08/05/2025;
aYLfjt6TfBMk;3000001710;8724;8;nambp;VND;Dài h?n;6;13/06/2025;26/10/2039;13/06/2025;13/06/2025;
diy2mpaUYx1n;3000001710;8724;8;nambp;VND;Dài h?n;6;31/07/2025;26/10/2039;31/07/2025;31/07/2025;
m9S5r8YeXh5G;3000000018;7200;8;namnp3;VND;Ng?n h?n;1,3;02/10/2025;02/04/2026;02/10/2025;02/10/2025;
cIZL54zFr50E;3000000024;5558;8;namnp3;VND;Dài h?n;6,7;26/06/2025;25/06/2040;26/06/2025;26/06/2025;
OYIt45OCSXIT;3000000037;5508;8;namnp3;VND;Dài h?n;5;13/04/2022;13/04/2032;13/04/2022;13/04/2022;
NRKGAoOCtRch;3000000037;5508;8;namnp3;VND;Dài h?n;5;13/06/2019;10/06/2039;13/06/2019;13/06/2019;
JqAHlPnGjwk4;3000000063;5512;8;namnp3;VND;Trung h?n;6,5;07/01/2025;05/03/2029;07/01/2025;07/01/2025;
K6bQFCPjfEsN;3000000063;5512;8;namnp3;VND;Trung h?n;6,5;07/01/2025;05/03/2029;07/01/2025;07/01/2025;
evPZXzElIp6z;3000000116;5513;8;namnp3;VND;Dài h?n;6,7;24/09/2024;19/09/2042;24/09/2024;24/09/2024;
KixgFwu89Jmr;3000000116;5513;8;namnp3;VND;Dài h?n;6,7;09/10/2024;19/09/2042;09/10/2024;09/10/2024;
9jahIJpgs2Or;3000000132;5523;8;namnp3;VND;Dài h?n;4,9;15/07/2025;15/07/2033;15/07/2025;15/07/2025;
uBxb8DWqetHm;3000000148;5513;8;namnp3;VND;Dài h?n;6,7;09/10/2024;08/08/2052;09/10/2024;09/10/2024;
Wlurwn83dvSK;3000000148;5513;8;namnp3;VND;Dài h?n;6,7;09/08/2024;08/08/2052;09/08/2024;09/08/2024;
OtWrBQWayoJM;3000000189;5513;8;namnp3;VND;Dài h?n;7;11/12/2023;05/12/2029;11/12/2023;11/12/2023;
l4Zv8l233FUb;3000000189;5513;8;namnp3;VND;Dài h?n;6,7;25/10/2024;05/12/2029;25/10/2024;25/10/2024;
3Jzxs5f7ZTVx;3000000220;5508;8;namnp3;VND;Dài h?n;5;27/05/2021;24/05/2041;27/05/2021;27/05/2021;
D6xDml3MZqKq;3000000290;7228;8;namnp3;VND;Ng?n h?n;5,05;24/11/2025;25/05/2026;24/11/2025;24/11/2025;
KrKRxybIbHoW;3000000318;7200;8;namnp3;VND;Ng?n h?n;1,3;18/09/2025;18/03/2026;18/09/2025;18/09/2025;
9SyZlTLWkqhn;3000000318;7200;8;namnp3;VND;Ng?n h?n;1,3;11/09/2025;11/03/2026;11/09/2025;11/09/2025;
QxOeuKMfhTpG;3000000456;5508;8;namnp3;VND;Dài h?n;5;28/11/2019;28/11/2039;28/11/2019;28/11/2019;
rhGB4usDQoKB;3000000456;5558;8;namnp3;VND;Dài h?n;4,9;11/10/2023;25/09/2043;11/10/2023;11/10/2023;
Dvmau0JANsL9;3000000456;5518;8;namnp3;VND;Dài h?n;5;19/01/2022;17/01/2042;19/01/2022;19/01/2022;
7fn48K8NsnnL;3000000520;5508;8;namnp3;VND;Dài h?n;5;18/03/2020;19/03/2040;18/03/2020;18/03/2020;
KfNmf8L4vX1C;3000000527;5513;8;namnp3;VND;Dài h?n;6,7;22/07/2024;22/07/2059;22/07/2024;22/07/2024;
fTyj6E2KeGUo;3000000539;5513;8;namnp3;VND;Dài h?n;6,7;16/12/2024;11/12/2058;16/12/2024;16/12/2024;
i95XLngQyDns;3000000539;5513;8;namnp3;VND;Dài h?n;7;11/12/2023;11/12/2058;11/12/2023;11/12/2023;
AcHRYanrZ0mR;3000000542;5508;8;namnp3;VND;Dài h?n;5,5;27/01/2021;25/01/2041;27/01/2021;27/01/2021;
oAIEpowJoJhx;3000000556;5513;8;namnp3;VND;Dài h?n;6,7;27/06/2024;27/06/2059;27/06/2024;27/06/2024;
qZ9qLqvEgCOr;3000000556;5513;8;namnp3;VND;Dài h?n;6,7;08/10/2024;27/06/2059;08/10/2024;08/10/2024;
o2f85mFoXiso;3000000566;5513;8;namnp3;VND;Dài h?n;6,7;06/08/2024;04/08/2059;06/08/2024;06/08/2024;
dZGIKFh0nVWO;3000000566;5513;8;namnp3;VND;Dài h?n;6,7;09/10/2024;04/08/2059;09/10/2024;09/10/2024;
oBLwgLyBzUkb;3000000573;5513;8;namnp3;VND;Dài h?n;11;11/11/2024;16/05/2059;11/11/2024;11/11/2024;
FCeFdBKUptjo;3000000573;5513;8;namnp3;VND;Dài h?n;11;17/05/2024;16/05/2059;17/05/2024;17/05/2024;
X6lnqcdS6nE1;3000000618;5513;8;namnp3;VND;Dài h?n;6,7;14/10/2024;20/06/2059;14/10/2024;14/10/2024;
SNrIgQfiICep;3000000624;5508;8;namnp3;VND;Dài h?n;11;13/04/2021;20/03/2041;13/04/2021;13/04/2021;
IO3GJ5MClyuF;3000000645;5513;8;namnp3;VND;Dài h?n;6,7;19/03/2025;25/07/2052;19/03/2025;19/03/2025;
bspLfdiPDA77;3000000692;5513;8;namnp3;VND;Dài h?n;6,7;04/12/2024;11/12/2053;04/12/2024;04/12/2024;
ot9h0bE6zmT3;3000000695;5513;8;namnp3;VND;Dài h?n;11;13/01/2020;30/10/2037;13/01/2020;13/01/2020;
aAempivh8Tdp;3000000707;5508;8;namnp3;VND;Dài h?n;11;14/02/2022;14/02/2042;14/02/2022;14/02/2022;
bIhEAAbnq4bA;3000000737;5513;8;namnp3;VND;Dài h?n;6,7;21/06/2024;20/06/2058;21/06/2024;21/06/2024;
1MBCRFa9zrjp;3000000747;5513;8;namnp3;VND;Dài h?n;11;11/11/2024;16/11/2051;11/11/2024;11/11/2024;
5bhLeoOinfzB;3000000747;5513;8;namnp3;VND;Dài h?n;11;16/11/2023;16/11/2051;16/11/2023;16/11/2023;
BPiddx1nOKJs;3000000785;5513;8;namnp3;VND;Dài h?n;7;11/12/2023;05/12/2058;11/12/2023;11/12/2023;
ApyhWyodbWyX;3000000785;5513;8;namnp3;VND;Dài h?n;6,7;01/11/2024;05/12/2058;01/11/2024;01/11/2024;
pTK4XAmMg2dk;3000000860;5513;8;namnp3;VND;Dài h?n;6;29/10/2024;24/09/2049;29/10/2024;29/10/2024;
nOaE1HKHozz6;3000000864;7200;8;namnp3;VND;Ng?n h?n;1,3;24/09/2025;24/03/2026;24/09/2025;24/09/2025;
mSH3TfTnmI0X;3000000889;7200;8;namnp3;VND;Ng?n h?n;1;05/09/2025;05/03/2026;05/09/2025;05/09/2025;
JBqaVaBKIoX1;3000000948;5508;8;namnp3;VND;Dài h?n;11;20/04/2021;22/04/2041;20/04/2021;20/04/2021;
Aqwi7wNniKRr;3000001015;7200;8;namnp3;VND;Ng?n h?n;1;05/06/2025;05/12/2025;05/06/2025;05/06/2025;
w65BXtTf149y;3000001057;5513;8;namnp3;VND;Dài h?n;7;08/12/2023;05/12/2045;08/12/2023;08/12/2023;
JBk9bgv8KyUJ;3000001057;5513;8;namnp3;VND;Dài h?n;6,7;27/12/2024;05/12/2045;27/12/2024;27/12/2024;
saBVGIug7DoM;3000001069;5508;8;namnp3;VND;Dài h?n;11;05/12/2022;05/12/2042;05/12/2022;05/12/2022;
B5GDcPhoofal;3000001195;5513;8;namnp3;VND;Dài h?n;6,7;15/10/2024;05/12/2058;15/10/2024;15/10/2024;
2fRMPUMWbVpR;3000001195;5513;8;namnp3;VND;Dài h?n;7;08/12/2023;05/12/2058;08/12/2023;08/12/2023;
Nkl7KuwFO8nT;3000001242;5513;8;namnp3;VND;Dài h?n;7;07/12/2023;05/03/2055;07/12/2023;07/12/2023;
G038HDp9sBZR;3000001242;5513;8;namnp3;VND;Dài h?n;6,7;25/10/2024;05/03/2055;25/10/2024;25/10/2024;
ZpuICmHu8U5O;3000001246;5513;8;namnp3;VND;Dài h?n;6,7;05/11/2024;05/12/2058;05/11/2024;05/11/2024;
DL4mYqZz9oeu;3000001246;5513;8;namnp3;VND;Dài h?n;7;11/12/2023;05/12/2058;11/12/2023;11/12/2023;
6XyG7GzXtCRg;3000001303;5513;8;namnp3;VND;Dài h?n;6,7;15/10/2024;05/01/2057;15/10/2024;15/10/2024;
iemr0CyL5DB4;3000001303;5513;8;namnp3;VND;Dài h?n;7;17/01/2024;05/01/2057;17/01/2024;17/01/2024;
jvEJ6mowtg6P;3000001463;5513;8;namnp3;VND;Dài h?n;6,7;10/10/2024;08/10/2059;10/10/2024;10/10/2024;
6OC0WaQlCS1e;3000001463;5513;8;namnp3;VND;Dài h?n;6,5;11/11/2024;08/10/2059;11/11/2024;11/11/2024;
zjyRZKnvvFOv;3000001494;5508;8;namnp3;VND;Dài h?n;7;23/08/2024;20/08/2057;23/08/2024;23/08/2024;
8d55TcAlrtzA;3000001522;5513;8;namnp3;VND;Dài h?n;6,7;20/09/2024;19/09/2059;20/09/2024;20/09/2024;
Q3o5CON4XSEa;3000001522;5513;8;namnp3;VND;Dài h?n;6,7;30/09/2024;20/09/2044;30/09/2024;30/09/2024;
tpyihHh1vZy5;3000001522;5513;8;namnp3;VND;Dài h?n;6,7;09/10/2024;09/09/2059;09/10/2024;09/10/2024;
SxC6bJPHrZAs;3000001522;5513;8;namnp3;VND;Dài h?n;6,7;08/10/2024;08/09/2044;08/10/2024;08/10/2024;
TNOmQ5fk8Jmn;3000001613;7200;8;namnp3;VND;Ng?n h?n;1,3;06/10/2025;06/04/2026;06/10/2025;06/10/2025;
3vGl6obljSnM;3000001613;7200;8;namnp3;VND;Ng?n h?n;1,3;29/09/2025;30/03/2026;29/09/2025;29/09/2025;
bvR4gLSBaExN;3000001769;7200;8;namnp3;VND;Ng?n h?n;2,4;21/10/2025;21/04/2026;21/10/2025;21/10/2025;
xN4AyFRQ4F5G;3000000054;7215;14;ngannt20;VND;Ng?n h?n;1,5;26/09/2025;25/12/2025;26/09/2025;26/09/2025;
rkYqjLOMzlJF;3000000059;5508;14;ngannt20;VND;Dài h?n;11;10/08/2023;25/12/2040;10/08/2023;;
HnDShYNQoE9q;3000000059;5508;14;ngannt20;VND;Dài h?n;11;10/08/2023;18/02/2041;10/08/2023;;
LBgFjgyawbWX;3000000059;5508;14;ngannt20;VND;Dài h?n;11;10/08/2023;25/12/2040;10/08/2023;;
c9G5GGpuKjdx;3000000059;5508;14;ngannt20;VND;Dài h?n;11;10/08/2023;18/02/2041;10/08/2023;;
T89re3B3FqmZ;3000000060;5513;14;ngannt20;VND;Dài h?n;4,4;11/10/2018;11/10/2038;11/10/2018;11/10/2018;
PBwYVb2r6Auq;3000000108;7215;14;ngannt20;VND;Ng?n h?n;1,5;29/09/2025;29/12/2025;29/09/2025;29/09/2025;
6etL8UpMAOCD;3000000114;5513;14;ngannt20;VND;Dài h?n;5,5;15/03/2021;15/03/2041;15/03/2021;15/03/2021;
Sw72ZpHw3faQ;3000000150;5508;14;ngannt20;VND;Dài h?n;11;30/06/2020;29/06/2040;30/06/2020;30/06/2020;
HyOPC6V6vF54;3000000167;5513;14;ngannt20;VND;Dài h?n;7;11/12/2023;05/12/2042;11/12/2023;11/12/2023;
DODhgNFkkCnw;3000000167;5513;14;ngannt20;VND;Dài h?n;6,7;11/12/2024;05/12/2042;11/12/2024;11/12/2024;
QwEQ9obs1hCE;3000000296;5558;14;ngannt20;VND;Dài h?n;7;06/10/2025;25/09/2034;06/10/2025;06/10/2025;
YOF26ByI21vm;3000000382;8000;14;ngannt20;VND;Ng?n h?n;7;22/07/2025;22/01/2026;22/07/2025;22/07/2025;
fZpkDAk7Spfd;3000000445;5546;14;ngannt20;VND;Dài h?n;4,9;07/11/2025;25/10/2045;07/11/2025;07/11/2025;
lQyWMl9qWiUl;3000000445;5528;14;ngannt20;VND;Dài h?n;4,9;21/10/2025;21/10/2032;21/10/2025;21/10/2025;
JRKYhubEAq5M;3000000610;5513;14;ngannt20;VND;Dài h?n;11;19/12/2019;18/10/2038;19/12/2019;19/12/2019;
CvWcLpwiYkh2;3000000628;5508;14;ngannt20;VND;Dài h?n;6,7;08/07/2025;26/06/2045;08/07/2025;08/07/2025;
AEqgRbWMuNP6;3000000705;5508;14;ngannt20;VND;Dài h?n;4,9;07/11/2024;07/11/2059;07/11/2024;07/11/2024;
v9nrF0KUUT7G;3000000723;8000;14;ngannt20;VND;Ng?n h?n;7;16/07/2025;16/01/2026;16/07/2025;16/07/2025;
mTdFQvEuRFBX;3000000730;8057;14;ngannt20;VND;Dài h?n;12;15/06/2018;14/06/2033;15/06/2018;15/06/2018;
Zh86tk5BJqiy;3000000842;5508;14;ngannt20;VND;Dài h?n;4,9;07/05/2025;26/04/2055;07/05/2025;07/05/2025;
zBR4HBgjBje9;3000000958;8000;14;ngannt20;VND;Ng?n h?n;7,5;26/08/2025;26/02/2026;26/08/2025;26/08/2025;
MbEklbLHfzFr;3000000958;8066;14;ngannt20;VND;Dài h?n;6,5;21/07/2025;21/03/2047;21/07/2025;21/07/2025;
fZS8WrPjh8a8;3000000958;8000;14;ngannt20;VND;Ng?n h?n;7,5;13/08/2025;13/02/2026;13/08/2025;13/08/2025;
GRX6aau3M4AA;3000000958;8000;14;ngannt20;VND;Ng?n h?n;7,5;29/08/2025;02/03/2026;29/08/2025;29/08/2025;
ykI5VLW2BQIc;3000000958;8000;14;ngannt20;VND;Ng?n h?n;8;06/11/2025;06/05/2026;06/11/2025;06/11/2025;
zjXBbTb7eDHC;3000000958;8000;14;ngannt20;VND;Ng?n h?n;7,5;18/08/2025;18/02/2026;18/08/2025;18/08/2025;
DNPVrbfoxk59;3000000958;8000;14;ngannt20;VND;Ng?n h?n;8;07/11/2025;07/05/2026;07/11/2025;07/11/2025;
G67AKlIjf9PM;3000000961;5546;14;ngannt20;VND;Dài h?n;8;27/11/2025;27/11/2045;27/11/2025;27/11/2025;
5HpBAWViS6aa;3000001006;8718;14;ngannt20;VND;Dài h?n;11;29/03/2022;25/03/2042;29/03/2022;29/03/2022;
kAyqekQsbPpe;3000001097;7215;14;ngannt20;VND;Ng?n h?n;1,3;18/09/2025;18/03/2026;18/09/2025;18/09/2025;
AXEyYi8K9uyo;3000001291;8609;14;ngannt20;VND;Ng?n h?n;5,5;01/07/2025;01/01/2026;01/07/2025;01/07/2025;
CEiVWQyGkyiS;3000001396;5508;14;ngannt20;VND;Dài h?n;6;03/06/2024;25/01/2041;03/06/2024;03/06/2024;
2M8S9EZQPAN1;3000001713;5523;14;ngannt20;VND;Dài h?n;4,9;08/09/2025;25/08/2033;08/09/2025;08/09/2025;
SYvAF0sSoGWx;3000001722;5558;14;ngannt20;VND;Dài h?n;6,7;09/06/2025;26/05/2031;09/06/2025;09/06/2025;
QQDZYSFtE8y0;3000001728;5508;14;ngannt20;VND;Dài h?n;6,5;12/06/2024;25/05/2044;12/06/2024;12/06/2024;
bgo7QzQPAVHi;3000000430;8000;7;nganttt2;VND;Ng?n h?n;6,9;21/11/2025;23/02/2026;21/11/2025;21/11/2025;
teI7DsVRasSH;3000000430;8000;7;nganttt2;VND;Ng?n h?n;6,9;28/11/2025;02/03/2026;28/11/2025;28/11/2025;
5GmNS9iCRzAy;3000000472;8000;7;nganttt2;VND;Ng?n h?n;6,7;03/10/2025;03/03/2026;03/10/2025;03/10/2025;
RR0rns4UFgyF;3000000472;8000;7;nganttt2;VND;Ng?n h?n;6,7;21/10/2025;23/03/2026;21/10/2025;21/10/2025;
eLpouvGDByAu;3000000472;8000;7;nganttt2;VND;Ng?n h?n;6,7;23/10/2025;23/03/2026;23/10/2025;23/10/2025;
5dMLjEwZh6mE;3000000472;8000;7;nganttt2;VND;Ng?n h?n;6,7;30/10/2025;30/03/2026;30/10/2025;30/10/2025;
rxpVxBZIrSnH;3000000472;8000;7;nganttt2;VND;Ng?n h?n;6,7;07/11/2025;07/04/2026;07/11/2025;07/11/2025;
NxhNQuJAQG6x;3000000472;8000;7;nganttt2;VND;Ng?n h?n;6,7;20/11/2025;20/04/2026;20/11/2025;20/11/2025;
4HBdMtWjR5Xz;3000000472;8000;7;nganttt2;VND;Ng?n h?n;6,7;15/10/2025;16/03/2026;15/10/2025;15/10/2025;
XpIWcGpNJjWm;3000000472;8000;7;nganttt2;VND;Ng?n h?n;6,7;28/10/2025;30/03/2026;28/10/2025;28/10/2025;
QHTwB7lpMa0d;3000000472;8000;7;nganttt2;VND;Ng?n h?n;6,7;10/10/2025;10/03/2026;10/10/2025;10/10/2025;
NTXiN7IiziSR;3000000472;8000;7;nganttt2;VND;Ng?n h?n;6,7;31/10/2025;31/03/2026;31/10/2025;31/10/2025;
OhGloIo8B3cd;3000000472;8000;7;nganttt2;VND;Ng?n h?n;6,7;03/11/2025;03/04/2026;03/11/2025;03/11/2025;
BJt2yIpykv1z;3000000472;8000;7;nganttt2;VND;Ng?n h?n;6,7;14/11/2025;14/04/2026;14/11/2025;14/11/2025;
GJFRPsu7XjSE;3000000472;8000;7;nganttt2;VND;Ng?n h?n;6,7;27/10/2025;27/03/2026;27/10/2025;27/10/2025;
t2CCiVWR7d8E;3000000472;8000;7;nganttt2;VND;Ng?n h?n;6,7;29/10/2025;30/03/2026;29/10/2025;29/10/2025;
uHsJoHU72zSi;3000000472;8000;7;nganttt2;VND;Ng?n h?n;6,7;12/11/2025;13/04/2026;12/11/2025;12/11/2025;
gRwl1ChYLoqy;3000000472;8000;7;nganttt2;VND;Ng?n h?n;6,7;27/11/2025;27/04/2026;27/11/2025;27/11/2025;
TvXIQwNAGK7Q;3000000472;8000;7;nganttt2;VND;Ng?n h?n;6,7;02/10/2025;02/03/2026;02/10/2025;02/10/2025;
qk4WJBx9cGTw;3000000472;8000;7;nganttt2;VND;Ng?n h?n;6,7;10/11/2025;10/04/2026;10/11/2025;10/11/2025;
wDMs06oNDSeV;3000000472;8000;7;nganttt2;VND;Ng?n h?n;6,7;19/11/2025;20/04/2026;19/11/2025;19/11/2025;
slX1lxoxFSin;3000000472;8000;7;nganttt2;VND;Ng?n h?n;6,7;05/11/2025;06/04/2026;05/11/2025;05/11/2025;
sT72ZJ7oLiZq;3000000472;8000;7;nganttt2;VND;Ng?n h?n;6,7;06/11/2025;06/04/2026;06/11/2025;06/11/2025;
e8UOHkOUYSBV;3000000472;8000;7;nganttt2;VND;Ng?n h?n;6,7;14/10/2025;16/03/2026;14/10/2025;14/10/2025;
HCTVUnl1cR3U;3000000472;8000;7;nganttt2;VND;Ng?n h?n;6,7;17/11/2025;17/04/2026;17/11/2025;17/11/2025;
MF1HRAytpN2U;3000000472;8000;7;nganttt2;VND;Ng?n h?n;6,7;25/11/2025;27/04/2026;25/11/2025;25/11/2025;
SLLhH5hjgQOK;3000000472;8000;7;nganttt2;VND;Ng?n h?n;6,7;26/11/2025;27/04/2026;26/11/2025;26/11/2025;
1JWSUC87PQeP;3000000472;8000;7;nganttt2;VND;Ng?n h?n;6,7;28/11/2025;28/04/2026;28/11/2025;28/11/2025;
yyhTT4zs7sVE;3000000772;8000;7;nganttt2;VND;Ng?n h?n;6,3;20/08/2025;20/02/2026;20/08/2025;20/08/2025;
94EopmE1aji2;3000000772;8000;7;nganttt2;VND;Ng?n h?n;6,5;08/07/2025;08/01/2026;08/07/2025;08/07/2025;
AWOrKwOMJTjQ;3000000772;8000;7;nganttt2;VND;Ng?n h?n;6,3;05/08/2025;05/02/2026;05/08/2025;05/08/2025;
8irlQA1FVZCh;3000000772;8000;7;nganttt2;VND;Ng?n h?n;6,3;09/09/2025;09/03/2026;09/09/2025;09/09/2025;
ffnMoSeQFsAA;3000000772;8000;7;nganttt2;VND;Ng?n h?n;6,8;14/10/2025;14/04/2026;14/10/2025;14/10/2025;
hK5PNNmU8bQ4;3000000772;8000;7;nganttt2;VND;Ng?n h?n;6,5;30/06/2025;30/12/2025;30/06/2025;30/06/2025;
K8L4NKaK3Mlz;3000000772;8000;7;nganttt2;VND;Ng?n h?n;6,5;07/07/2025;07/01/2026;07/07/2025;07/07/2025;
EgQjkBPDhDND;3000000772;8000;7;nganttt2;VND;Ng?n h?n;6,5;09/07/2025;09/01/2026;09/07/2025;09/07/2025;
WAGm0b6ZegT1;3000000772;8000;7;nganttt2;VND;Ng?n h?n;6,5;10/07/2025;12/01/2026;10/07/2025;10/07/2025;
2u9g45ryLlVG;3000000772;8000;7;nganttt2;VND;Ng?n h?n;6,3;21/07/2025;21/01/2026;21/07/2025;21/07/2025;
THOjlfSVqyOK;3000000772;8000;7;nganttt2;VND;Ng?n h?n;6,3;06/08/2025;06/02/2026;06/08/2025;06/08/2025;
jDKCaRDGX9fq;3000000772;8000;7;nganttt2;VND;Ng?n h?n;6,3;11/08/2025;11/02/2026;11/08/2025;11/08/2025;
KVjqfV9qUNYU;3000000772;8000;7;nganttt2;VND;Ng?n h?n;6,3;08/09/2025;09/03/2026;08/09/2025;08/09/2025;
IZE9dVxZTo9L;3000000772;8000;7;nganttt2;VND;Ng?n h?n;6,3;18/09/2025;18/03/2026;18/09/2025;18/09/2025;
jQEeInix6WlL;3000000772;8000;7;nganttt2;VND;Ng?n h?n;6,5;04/07/2025;05/01/2026;04/07/2025;04/07/2025;
i6a0aMlXnj9I;3000000772;8000;7;nganttt2;VND;Ng?n h?n;6,5;08/07/2025;08/01/2026;08/07/2025;08/07/2025;
bKkiO5Q2gPSZ;3000000772;8000;7;nganttt2;VND;Ng?n h?n;6,3;22/08/2025;23/02/2026;22/08/2025;22/08/2025;
hioi2v9cLk2j;3000000772;8000;7;nganttt2;VND;Ng?n h?n;6,3;22/09/2025;23/03/2026;22/09/2025;22/09/2025;
I9TwiOSFnb60;3000000772;8000;7;nganttt2;VND;Ng?n h?n;6,8;23/10/2025;23/04/2026;23/10/2025;23/10/2025;
Zgk7fWon8jAt;3000000772;8000;7;nganttt2;VND;Ng?n h?n;6,5;11/07/2025;12/01/2026;11/07/2025;11/07/2025;
BReUzROiHO2R;3000000772;8000;7;nganttt2;VND;Ng?n h?n;6,3;14/07/2025;14/01/2026;14/07/2025;14/07/2025;
ShBuXHaoFGrG;3000000772;8000;7;nganttt2;VND;Ng?n h?n;6,8;29/10/2025;29/04/2026;29/10/2025;29/10/2025;
IdOkm8VM4qOw;3000000772;8000;7;nganttt2;VND;Ng?n h?n;6,5;03/07/2025;05/01/2026;03/07/2025;03/07/2025;
j8VEVAWF9ned;3000000772;8000;7;nganttt2;VND;Ng?n h?n;6,3;11/09/2025;11/03/2026;11/09/2025;11/09/2025;
nBnZ5hXYFxjr;3000000772;8000;7;nganttt2;VND;Ng?n h?n;6,8;13/10/2025;13/04/2026;13/10/2025;13/10/2025;
ocECf5S7TwGr;3000000772;8000;7;nganttt2;VND;Ng?n h?n;6,3;24/07/2025;26/01/2026;24/07/2025;24/07/2025;
I5E38dgLO4TA;3000000772;8000;7;nganttt2;VND;Ng?n h?n;6,3;07/08/2025;09/02/2026;07/08/2025;07/08/2025;
8lv2HgKJnj7d;3000000772;8000;7;nganttt2;VND;Ng?n h?n;6,3;26/08/2025;26/02/2026;26/08/2025;26/08/2025;
sb2AC0LWTzR4;3000000772;8000;7;nganttt2;VND;Ng?n h?n;6,8;15/10/2025;15/04/2026;15/10/2025;15/10/2025;
oqTYzFE1oRAn;3000000825;8000;7;nganttt2;VND;Ng?n h?n;6,8;29/10/2025;29/01/2026;29/10/2025;29/10/2025;
qSCdzEpuOGJ1;3000000825;8000;7;nganttt2;VND;Ng?n h?n;7,1;21/11/2025;23/02/2026;21/11/2025;21/11/2025;
TNbpCN3HJqCH;3000000825;8000;7;nganttt2;VND;Ng?n h?n;7,1;11/11/2025;11/02/2026;11/11/2025;11/11/2025;
VEcTPaXQNU0N;3000000955;8057;7;nganttt2;VND;Dài h?n;12;25/06/2021;25/06/2036;25/06/2021;23/11/2021;
ZhcSkWO8vTzq;3000001086;8057;7;nganttt2;VND;Dài h?n;10;29/06/2023;01/07/2041;29/06/2023;29/06/2023;
Nay5vRJVdtes;3000000005;5508;8;nganv2;VND;Dài h?n;7,5;11/11/2025;25/10/2032;11/11/2025;11/11/2025;
PUADChoVhCGw;3000000006;6300;8;nganv2;VND;Ng?n h?n;4,9;29/08/2025;28/08/2026;29/08/2025;25/11/2025;
iAYt1HtXJDl3;3000000043;5513;8;nganv2;VND;Dài h?n;13;08/09/2016;01/09/2036;08/09/2016;;
umCOKFtAO5wR;3000000043;5513;8;nganv2;VND;Dài h?n;11;08/09/2016;01/09/2036;08/09/2016;;
DB0CNmTyFSYT;3000000044;5508;8;nganv2;VND;Dài h?n;4,9;17/06/2025;16/05/2053;17/06/2025;17/06/2025;
uI1nU6C8ZHq5;3000000061;6300;8;nganv2;VND;Ng?n h?n;4,9;14/07/2025;14/07/2026;17/07/2025;26/11/2025;
fzBgRrGQXmwK;3000000105;5513;8;nganv2;VND;Dài h?n;6,5;12/11/2024;20/10/2054;12/11/2024;12/11/2024;
iFwxYs6ummt4;3000000105;5513;8;nganv2;VND;Dài h?n;6,5;21/10/2024;20/10/2054;21/10/2024;21/10/2024;
oMdN8dv0qX32;3000000134;5513;8;nganv2;VND;Trung h?n;7;28/03/2024;28/03/2029;28/03/2024;28/03/2024;
fLU9eEJlFh6U;3000000152;5513;8;nganv2;VND;Dài h?n;5,5;18/03/2022;18/03/2042;18/03/2022;18/03/2022;
51ElbE2kaMxs;3000000160;5508;8;nganv2;VND;Dài h?n;11;27/12/2021;05/12/2041;27/12/2021;27/12/2021;
tZCS2WoyBjWM;3000000163;5558;8;nganv2;VND;Dài h?n;4,9;04/09/2025;25/08/2045;04/09/2025;04/09/2025;
Jn4QQZrxWtUB;3000000170;5508;8;nganv2;VND;Dài h?n;6,5;27/11/2024;10/05/2044;27/11/2024;27/11/2024;
WuFr4cUL7dOO;3000000176;5513;8;nganv2;VND;Dài h?n;6,7;03/05/2024;05/05/2059;03/05/2024;03/05/2024;
Pmvxsim3BOd5;3000000176;5513;8;nganv2;VND;Dài h?n;6,7;08/10/2024;05/05/2059;08/10/2024;08/10/2024;
iPOA0m35pWMM;3000000288;5558;8;nganv2;VND;Dài h?n;7,2;24/10/2025;20/10/2045;24/10/2025;24/10/2025;
wv7f3aZl5RpP;3000000302;5523;8;nganv2;VND;Dài h?n;8,9;07/11/2023;04/11/2030;07/11/2023;07/11/2023;
0pnvIuNRWgTh;3000000473;5508;8;nganv2;VND;Dài h?n;4,9;10/01/2025;11/01/2055;10/01/2025;10/01/2025;
F6D5gmU6KsB9;3000000523;5508;8;nganv2;VND;Dài h?n;11;06/11/2020;06/11/2040;06/11/2020;06/11/2020;
8kRi2lOtpYil;3000000529;5508;8;nganv2;VND;Dài h?n;6,7;25/04/2024;25/04/2044;25/04/2024;25/04/2024;
cgzbT7dyPHJT;3000000536;5513;8;nganv2;VND;Dài h?n;6,7;30/09/2024;22/09/2059;30/09/2024;30/09/2024;
clxvd9nNRaRB;3000000536;5513;8;nganv2;VND;Dài h?n;6,7;15/10/2024;22/09/2059;15/10/2024;15/10/2024;
YbJZBqaHnXB6;3000000537;5513;8;nganv2;VND;Dài h?n;6,5;04/12/2024;04/12/2059;04/12/2024;04/12/2024;
k5dCsZuHyX55;3000000569;5508;8;nganv2;VND;Dài h?n;11;28/09/2022;29/09/2042;28/09/2022;28/09/2022;
HIWqq0X5vewW;3000000590;5513;8;nganv2;VND;Dài h?n;6;23/08/2024;23/08/2049;23/08/2024;23/08/2024;
LoV1QnfI7Osn;3000000680;5513;8;nganv2;VND;Dài h?n;11;12/11/2020;12/11/2040;12/11/2020;12/11/2020;
pOowvuZnJXNs;3000000688;5513;8;nganv2;VND;Dài h?n;6,7;01/11/2024;15/10/2040;01/11/2024;01/11/2024;
9OAztOjzXf4m;3000000689;5508;8;nganv2;VND;Dài h?n;5,5;18/02/2020;20/02/2040;18/02/2020;18/02/2020;
0f6QBidzGI18;3000000718;5508;8;nganv2;VND;Dài h?n;6,7;28/11/2024;25/11/2049;28/11/2024;28/11/2024;
cJxp8eOMVUKT;3000000734;5513;8;nganv2;VND;Dài h?n;6,7;02/05/2024;02/05/2046;02/05/2024;02/05/2024;
5lAq4TlDzG4C;3000000820;5513;8;nganv2;VND;Dài h?n;11;07/06/2019;06/06/2039;07/06/2019;07/06/2019;
BFAug5OvJgJB;3000000832;5513;8;nganv2;VND;Dài h?n;11;02/08/2019;31/07/2034;02/08/2019;02/08/2019;
KumxyaKKqza0;3000000872;5508;8;nganv2;VND;Dài h?n;11;01/04/2020;01/04/2038;01/04/2020;01/04/2020;
KowPJRSQwOR8;3000000911;5508;8;nganv2;VND;Dài h?n;11;04/11/2020;05/11/2040;04/11/2020;04/11/2020;
brb3n0G68TPB;3000000912;5513;8;nganv2;VND;Dài h?n;11;22/10/2020;22/10/2040;22/10/2020;22/10/2020;
E6adA4XwFATF;3000000940;5508;8;nganv2;VND;Dài h?n;11;08/03/2021;08/03/2041;08/03/2021;08/03/2021;
whg7bnE5MTCx;3000000986;5508;8;nganv2;VND;Dài h?n;11;25/10/2021;25/10/2041;25/10/2021;25/10/2021;
zMjPJhcC4kc9;3000001155;5513;8;nganv2;VND;Dài h?n;11;25/12/2023;21/10/2058;25/12/2023;25/12/2023;
H0MJPPuDfc8Q;3000001162;5513;8;nganv2;VND;Dài h?n;11;14/11/2023;16/11/2054;14/11/2023;14/11/2023;
zGATDUbRh462;3000001162;5513;8;nganv2;VND;Dài h?n;11;07/11/2024;16/11/2054;07/11/2024;07/11/2024;
CggyJSmGaqjd;3000001173;5513;8;nganv2;VND;Dài h?n;11;17/11/2023;13/11/2053;17/11/2023;17/11/2023;
eTmw414y5wJE;3000001173;5513;8;nganv2;VND;Dài h?n;11;19/11/2024;13/11/2053;19/11/2024;19/11/2024;
ftBKEZZzIvpL;3000001332;5513;8;nganv2;VND;Dài h?n;11;12/11/2024;06/02/2058;12/11/2024;12/11/2024;
emeligYNLmn2;3000001333;5513;8;nganv2;VND;Dài h?n;11;13/11/2024;22/02/2052;13/11/2024;13/11/2024;
KZxWJhhz6YW0;3000001333;5513;8;nganv2;VND;Dài h?n;11;22/02/2024;22/02/2052;22/02/2024;22/02/2024;
iQIj86suRkcZ;3000001358;5513;8;nganv2;VND;Dài h?n;6,7;25/03/2024;18/03/2048;25/03/2024;25/03/2024;
5hIjyydGWOjC;3000001386;5513;8;nganv2;VND;Dài h?n;6,7;08/05/2024;08/05/2059;08/05/2024;08/05/2024;
lNOHUqUfFZ69;3000001392;5513;8;nganv2;VND;Dài h?n;6,7;10/05/2024;12/05/2059;10/05/2024;10/05/2024;
YrtpYI1MPFR6;3000001392;5513;8;nganv2;VND;Dài h?n;6,7;09/10/2024;12/05/2059;09/10/2024;09/10/2024;
t2XyarPNsxZW;3000001398;5513;8;nganv2;VND;Dài h?n;6,7;17/05/2024;17/05/2055;17/05/2024;17/05/2024;
Qd92viyiBAaD;3000001407;5513;8;nganv2;VND;Dài h?n;6,7;30/05/2024;20/05/2059;30/05/2024;30/05/2024;
xcNyOZghSLi3;3000001407;5513;8;nganv2;VND;Dài h?n;6,7;10/10/2024;20/05/2059;10/10/2024;10/10/2024;
jVBKslVMFYri;3000001453;5513;8;nganv2;VND;Dài h?n;6,7;10/07/2024;10/07/2053;10/07/2024;10/07/2024;
FpD360BAGJW4;3000001453;5513;8;nganv2;VND;Dài h?n;6,7;09/10/2024;10/07/2053;09/10/2024;09/10/2024;
baz8bsqEcROD;3000001468;5513;8;nganv2;VND;Dài h?n;6,7;26/07/2024;21/07/2059;26/07/2024;26/07/2024;
UIwBBp8QemVw;3000001468;5513;8;nganv2;VND;Dài h?n;6,7;24/07/2024;21/07/2059;24/07/2024;24/07/2024;
CEcpTTlfe4Y9;3000001496;5513;8;nganv2;VND;Dài h?n;6,3;09/12/2024;20/08/2059;09/12/2024;09/12/2024;
6w6hUE4UxLRa;3000001496;5513;8;nganv2;VND;Dài h?n;6,5;26/08/2024;20/08/2059;26/08/2024;26/08/2024;
DMuS3G7JFbxY;3000001497;5513;8;nganv2;VND;Dài h?n;6,7;23/08/2024;20/08/2052;23/08/2024;23/08/2024;
H5vc7zlEjsDv;3000001497;5513;8;nganv2;VND;Dài h?n;6,7;08/10/2024;20/08/2052;08/10/2024;08/10/2024;
ntSoaDl7C8bR;3000001500;5513;8;nganv2;VND;Dài h?n;6,7;14/10/2024;27/08/2041;14/10/2024;14/10/2024;
EfJHVLhAe7hx;3000001500;5513;8;nganv2;VND;Dài h?n;6,7;27/08/2024;27/08/2041;27/08/2024;27/08/2024;
xBYVtuUNf9Xr;3000001503;5513;8;nganv2;VND;Dài h?n;6,7;26/09/2024;20/09/2050;26/09/2024;26/09/2024;
hVQpf4TEM8pX;3000001503;5513;8;nganv2;VND;Dài h?n;6,7;09/10/2024;20/09/2050;09/10/2024;09/10/2024;
Su2gpO2XjFCH;3000001505;5513;8;nganv2;VND;Dài h?n;6,7;18/09/2024;15/09/2054;19/09/2024;19/09/2024;
0BShOqY4Kht1;3000001505;5513;8;nganv2;VND;Dài h?n;6,7;14/10/2024;15/09/2054;14/10/2024;14/10/2024;
i0FCPAE9BTOR;3000001517;5513;8;nganv2;VND;Dài h?n;6,7;17/09/2024;18/09/2056;17/09/2024;17/09/2024;
qr2ewrLSW0fb;3000001517;5513;8;nganv2;VND;Dài h?n;6,7;07/10/2024;18/09/2056;07/10/2024;07/10/2024;
NIBGacVd8Yvo;3000001528;5513;8;nganv2;VND;Dài h?n;6,7;14/10/2024;20/09/2049;14/10/2024;14/10/2024;
VVHDUHIVXMWW;3000001528;5513;8;nganv2;VND;Dài h?n;6,7;26/09/2024;20/09/2049;26/09/2024;26/09/2024;
d9NnFKGi6o6Z;3000001546;5513;8;nganv2;VND;Dài h?n;6,7;14/10/2024;26/09/2039;14/10/2024;14/10/2024;
0nHJ2OzUYPbw;3000001607;5513;8;nganv2;VND;Dài h?n;6,7;22/01/2025;21/01/2060;22/01/2025;22/01/2025;
t0MlgkrFcN74;3000001623;5513;8;nganv2;VND;Dài h?n;6,7;18/03/2025;25/02/2033;18/03/2025;18/03/2025;
NMQ5IRT5ieE3;3000001630;5513;8;nganv2;VND;Dài h?n;6,7;19/05/2025;19/05/2045;19/05/2025;19/05/2025;
8wVKPNA3v7b0;3000001633;5508;8;nganv2;VND;Dài h?n;6,7;01/07/2025;20/06/2045;01/07/2025;01/07/2025;
LqsCCB9cT5HH;3000001639;5513;8;nganv2;VND;Dài h?n;6,7;02/06/2025;26/05/2031;02/06/2025;02/06/2025;
ADT7uxOWoVMP;3000001659;5513;8;nganv2;VND;Dài h?n;6,5;26/06/2025;25/06/2060;26/06/2025;26/06/2025;
UbnzHb5WXQgw;3000001702;5513;8;nganv2;VND;Dài h?n;4,9;28/11/2025;21/11/2039;28/11/2025;28/11/2025;
cO1SZDSYwuZt;3000001727;5513;8;nganv2;VND;Dài h?n;6,5;23/10/2024;22/10/2040;23/10/2024;23/10/2024;
5vC44yQfhcNK;3000001736;5508;8;nganv2;VND;Dài h?n;4,9;04/05/2024;25/04/2059;04/05/2024;04/05/2024;
vPfvbfkjYsPW;3000001765;5513;8;nganv2;VND;Dài h?n;6,7;20/09/2024;15/09/2044;20/09/2024;20/09/2024;
lsrD72I25V6z;3000001765;5513;8;nganv2;VND;Dài h?n;6,7;15/10/2024;15/09/2044;15/10/2024;15/10/2024;
NyADPoHHUDzk;3000000009;5508;8;ngattk;VND;Dài h?n;4,9;12/08/2024;27/07/2048;12/08/2024;12/08/2024;
NHp102LqQZss;3000000035;5513;8;ngattk;VND;Dài h?n;11;06/01/2020;25/03/2039;06/01/2020;06/01/2020;
zg9W5MeoWaQ8;3000000035;5513;8;ngattk;VND;Dài h?n;11;28/03/2019;25/03/2039;28/03/2019;28/03/2019;
pgcqXuYuqSHe;3000000117;5513;8;ngattk;VND;Dài h?n;6,5;14/10/2025;14/10/2041;14/10/2025;14/10/2025;
iY9EWhVuksJT;3000000157;7228;8;ngattk;VND;Ng?n h?n;7,5;14/11/2025;18/05/2026;14/11/2025;14/11/2025;
uioFKRfb2Cc4;3000000222;5513;8;ngattk;VND;Dài h?n;7;29/08/2025;26/08/2031;29/08/2025;29/08/2025;
HZWK2Te7tFR9;3000000224;5513;8;ngattk;VND;Dài h?n;6,7;09/10/2024;16/05/2046;09/10/2024;09/10/2024;
xYQ3yB2LZkph;3000000224;5513;8;ngattk;VND;Dài h?n;6,7;16/05/2024;16/05/2046;16/05/2024;16/05/2024;
CNIaNZ9VwY6H;3000000313;5508;8;ngattk;VND;Dài h?n;7,5;11/11/2025;20/10/2050;11/11/2025;11/11/2025;
JidF6k1OFARM;3000000377;5513;8;ngattk;VND;Dài h?n;4,9;11/09/2023;25/08/2031;11/09/2023;11/09/2023;
KITRdAKGGJEn;3000000484;5513;8;ngattk;VND;Dài h?n;6,7;09/10/2024;06/06/2050;09/10/2024;09/10/2024;
HEgxTWbXRwmu;3000000484;5513;8;ngattk;VND;Dài h?n;6,7;06/06/2024;06/06/2050;06/06/2024;06/06/2024;
3wAGPfETVLJR;3000000503;5513;8;ngattk;VND;Dài h?n;11;15/11/2023;15/11/2057;15/11/2023;15/11/2023;
YjQzeJC6COvF;3000000503;5513;8;ngattk;VND;Dài h?n;11;14/11/2024;15/11/2057;14/11/2024;14/11/2024;
96TqBWr3aAQl;3000000510;5508;8;ngattk;VND;Dài h?n;6,7;02/04/2024;02/04/2055;02/04/2024;02/04/2024;
WSeb3wbYeszC;3000000516;5513;8;ngattk;VND;Dài h?n;6,7;16/12/2024;05/12/2057;16/12/2024;16/12/2024;
LjukjoH3GukR;3000000516;5513;8;ngattk;VND;Dài h?n;7;12/12/2023;05/12/2057;12/12/2023;12/12/2023;
TJk7itaydBFP;3000000591;5508;8;ngattk;VND;Dài h?n;11;08/08/2023;05/08/2048;08/08/2023;08/08/2023;
XRylwcfRGRuH;3000000591;5508;8;ngattk;VND;Dài h?n;11;18/01/2024;05/08/2048;18/01/2024;18/01/2024;
FzukNnfqH7Jo;3000000602;5513;8;ngattk;VND;Dài h?n;11;21/06/2024;20/06/2059;21/06/2024;21/06/2024;
xzC5CEIWOH9J;3000000602;5523;8;ngattk;VND;Dài h?n;8;20/10/2025;18/10/2032;20/10/2025;20/10/2025;
QdbI31CqV1Xn;3000000604;5508;8;ngattk;VND;Dài h?n;4,9;30/01/2024;27/01/2059;30/01/2024;30/01/2024;
wk4lmm0nhDPC;3000000604;5558;8;ngattk;VND;Dài h?n;4,9;27/09/2024;26/09/2044;27/09/2024;27/09/2024;
5SJiOQK4HIHE;3000000636;5508;8;ngattk;VND;Dài h?n;11;14/04/2017;14/01/2037;14/04/2017;;
cqMsRzecDzkQ;3000000678;5513;8;ngattk;VND;Dài h?n;6,7;28/08/2024;20/08/2059;28/08/2024;28/08/2024;
981FOw8Q8DTh;3000000678;5513;8;ngattk;VND;Dài h?n;6,7;09/10/2024;20/08/2059;09/10/2024;09/10/2024;
9n8YZDGMblJ7;3000000693;5513;8;ngattk;VND;Dài h?n;7,7;28/11/2025;26/11/2042;28/11/2025;28/11/2025;
AmnKuvLAU10F;3000000701;5508;8;ngattk;VND;Dài h?n;4,9;13/03/2024;25/02/2059;13/03/2024;13/03/2024;
hAItdSvJIBkW;3000000712;5558;8;ngattk;VND;Dài h?n;6,7;24/07/2025;25/07/2044;24/07/2025;24/07/2025;
JzwgpQS9hfcI;3000000719;5513;8;ngattk;VND;Dài h?n;6,5;16/10/2024;16/10/2059;16/10/2024;16/10/2024;
tjZHk895ys6B;3000000767;5513;8;ngattk;VND;Dài h?n;6,7;07/08/2024;07/08/2048;07/08/2024;07/08/2024;
k9bnQErNdGnP;3000000767;5513;8;ngattk;VND;Dài h?n;6,7;10/10/2024;07/08/2048;10/10/2024;10/10/2024;
q9ywMBZxNa9P;3000000768;5513;8;ngattk;VND;Dài h?n;6,7;16/10/2024;09/12/2047;16/10/2024;16/10/2024;
ZMy4S7APpFE4;3000000768;5513;8;ngattk;VND;Dài h?n;7;08/12/2023;09/12/2047;08/12/2023;08/12/2023;
TeBlDfRG2rdx;3000000797;5513;8;ngattk;VND;Dài h?n;6,7;11/10/2024;28/08/2034;11/10/2024;11/10/2024;
zLHAmAMqI7gE;3000000797;5513;8;ngattk;VND;Dài h?n;6,7;28/08/2024;28/08/2034;28/08/2024;28/08/2024;
Ig1IP9XKZE6n;3000000813;5513;8;ngattk;VND;Dài h?n;11;16/10/2023;16/10/2058;16/10/2023;16/10/2023;
aNNenrNYwAId;3000000864;7200;8;ngattk;VND;Ng?n h?n;1;26/06/2025;26/12/2025;26/06/2025;26/06/2025;
udKuJO1zGCLb;3000000896;5513;8;ngattk;VND;Dài h?n;6,5;16/10/2024;16/10/2052;16/10/2024;16/10/2024;
BHUnFFTxG3jy;3000000896;5513;8;ngattk;VND;Dài h?n;6,5;23/10/2024;16/10/2052;23/10/2024;23/10/2024;
WdeXY1AreSEZ;3000000904;5508;8;ngattk;VND;Dài h?n;11;02/07/2021;01/07/2041;02/07/2021;02/07/2021;
ti3ltVHxnx83;3000000918;5513;8;ngattk;VND;Dài h?n;7;12/12/2023;05/12/2058;12/12/2023;12/12/2023;
7vbYR1TypeA5;3000000918;5513;8;ngattk;VND;Dài h?n;6,7;22/11/2024;05/12/2058;22/11/2024;22/11/2024;
4RaMpZmm4PDH;3000000924;5508;8;ngattk;VND;Dài h?n;11;01/12/2020;30/11/2040;01/12/2020;01/12/2020;
moif4I9LUuIZ;3000000924;5508;8;ngattk;VND;Dài h?n;11;09/10/2023;15/09/2051;09/10/2023;09/10/2023;
oxv6vjnb69r9;3000000924;5502;8;ngattk;VND;Dài h?n;6,5;23/04/2024;23/04/2031;23/04/2024;23/04/2024;
4VMRUyplWYHB;3000000924;5518;8;ngattk;VND;Dài h?n;6,5;26/04/2024;26/04/2044;26/04/2024;26/04/2024;
6xH28PQAxxTu;3000000924;5518;8;ngattk;VND;Dài h?n;7;30/01/2024;16/01/2051;30/01/2024;30/01/2024;
AneE6GCKoua1;3000000924;5508;8;ngattk;VND;Dài h?n;6,5;23/04/2024;23/02/2039;23/04/2024;23/04/2024;
8qrsHEvS8NF3;3000000924;5518;8;ngattk;VND;Dài h?n;6,5;13/01/2025;13/01/2045;13/01/2025;13/01/2025;
KM0LHhIAUhKY;3000000934;5508;8;ngattk;VND;Dài h?n;11;15/01/2021;25/12/2040;15/01/2021;15/01/2021;
30eG3FdcJGRQ;3000000982;5513;8;ngattk;VND;Dài h?n;6,7;17/12/2024;05/12/2044;17/12/2024;17/12/2024;
lU19pLNfqH9j;3000001047;5513;8;ngattk;VND;Dài h?n;7;06/12/2023;06/12/2052;06/12/2023;06/12/2023;
Btqk3Qm1DMti;3000001047;5513;8;ngattk;VND;Dài h?n;6,7;12/11/2024;06/12/2052;12/11/2024;12/11/2024;
yOFwexeLEogG;3000001077;7200;8;ngattk;VND;Ng?n h?n;1;17/07/2025;19/01/2026;17/07/2025;17/07/2025;
n5OP5T4noV24;3000001079;5513;8;ngattk;VND;Dài h?n;7;08/12/2023;08/12/2056;08/12/2023;08/12/2023;
Oq4dTNFeDDuS;3000001079;5513;8;ngattk;VND;Dài h?n;6,7;28/10/2024;08/12/2056;28/10/2024;28/10/2024;
wj8JaJhitmny;3000001119;5513;8;ngattk;VND;Dài h?n;6,7;08/07/2025;08/07/2060;08/07/2025;08/07/2025;
rhw2a22HNSyF;3000001130;5513;8;ngattk;VND;Dài h?n;11;16/11/2023;18/11/2058;16/11/2023;16/11/2023;
DLoi18AYbPy4;3000001130;5513;8;ngattk;VND;Dài h?n;11;13/11/2024;18/11/2058;13/11/2024;13/11/2024;
FqARbEmClvVl;3000001131;5513;8;ngattk;VND;Dài h?n;11;28/11/2023;28/11/2058;28/11/2023;28/11/2023;
SxjfVQWiFRVV;3000001131;5513;8;ngattk;VND;Dài h?n;11;06/11/2024;28/11/2058;06/11/2024;06/11/2024;
V9h6CiGyAWy5;3000001141;5513;8;ngattk;VND;Dài h?n;11;11/11/2024;20/11/2058;11/11/2024;11/11/2024;
AjvNET61dlDx;3000001142;5513;8;ngattk;VND;Dài h?n;11;13/11/2024;20/11/2058;13/11/2024;13/11/2024;
Rqky99YD7H2M;3000001142;5513;8;ngattk;VND;Dài h?n;11;20/11/2023;20/11/2058;20/11/2023;20/11/2023;
GUnCaq9ehoET;3000001179;5513;8;ngattk;VND;Dài h?n;11;20/11/2023;20/11/2045;20/11/2023;20/11/2023;
6p6ZAWsoqQTs;3000001179;5513;8;ngattk;VND;Dài h?n;11;06/11/2024;20/11/2045;06/11/2024;06/11/2024;
AEDViKHvg1Wz;3000001181;5513;8;ngattk;VND;Dài h?n;11;16/11/2023;16/11/2056;16/11/2023;16/11/2023;
zSINyYOfI9ex;3000001181;5513;8;ngattk;VND;Dài h?n;11;11/11/2024;16/11/2056;11/11/2024;11/11/2024;
SNnhE5jnxFGy;3000001183;5513;8;ngattk;VND;Dài h?n;11;16/11/2023;18/11/2058;16/11/2023;16/11/2023;
PeST08suRTri;3000001183;5513;8;ngattk;VND;Dài h?n;11;11/11/2024;18/11/2058;11/11/2024;11/11/2024;
KIaqon3fJ2Cx;3000001189;5513;8;ngattk;VND;Dài h?n;6,7;01/11/2024;09/12/2058;01/11/2024;01/11/2024;
MaFjNrIceP9E;3000001189;5513;8;ngattk;VND;Dài h?n;7;07/12/2023;09/12/2058;07/12/2023;07/12/2023;
QKvRJmMKmBSh;3000001193;5513;8;ngattk;VND;Dài h?n;7;06/12/2023;05/12/2057;06/12/2023;06/12/2023;
YJAGCG4MS6Ac;3000001193;5513;8;ngattk;VND;Dài h?n;6,7;12/11/2024;05/12/2057;12/11/2024;12/11/2024;
URlibSBwJZ44;3000001197;5513;8;ngattk;VND;Dài h?n;6,7;17/12/2024;09/12/2058;17/12/2024;17/12/2024;
O01NqwY0UQi5;3000001219;5508;8;ngattk;VND;Dài h?n;6,7;05/03/2025;05/03/2040;05/03/2025;05/03/2025;
GpKWGDoA7c6C;3000001219;5513;8;ngattk;VND;Dài h?n;7;03/10/2025;25/09/2035;03/10/2025;03/10/2025;
BAzH4wC1CC2r;3000001220;5513;8;ngattk;VND;Dài h?n;7;12/12/2023;05/12/2045;12/12/2023;12/12/2023;
zA11MYvji42q;3000001245;5513;8;ngattk;VND;Dài h?n;7;11/12/2023;05/12/2058;11/12/2023;11/12/2023;
XIQf88q2j9LK;3000001250;5513;8;ngattk;VND;Dài h?n;6,7;05/12/2024;05/12/2045;05/12/2024;05/12/2024;
V089avWzhZk1;3000001299;5513;8;ngattk;VND;Dài h?n;6,7;25/10/2024;07/01/2058;25/10/2024;25/10/2024;
TujMx98RuKt5;3000001299;5513;8;ngattk;VND;Dài h?n;7;12/01/2024;07/01/2058;12/01/2024;12/01/2024;
i6BsABjHUWaO;3000001311;5513;8;ngattk;VND;Dài h?n;6,7;29/11/2024;19/01/2054;29/11/2024;29/11/2024;
8B5KGhAWUL5A;3000001313;5513;8;ngattk;VND;Dài h?n;7;19/01/2024;06/01/2053;19/01/2024;19/01/2024;
DEwnvU4fLihN;3000001313;5513;8;ngattk;VND;Dài h?n;6,7;06/11/2024;06/01/2053;06/11/2024;06/11/2024;
K8XYoCLhEUhH;3000001314;5513;8;ngattk;VND;Dài h?n;6,7;07/11/2024;24/01/2039;07/11/2024;07/11/2024;
qNEz6HH3c4rX;3000001314;5513;8;ngattk;VND;Dài h?n;7;23/01/2024;24/01/2039;23/01/2024;23/01/2024;
t58lIHuqfrNV;3000001318;5513;8;ngattk;VND;Dài h?n;7;26/01/2024;27/01/2053;26/01/2024;26/01/2024;
iLpYPybjvTFY;3000001318;5513;8;ngattk;VND;Dài h?n;6,7;19/11/2024;27/01/2053;19/11/2024;19/11/2024;
z4MxuQ5Cdlbf;3000001328;5513;8;ngattk;VND;Dài h?n;7;01/02/2024;03/02/2059;01/02/2024;01/02/2024;
L7J3SDH4cBVX;3000001328;5513;8;ngattk;VND;Dài h?n;6,7;29/10/2024;03/02/2059;29/10/2024;29/10/2024;
4cmHnHIEO8Ut;3000001331;5513;8;ngattk;VND;Dài h?n;6,7;05/11/2024;05/11/2049;05/11/2024;05/11/2024;
ZwpS7MxvcQAE;3000001335;5513;8;ngattk;VND;Dài h?n;6,2;03/06/2024;25/03/2042;03/06/2024;03/06/2024;
e7lz4HJa0nKG;3000001335;5513;8;ngattk;VND;Dài h?n;6,2;05/09/2024;25/03/2042;05/09/2024;05/09/2024;
K4gSHO0hmI3D;3000001335;5513;8;ngattk;VND;Dài h?n;6,2;17/04/2024;25/03/2042;17/04/2024;17/04/2024;
eI5g8yfrQx94;3000001336;5513;8;ngattk;VND;Dài h?n;7;07/02/2024;08/02/2044;07/02/2024;07/02/2024;
RcmUSiY1hk8e;3000001336;5513;8;ngattk;VND;Dài h?n;6,7;15/10/2024;08/02/2044;15/10/2024;15/10/2024;
ND6v4BCnOFHw;3000001348;5513;8;ngattk;VND;Dài h?n;7;01/03/2024;03/03/2059;01/03/2024;01/03/2024;
q5CcF2PYL9FB;3000001374;5513;8;ngattk;VND;Dài h?n;7;22/04/2024;22/04/2059;22/04/2024;22/04/2024;
jHFRwE6Zr4J8;3000001374;5513;8;ngattk;VND;Dài h?n;6,7;10/10/2024;22/04/2059;10/10/2024;10/10/2024;
BYL1g3FIGxC2;3000001384;5513;8;ngattk;VND;Dài h?n;6,7;20/05/2024;20/05/2049;20/05/2024;20/05/2024;
08MB5X96QNgV;3000001387;5513;8;ngattk;VND;Dài h?n;6,7;21/05/2024;21/05/2049;21/05/2024;21/05/2024;
4wihePh7tin0;3000001387;5513;8;ngattk;VND;Dài h?n;6,7;28/10/2024;21/05/2049;28/10/2024;28/10/2024;
pWmRpx24PjH4;3000001390;5513;8;ngattk;VND;Dài h?n;6,7;09/10/2024;14/05/2059;09/10/2024;09/10/2024;
gQ7Nx1VRZSyq;3000001390;5513;8;ngattk;VND;Dài h?n;6,7;15/05/2024;14/05/2059;15/05/2024;15/05/2024;
sfC4dZxVCNoC;3000001403;5513;8;ngattk;VND;Dài h?n;6,7;06/06/2024;06/06/2059;06/06/2024;06/06/2024;
PNPLy7dKrwcw;3000001403;5513;8;ngattk;VND;Dài h?n;6,5;17/10/2024;06/06/2059;17/10/2024;17/10/2024;
0eG2V8npSLwD;3000001442;5513;8;ngattk;VND;Dài h?n;6;22/10/2024;15/07/2049;22/10/2024;22/10/2024;
NQ8GFd8vBQz9;3000001454;5513;8;ngattk;VND;Dài h?n;6,7;09/07/2024;09/07/2032;09/07/2024;09/07/2024;
mTPRAkuRCsU9;3000001460;5513;8;ngattk;VND;Dài h?n;6;30/10/2024;19/07/2049;30/10/2024;30/10/2024;
YfxaCWn8JIqy;3000001479;5513;8;ngattk;VND;Dài h?n;6,7;14/08/2024;14/08/2059;14/08/2024;14/08/2024;
R82mIAYo5Dg4;3000001480;5513;8;ngattk;VND;Dài h?n;6,7;09/10/2024;27/08/2052;09/10/2024;09/10/2024;
T2F1SE109q9A;3000001480;5513;8;ngattk;VND;Dài h?n;6,7;27/08/2024;27/08/2052;27/08/2024;27/08/2024;
XLUUvs1HTzZG;3000001481;5513;8;ngattk;VND;Dài h?n;6;21/10/2024;06/09/2049;21/10/2024;21/10/2024;
DKkAG05E956a;3000001502;5513;8;ngattk;VND;Dài h?n;6,5;28/08/2024;30/08/2055;28/08/2024;28/08/2024;
42rpo1Hr6ax1;3000001502;5513;8;ngattk;VND;Dài h?n;6,3;09/12/2024;30/08/2055;09/12/2024;09/12/2024;
uFWEydce6Wyk;3000001507;5513;8;ngattk;VND;Dài h?n;6,7;02/10/2024;02/10/2058;02/10/2024;02/10/2024;
HMSR9C6Uk6sc;3000001507;5513;8;ngattk;VND;Dài h?n;6,5;17/10/2024;02/10/2058;17/10/2024;17/10/2024;
WoESiYpLfTnl;3000001524;5513;8;ngattk;VND;Dài h?n;6,7;02/10/2024;02/10/2053;02/10/2024;02/10/2024;
cw00q852m3Kd;3000001524;5513;8;ngattk;VND;Dài h?n;6,5;23/10/2024;02/10/2053;23/10/2024;23/10/2024;
jzQXj2ug7mLo;3000001543;5513;8;ngattk;VND;Dài h?n;6,7;11/10/2024;13/10/2059;11/10/2024;11/10/2024;
Y7xU9cXhLCkG;3000001543;5513;8;ngattk;VND;Dài h?n;6,5;23/10/2024;13/10/2059;23/10/2024;23/10/2024;
brLpVVpZ2S9G;3000001556;5513;8;ngattk;VND;Dài h?n;6,5;25/10/2024;26/10/2054;25/10/2024;25/10/2024;
NhpGIKAgD7VX;3000001556;5513;8;ngattk;VND;Dài h?n;6,5;25/11/2024;26/10/2054;25/11/2024;25/11/2024;
oXITaZlO6RVZ;3000001560;5513;8;ngattk;VND;Dài h?n;6,5;30/10/2024;30/10/2043;30/10/2024;30/10/2024;
aHGFneYiZSbD;3000001566;5513;8;ngattk;VND;Dài h?n;6;28/11/2024;29/11/2049;28/11/2024;28/11/2024;
bHFhASXmPOCK;3000001567;5513;8;ngattk;VND;Dài h?n;6,5;12/11/2024;12/11/2031;12/11/2024;12/11/2024;
gzzNwFUQkR3E;3000001567;5513;8;ngattk;VND;Dài h?n;6,3;09/01/2025;09/01/2045;09/01/2025;09/01/2025;
2AOUnrpUNazO;3000001584;5513;8;ngattk;VND;Dài h?n;6,3;26/11/2024;26/11/2059;26/11/2024;26/11/2024;
xO67i4qECl5h;3000001584;5513;8;ngattk;VND;Dài h?n;6,3;13/12/2024;26/11/2059;13/12/2024;13/12/2024;
3rwArqpF2Adk;3000001591;5513;8;ngattk;VND;Dài h?n;6,7;06/12/2024;06/12/2039;06/12/2024;06/12/2024;
m5wWZoBqPAca;3000001594;5513;8;ngattk;VND;Dài h?n;6,3;11/12/2024;10/12/2059;11/12/2024;11/12/2024;
ebRo1dS3vlya;3000001594;5513;8;ngattk;VND;Dài h?n;6,3;10/12/2024;10/12/2059;10/12/2024;10/12/2024;
P0I1ZJ3shhav;3000001610;5508;8;ngattk;VND;Dài h?n;6,7;10/02/2025;10/02/2045;10/02/2025;10/02/2025;
6Rv76GRXGgUp;3000001614;5513;8;ngattk;VND;Dài h?n;6,7;06/06/2025;14/03/2050;06/06/2025;06/06/2025;
FELlENGyFbhy;3000001626;5508;8;ngattk;VND;Dài h?n;6,7;20/03/2025;22/03/2060;20/03/2025;20/03/2025;
6ZdvISMF9KMz;3000001670;5513;8;ngattk;VND;Dài h?n;6,5;25/07/2025;26/07/2060;25/07/2025;25/07/2025;
Y1zDfgFWXYUA;3000001683;5513;8;ngattk;VND;Dài h?n;6,7;05/09/2025;05/09/2050;08/09/2025;08/09/2025;
BhfAgCauSb8g;3000001706;5513;8;ngattk;VND;Dài h?n;6,7;16/10/2024;05/12/2051;16/10/2024;16/10/2024;
D7FSPguW4cDQ;3000001706;5513;8;ngattk;VND;Dài h?n;7;08/12/2023;05/12/2051;08/12/2023;08/12/2023;
h1kCJXYwCKVY;3000001751;5513;8;ngattk;VND;Dài h?n;6,7;30/09/2024;20/09/2041;30/09/2024;30/09/2024;
jA3HuD8OBpKP;3000001755;5508;8;ngattk;VND;Dài h?n;4,9;31/01/2023;30/01/2043;31/01/2023;31/01/2023;
n9yqiBWCP56x;3000000397;8000;7;nguyen.btt;VND;Ng?n h?n;8,2;14/11/2025;14/05/2026;14/11/2025;14/11/2025;
iI2nGpexOH17;3000000397;8000;7;nguyen.btt;VND;Ng?n h?n;7,5;04/07/2025;05/01/2026;04/07/2025;04/07/2025;
XMR14xD1GLNy;3000000397;8000;7;nguyen.btt;VND;Ng?n h?n;8,2;24/11/2025;25/05/2026;24/11/2025;24/11/2025;
90zjRQAS5Ew8;3000000397;8000;7;nguyen.btt;VND;Ng?n h?n;8,2;26/11/2025;26/05/2026;26/11/2025;26/11/2025;
H5ZXJcRkxXr9;3000000397;8000;7;nguyen.btt;VND;Ng?n h?n;7,5;06/06/2025;08/12/2025;06/06/2025;06/06/2025;
ZKGKyFAmGkt1;3000000397;8000;7;nguyen.btt;VND;Ng?n h?n;7,5;30/06/2025;30/12/2025;30/06/2025;30/06/2025;
nAmxACMzkz1x;3000000397;8000;7;nguyen.btt;VND;Ng?n h?n;7,5;13/08/2025;13/02/2026;13/08/2025;13/08/2025;
Wf7EMMT87cGg;3000000397;8000;7;nguyen.btt;VND;Ng?n h?n;7,5;14/08/2025;16/02/2026;14/08/2025;14/08/2025;
jKSgrKkKGlNT;3000000397;8000;7;nguyen.btt;VND;Ng?n h?n;7,5;02/10/2025;02/04/2026;02/10/2025;02/10/2025;
UPzr6v7KIBQH;3000000397;8000;7;nguyen.btt;VND;Ng?n h?n;8,2;18/11/2025;18/05/2026;18/11/2025;18/11/2025;
fyuXzvYnDHBr;3000000397;8000;7;nguyen.btt;VND;Ng?n h?n;8,2;28/11/2025;28/05/2026;28/11/2025;28/11/2025;
3wI54UaPj7UR;3000000397;8000;7;nguyen.btt;VND;Ng?n h?n;7,5;03/07/2025;05/01/2026;03/07/2025;03/07/2025;
5bBdzYnp23IZ;3000000397;8000;7;nguyen.btt;VND;Ng?n h?n;8,7;11/11/2025;11/05/2026;11/11/2025;11/11/2025;
2cuBuaXKOuBA;3000000397;8000;7;nguyen.btt;VND;Ng?n h?n;7,5;25/06/2025;25/12/2025;25/06/2025;25/06/2025;
Q52wlSCNdxKP;3000000397;8000;7;nguyen.btt;VND;Ng?n h?n;7,5;15/08/2025;16/02/2026;15/08/2025;15/08/2025;
jC4HL7k5vU1s;3000000397;8000;7;nguyen.btt;VND;Ng?n h?n;7,5;20/06/2025;22/12/2025;20/06/2025;20/06/2025;
KheBIHoGy54J;3000000397;8000;7;nguyen.btt;VND;Ng?n h?n;7,5;12/08/2025;12/02/2026;12/08/2025;12/08/2025;
JEEElvdJCFEG;3000000397;8000;7;nguyen.btt;VND;Ng?n h?n;7,9;24/10/2025;24/04/2026;24/10/2025;24/10/2025;
b9sLh2PoEoCa;3000000397;8000;7;nguyen.btt;VND;Ng?n h?n;7,5;09/07/2025;09/01/2026;09/07/2025;09/07/2025;
xaSH4wNY4ABJ;3000000397;8000;7;nguyen.btt;VND;Ng?n h?n;7,5;30/09/2025;30/03/2026;30/09/2025;30/09/2025;
Ej8uZkz6Jaap;3000000397;8000;7;nguyen.btt;VND;Ng?n h?n;8,2;20/11/2025;20/05/2026;20/11/2025;20/11/2025;
l5GX1DGSmQd5;3000000397;8000;7;nguyen.btt;VND;Ng?n h?n;8,2;27/11/2025;27/05/2026;27/11/2025;27/11/2025;
noI3nv5IUM7J;3000000397;8000;7;nguyen.btt;VND;Ng?n h?n;7,5;10/07/2025;12/01/2026;10/07/2025;10/07/2025;
KfytFSqplQgj;3000000397;8000;7;nguyen.btt;VND;Ng?n h?n;7,5;30/07/2025;30/01/2026;30/07/2025;30/07/2025;
KTa30aprRDxN;3000000397;8000;7;nguyen.btt;VND;Ng?n h?n;7,5;23/06/2025;23/12/2025;23/06/2025;23/06/2025;
Sed3GLi5kWeO;3000000397;8000;7;nguyen.btt;VND;Ng?n h?n;7,5;21/08/2025;23/02/2026;21/08/2025;21/08/2025;
SEwqPgB49iCn;3000000397;8000;7;nguyen.btt;VND;Ng?n h?n;7,5;15/10/2025;15/04/2026;15/10/2025;15/10/2025;
whjkyeWPUSQj;3000000399;8000;7;nguyen.btt;VND;Ng?n h?n;7,5;08/07/2025;08/01/2026;08/07/2025;08/07/2025;
IkBv9ITmntuJ;3000000435;8000;7;nguyen.btt;VND;Ng?n h?n;7,8;19/09/2025;19/02/2026;19/09/2025;19/09/2025;
yREzw0f51VQD;3000000435;8000;7;nguyen.btt;VND;Ng?n h?n;7,8;10/11/2025;10/04/2026;10/11/2025;10/11/2025;
5ocBV9aWkeq6;3000000435;8000;7;nguyen.btt;VND;Ng?n h?n;7,8;11/11/2025;13/04/2026;11/11/2025;11/11/2025;
tm0XgDiCZhpL;3000000435;8000;7;nguyen.btt;VND;Ng?n h?n;7,8;19/08/2025;19/01/2026;19/08/2025;19/08/2025;
Vv6rhW2aYxo6;3000000435;8000;7;nguyen.btt;VND;Ng?n h?n;7,8;11/08/2025;12/01/2026;11/08/2025;11/08/2025;
opS9teMh9wfk;3000000435;8000;7;nguyen.btt;VND;Ng?n h?n;7,8;12/09/2025;12/02/2026;12/09/2025;12/09/2025;
rtpihj2zzRCr;3000000435;8000;7;nguyen.btt;VND;Ng?n h?n;7,8;10/11/2025;10/04/2026;10/11/2025;10/11/2025;
bLsvAkJvIVqS;3000000435;8000;7;nguyen.btt;VND;Ng?n h?n;7,8;10/11/2025;10/04/2026;10/11/2025;10/11/2025;
K0LE2gM89wW7;3000000435;8000;7;nguyen.btt;VND;Ng?n h?n;7,8;15/08/2025;15/01/2026;15/08/2025;15/08/2025;
AGtWTTUzlMjg;3000000435;8000;7;nguyen.btt;VND;Ng?n h?n;7,8;10/11/2025;10/04/2026;10/11/2025;10/11/2025;
lxaSQz3Abo6D;3000000482;8000;7;nguyen.btt;VND;Ng?n h?n;7,5;08/10/2025;08/01/2026;08/10/2025;08/10/2025;
8yUvJw9dT7kK;3000000482;8000;7;nguyen.btt;VND;Ng?n h?n;7,7;30/10/2025;30/01/2026;30/10/2025;30/10/2025;
krmc4eXbexj5;3000000482;8000;7;nguyen.btt;VND;Ng?n h?n;7,7;13/11/2025;13/02/2026;13/11/2025;13/11/2025;
I60yvVViwocD;3000000482;8000;7;nguyen.btt;VND;Ng?n h?n;7,5;23/09/2025;23/03/2026;23/09/2025;23/09/2025;
VmdIPsBf9CLT;3000000482;8000;7;nguyen.btt;VND;Ng?n h?n;7,5;16/07/2025;16/01/2026;16/07/2025;16/07/2025;
T6KdhUDnXxFJ;3000001096;8000;7;nguyen.btt;VND;Ng?n h?n;7;30/09/2025;30/03/2026;30/09/2025;30/09/2025;
GCZiMTr50ybQ;3000001096;8000;7;nguyen.btt;VND;Ng?n h?n;7;23/10/2025;23/04/2026;23/10/2025;23/10/2025;
lfGCt506XMuu;3000001096;8000;7;nguyen.btt;VND;Ng?n h?n;8;10/11/2025;11/05/2026;10/11/2025;10/11/2025;
WAxmnmrYwXom;3000001096;8000;7;nguyen.btt;VND;Ng?n h?n;7;24/10/2025;24/04/2026;24/10/2025;24/10/2025;
9OyfRjBm46rH;3000001120;8000;7;nguyen.btt;VND;Ng?n h?n;9;06/08/2024;06/02/2025;06/08/2024;06/08/2024;
Wpa6qCH3ovxm;3000001120;8000;7;nguyen.btt;VND;Ng?n h?n;9;13/08/2024;13/02/2025;13/08/2024;13/08/2024;
vhviqMoQpvDF;3000001120;8000;7;nguyen.btt;VND;Ng?n h?n;9;04/11/2024;05/05/2025;04/11/2024;04/11/2024;
xjEt0NdR8rDr;3000001120;8000;7;nguyen.btt;VND;Ng?n h?n;9;28/11/2024;28/05/2025;28/11/2024;28/11/2024;
QURzTJIm2QQJ;3000001120;8000;7;nguyen.btt;VND;Ng?n h?n;9;29/11/2024;29/05/2025;29/11/2024;29/11/2024;
ytL7xTdGt7Gv;3000001120;8000;7;nguyen.btt;VND;Ng?n h?n;9;13/12/2024;13/06/2025;13/12/2024;13/12/2024;
QCcytjlKHWJU;3000001120;8000;7;nguyen.btt;VND;Ng?n h?n;9;15/07/2024;15/01/2025;15/07/2024;15/07/2024;
Q9pz1USJBtzx;3000001120;8000;7;nguyen.btt;VND;Ng?n h?n;9;22/08/2024;24/02/2025;22/08/2024;22/08/2024;
k0Ed6aUFQTKl;3000001120;8000;7;nguyen.btt;VND;Ng?n h?n;9;26/08/2024;26/02/2025;26/08/2024;26/08/2024;
iLaAsQH2F0uM;3000001120;8000;7;nguyen.btt;VND;Ng?n h?n;9;16/12/2024;16/06/2025;16/12/2024;16/12/2024;
vn7zoq7E40s8;3000001120;8000;7;nguyen.btt;VND;Ng?n h?n;9;22/07/2024;22/01/2025;22/07/2024;22/07/2024;
wr9EePgQrz0Y;3000001120;8000;7;nguyen.btt;VND;Ng?n h?n;9;25/07/2024;03/02/2025;25/07/2024;25/07/2024;
5deQTApZBnHz;3000001120;8000;7;nguyen.btt;VND;Ng?n h?n;9;14/08/2024;14/02/2025;14/08/2024;14/08/2024;
syr19tHGj6si;3000001120;8000;7;nguyen.btt;VND;Ng?n h?n;9;08/11/2024;08/05/2025;08/11/2024;08/11/2024;
iFErWDwfocGB;3000001120;8000;7;nguyen.btt;VND;Ng?n h?n;9;02/12/2024;02/06/2025;02/12/2024;02/12/2024;
6FHEAwZy1N7V;3000001120;8000;7;nguyen.btt;VND;Ng?n h?n;9;05/12/2024;05/06/2025;05/12/2024;05/12/2024;
Pv2M3ikNZfFm;3000001120;8000;7;nguyen.btt;VND;Ng?n h?n;9;09/12/2024;09/06/2025;09/12/2024;09/12/2024;
V6ulNGxsssRt;3000001120;8000;7;nguyen.btt;VND;Ng?n h?n;9;23/07/2024;23/01/2025;23/07/2024;23/07/2024;
9STGaijAPBSc;3000001120;8000;7;nguyen.btt;VND;Ng?n h?n;9;26/07/2024;03/02/2025;26/07/2024;26/07/2024;
FDFBrkLzcNgy;3000001120;8000;7;nguyen.btt;VND;Ng?n h?n;9;19/08/2024;19/02/2025;19/08/2024;19/08/2024;
ZmSiPefEWA3g;3000001120;8000;7;nguyen.btt;VND;Ng?n h?n;9;20/08/2024;20/02/2025;20/08/2024;20/08/2024;
GUFv3UklN3xC;3000001120;8000;7;nguyen.btt;VND;Ng?n h?n;9;13/09/2024;13/03/2025;13/09/2024;13/09/2024;
d2uEDsh15A2y;3000001120;8000;7;nguyen.btt;VND;Ng?n h?n;9;06/11/2024;06/05/2025;06/11/2024;06/11/2024;
N00MVDeWdErQ;3000001120;8000;7;nguyen.btt;VND;Ng?n h?n;9;02/08/2024;03/02/2025;02/08/2024;02/08/2024;
5yrmF5A4DCIm;3000001120;8000;7;nguyen.btt;VND;Ng?n h?n;9;05/08/2024;05/02/2025;05/08/2024;05/08/2024;
PtVOeOFMPDU1;3000001120;8000;7;nguyen.btt;VND;Ng?n h?n;9;11/09/2024;11/03/2025;11/09/2024;11/09/2024;
2g19JBPjjCMj;3000001120;8000;7;nguyen.btt;VND;Ng?n h?n;9;25/11/2024;26/05/2025;25/11/2024;25/11/2024;
5Jr0Q77DyJPe;3000001120;8000;7;nguyen.btt;VND;Ng?n h?n;9;03/12/2024;03/06/2025;03/12/2024;03/12/2024;
mg8Do3fys3PF;3000001120;8000;7;nguyen.btt;VND;Ng?n h?n;9;10/07/2024;10/01/2025;10/07/2024;10/07/2024;
0kNKPuwkcmMQ;3000001120;8000;7;nguyen.btt;VND;Ng?n h?n;9;29/07/2024;03/02/2025;29/07/2024;29/07/2024;
OTOnZWjAT9LZ;3000001120;8000;7;nguyen.btt;VND;Ng?n h?n;9;23/08/2024;24/02/2025;23/08/2024;23/08/2024;
bZChiZqEFAtY;3000001120;8000;7;nguyen.btt;VND;Ng?n h?n;9;22/10/2024;22/04/2025;22/10/2024;22/10/2024;
Qd85DaiLowJw;3000001120;8000;7;nguyen.btt;VND;Ng?n h?n;9;05/11/2024;05/05/2025;05/11/2024;05/11/2024;
pPts7HyXHtUi;3000001120;8000;7;nguyen.btt;VND;Ng?n h?n;9;11/11/2024;12/05/2025;11/11/2024;11/11/2024;
DDlyjFy8WYkI;3000001120;8000;7;nguyen.btt;VND;Ng?n h?n;9;12/11/2024;12/05/2025;12/11/2024;12/11/2024;
1AEQVWNqmH1Q;3000001120;8000;7;nguyen.btt;VND;Ng?n h?n;9;25/12/2024;25/06/2025;25/12/2024;25/12/2024;
weGHTRxKYcYW;3000001120;8000;7;nguyen.btt;VND;Ng?n h?n;9;02/01/2025;02/07/2025;02/01/2025;02/01/2025;
cRpId4Y2GupE;3000001120;8000;7;nguyen.btt;VND;Ng?n h?n;9;11/07/2024;13/01/2025;11/07/2024;11/07/2024;
C89nKOyh6zwU;3000001120;8000;7;nguyen.btt;VND;Ng?n h?n;9;24/07/2024;24/01/2025;24/07/2024;24/07/2024;
5YFuzd3h9yop;3000001120;8000;7;nguyen.btt;VND;Ng?n h?n;9;15/08/2024;17/02/2025;15/08/2024;15/08/2024;
UVkbMcIWJk7U;3000001120;8000;7;nguyen.btt;VND;Ng?n h?n;9;28/08/2024;28/02/2025;28/08/2024;28/08/2024;
zaUDv6BGNAZ6;3000001120;8000;7;nguyen.btt;VND;Ng?n h?n;9;13/09/2024;13/03/2025;13/09/2024;13/09/2024;
EAsrkoaxzqyg;3000001120;8000;7;nguyen.btt;VND;Ng?n h?n;9;21/11/2024;21/05/2025;21/11/2024;21/11/2024;
fF0sDieIsV6S;3000001133;8000;7;nguyen.btt;VND;Ng?n h?n;9;10/10/2024;10/04/2025;10/10/2024;10/10/2024;
dd470OR0oA8K;3000001133;8000;7;nguyen.btt;VND;Ng?n h?n;9;22/11/2024;22/05/2025;22/11/2024;22/11/2024;
8pMq5zYHmEb4;3000001133;8000;7;nguyen.btt;VND;Ng?n h?n;9;30/08/2024;28/02/2025;30/08/2024;30/08/2024;
97FjPe7NCRln;3000001133;8000;7;nguyen.btt;VND;Ng?n h?n;9;30/09/2024;31/03/2025;30/09/2024;30/09/2024;
cLR1Eu4uCJEk;3000001133;8000;7;nguyen.btt;VND;Ng?n h?n;9;24/10/2024;24/04/2025;24/10/2024;24/10/2024;
1zb3pz5PghBC;3000001133;8000;7;nguyen.btt;VND;Ng?n h?n;9;06/12/2024;06/06/2025;06/12/2024;06/12/2024;
PXPlTZ6JJ4VT;3000001133;8000;7;nguyen.btt;VND;Ng?n h?n;9;26/08/2024;26/02/2025;26/08/2024;26/08/2024;
uF8ECD1osZKa;3000001133;8000;7;nguyen.btt;VND;Ng?n h?n;9;08/10/2024;08/04/2025;08/10/2024;08/10/2024;
lR0jcXXBv0sA;3000001133;8000;7;nguyen.btt;VND;Ng?n h?n;9;17/10/2024;17/04/2025;17/10/2024;17/10/2024;
WupRG6bwjLLt;3000001133;8000;7;nguyen.btt;VND;Ng?n h?n;9;01/11/2024;05/05/2025;01/11/2024;01/11/2024;
cMF6lNp1cROt;3000001133;8000;7;nguyen.btt;VND;Ng?n h?n;9;07/10/2024;08/04/2025;07/10/2024;07/10/2024;
7MMnHifEFsIB;3000001133;8000;7;nguyen.btt;VND;Ng?n h?n;9;14/10/2024;14/04/2025;14/10/2024;14/10/2024;
HYYh5bJnJikF;3000001133;8000;7;nguyen.btt;VND;Ng?n h?n;9;22/10/2024;22/04/2025;22/10/2024;22/10/2024;
fFvno4iD9rfk;3000001133;8000;7;nguyen.btt;VND;Ng?n h?n;9;26/12/2024;26/06/2025;26/12/2024;26/12/2024;
gP14G35el9QD;3000001133;8000;7;nguyen.btt;VND;Ng?n h?n;9;28/08/2024;28/02/2025;28/08/2024;28/08/2024;
XnEPANzjZYlC;3000001133;8000;7;nguyen.btt;VND;Ng?n h?n;9;05/09/2024;05/03/2025;05/09/2024;05/09/2024;
vV6330ymCgrH;3000001133;8000;7;nguyen.btt;VND;Ng?n h?n;9;18/10/2024;18/04/2025;18/10/2024;18/10/2024;
Lz4WR75uCHi5;3000001133;8000;7;nguyen.btt;VND;Ng?n h?n;9;27/12/2024;27/06/2025;27/12/2024;27/12/2024;
t3FZkLcG5YGg;3000001133;8000;7;nguyen.btt;VND;Ng?n h?n;9;29/08/2024;28/02/2025;29/08/2024;29/08/2024;
MWFHF3CLVV72;3000001133;8000;7;nguyen.btt;VND;Ng?n h?n;9;25/10/2024;25/04/2025;25/10/2024;25/10/2024;
zRlbhu0J49Bd;3000001133;8000;7;nguyen.btt;VND;Ng?n h?n;9;13/12/2024;13/06/2025;13/12/2024;13/12/2024;
7kdlKkdgQF1m;3000001133;8000;7;nguyen.btt;VND;Ng?n h?n;9;19/12/2024;19/06/2025;19/12/2024;19/12/2024;
455BcWlDAbJ6;3000001133;8000;7;nguyen.btt;VND;Ng?n h?n;9;24/12/2024;24/06/2025;24/12/2024;24/12/2024;
U0N7ihJa0NFb;3000001133;8000;7;nguyen.btt;VND;Ng?n h?n;9;15/10/2024;15/04/2025;15/10/2024;15/10/2024;
AIg2puVTngcd;3000001133;8000;7;nguyen.btt;VND;Ng?n h?n;9;21/10/2024;21/04/2025;21/10/2024;21/10/2024;
G8vTWfalygGT;3000001133;8000;7;nguyen.btt;VND;Ng?n h?n;9;28/10/2024;28/04/2025;28/10/2024;28/10/2024;
6Ui1SveBoKbA;3000001133;8000;7;nguyen.btt;VND;Ng?n h?n;9;08/11/2024;08/05/2025;08/11/2024;08/11/2024;
OcFKFMakHG92;3000001133;8000;7;nguyen.btt;VND;Ng?n h?n;9;04/07/2024;06/01/2025;04/07/2024;04/07/2024;
56Bv30A31kRJ;3000001133;8000;7;nguyen.btt;VND;Ng?n h?n;9;23/12/2024;23/06/2025;23/12/2024;23/12/2024;
LKmup4HEzd5i;3000001133;8000;7;nguyen.btt;VND;Ng?n h?n;9;04/09/2024;04/03/2025;04/09/2024;04/09/2024;
275MoZOQwFlI;3000001133;8000;7;nguyen.btt;VND;Ng?n h?n;9;03/10/2024;03/04/2025;03/10/2024;03/10/2024;
bYcqmgKG39do;3000001133;8000;7;nguyen.btt;VND;Ng?n h?n;9;23/10/2024;23/04/2025;23/10/2024;23/10/2024;
K1aogcwSnNAb;3000001133;8000;7;nguyen.btt;VND;Ng?n h?n;9;05/11/2024;05/05/2025;05/11/2024;05/11/2024;
WFmCLE8moWiv;3000001133;8000;7;nguyen.btt;VND;Ng?n h?n;9;18/11/2024;19/05/2025;18/11/2024;18/11/2024;
RKheTi918Mj8;3000001133;8000;7;nguyen.btt;VND;Ng?n h?n;9;20/12/2024;20/06/2025;20/12/2024;20/12/2024;
WusDlupPkbYp;3000001356;8000;7;nguyen.btt;VND;Ng?n h?n;6;08/10/2025;08/04/2026;08/10/2025;08/10/2025;
b836JEqkfjTz;3000001356;8000;7;nguyen.btt;VND;Ng?n h?n;5,8;08/10/2025;08/04/2026;08/10/2025;08/10/2025;
GLRw3R9MCp3C;3000001356;8000;7;nguyen.btt;VND;Ng?n h?n;7,2;25/11/2025;25/05/2026;25/11/2025;25/11/2025;
MrgQAwHq3RkN;3000001356;8000;7;nguyen.btt;VND;Ng?n h?n;7,2;25/11/2025;25/05/2026;25/11/2025;25/11/2025;
HAQEf5wDgAQB;3000001356;8000;7;nguyen.btt;VND;Ng?n h?n;6,6;20/11/2025;20/05/2026;20/11/2025;20/11/2025;
DKKyOEwxCXRZ;3000001356;8000;7;nguyen.btt;VND;Ng?n h?n;7,2;27/11/2025;27/05/2026;27/11/2025;27/11/2025;
HJaCGKEUBFnA;3000000410;8000;5;nguyen.lh;VND;Ng?n h?n;5,5;03/09/2025;05/01/2026;03/09/2025;03/09/2025;
x3zlLyIAieoB;3000000410;8000;5;nguyen.lh;VND;Ng?n h?n;5,5;19/09/2025;19/01/2026;19/09/2025;19/09/2025;
t5ChgbbaA5C5;3000000410;8000;5;nguyen.lh;VND;Ng?n h?n;5,5;14/10/2025;16/02/2026;14/10/2025;14/10/2025;
rAQERypx6TsM;3000000410;8057;5;nguyen.lh;VND;Dài h?n;6,8;13/11/2025;07/09/2035;13/11/2025;28/11/2025;
YtXWPbjtPswz;3000000410;8001;5;nguyen.lh;USD;Ng?n h?n;4,6;17/11/2025;17/03/2026;17/11/2025;17/11/2025;
jIHvdoZe8KCq;3000000410;8001;5;nguyen.lh;USD;Ng?n h?n;4,6;21/11/2025;23/03/2026;21/11/2025;21/11/2025;
5TidPf7PTZEd;3000000410;8057;5;nguyen.lh;VND;Dài h?n;12,5;25/01/2018;27/07/2026;25/01/2018;26/12/2018;
9crSFMwGLpEV;3000000410;8001;5;nguyen.lh;USD;Ng?n h?n;4,6;11/11/2025;11/03/2026;11/11/2025;11/11/2025;
qJJ0pbKS6hcV;3000000410;8001;5;nguyen.lh;USD;Ng?n h?n;4,6;24/11/2025;24/03/2026;24/11/2025;24/11/2025;
HYP5HHsoyG02;3000000410;8001;5;nguyen.lh;USD;Ng?n h?n;4,6;26/11/2025;26/03/2026;26/11/2025;26/11/2025;
DwpXcOve27eD;3000000410;8001;5;nguyen.lh;USD;Ng?n h?n;4,6;10/09/2025;12/01/2026;10/09/2025;10/09/2025;
7Z7sfKefJg9X;3000000410;8000;5;nguyen.lh;VND;Ng?n h?n;5,5;16/09/2025;16/01/2026;16/09/2025;16/09/2025;
fdnTvg2QjkqH;3000000410;8000;5;nguyen.lh;VND;Ng?n h?n;5,5;25/09/2025;26/01/2026;25/09/2025;25/09/2025;
SyGfPs1ycUjf;3000000410;8000;5;nguyen.lh;VND;Ng?n h?n;5,9;30/10/2025;02/03/2026;30/10/2025;30/10/2025;
g3GrYpL1Kgyj;3000000410;8001;5;nguyen.lh;USD;Ng?n h?n;4,6;25/11/2025;25/03/2026;25/11/2025;25/11/2025;
sQVHBex5dHFh;3000000410;8001;5;nguyen.lh;USD;Ng?n h?n;4,6;27/11/2025;27/03/2026;27/11/2025;27/11/2025;
vcpMIWDkHjmR;3000000410;8000;5;nguyen.lh;VND;Ng?n h?n;5,5;25/08/2025;25/12/2025;25/08/2025;25/08/2025;
pyrWjMTHtIM3;3000000410;8001;5;nguyen.lh;USD;Ng?n h?n;4,6;29/08/2025;29/12/2025;29/08/2025;29/08/2025;
QwZG3bI92sGQ;3000000410;8001;5;nguyen.lh;USD;Ng?n h?n;4,6;23/09/2025;23/01/2026;23/09/2025;23/09/2025;
H62wPU57aoiu;3000000410;8000;5;nguyen.lh;VND;Ng?n h?n;5,9;06/11/2025;06/03/2026;06/11/2025;06/11/2025;
0VoEsu9xjIAm;3000000410;8000;5;nguyen.lh;VND;Ng?n h?n;6;11/11/2025;11/03/2026;11/11/2025;11/11/2025;
oUG6r2Oh5PCz;3000000410;8001;5;nguyen.lh;USD;Ng?n h?n;4,6;27/10/2025;27/02/2026;27/10/2025;27/10/2025;
lkP0v1K4ksAg;3000000410;8001;5;nguyen.lh;USD;Ng?n h?n;4,6;14/11/2025;16/03/2026;14/11/2025;14/11/2025;
fpye4T0hYEDu;3000000410;8057;5;nguyen.lh;VND;Dài h?n;12,5;19/12/2018;18/06/2027;19/12/2018;17/06/2020;
yISW1uMUNICt;3000000410;8000;5;nguyen.lh;VND;Ng?n h?n;5,5;09/09/2025;09/01/2026;09/09/2025;09/09/2025;
aXGzyz1zaLHv;3000000410;8000;5;nguyen.lh;VND;Ng?n h?n;5,5;12/09/2025;12/01/2026;12/09/2025;12/09/2025;
06kyCAkHLAMR;3000000410;8000;5;nguyen.lh;VND;Ng?n h?n;5,5;17/09/2025;19/01/2026;17/09/2025;17/09/2025;
M0L8JKTus3mF;3000000410;8001;5;nguyen.lh;USD;Ng?n h?n;4,6;18/09/2025;19/01/2026;18/09/2025;18/09/2025;
DKHEfXz1IfLP;3000000410;8000;5;nguyen.lh;VND;Ng?n h?n;5,5;03/10/2025;03/02/2026;03/10/2025;03/10/2025;
lp2mNeEYH3Ho;3000000410;8000;5;nguyen.lh;VND;Ng?n h?n;5,5;09/10/2025;09/02/2026;09/10/2025;09/10/2025;
z7BEcijq0HQP;3000000410;8000;5;nguyen.lh;VND;Ng?n h?n;5,9;04/11/2025;04/03/2026;04/11/2025;04/11/2025;
sdEJG94eaLtQ;3000000410;8057;5;nguyen.lh;VND;Dài h?n;6;08/09/2025;07/09/2035;08/09/2025;08/09/2025;
HGaG1d9GtxEA;3000000410;8000;5;nguyen.lh;VND;Ng?n h?n;5,9;03/11/2025;03/03/2026;03/11/2025;03/11/2025;
CcFCLOmHF0LZ;3000000410;8000;5;nguyen.lh;VND;Ng?n h?n;5,5;01/10/2025;02/02/2026;01/10/2025;01/10/2025;
BPvqlVoyJS4a;3000000410;8000;5;nguyen.lh;VND;Ng?n h?n;5,5;06/10/2025;06/02/2026;06/10/2025;06/10/2025;
KNX6pmqCEBdb;3000000410;8001;5;nguyen.lh;USD;Ng?n h?n;4,6;12/11/2025;12/03/2026;12/11/2025;12/11/2025;
3yTi7SiI7cW7;3000000410;8000;5;nguyen.lh;VND;Ng?n h?n;5,5;26/08/2025;26/12/2025;26/08/2025;26/08/2025;
HblZXYa0iACD;3000000410;8000;5;nguyen.lh;VND;Ng?n h?n;5,5;05/09/2025;05/01/2026;05/09/2025;05/09/2025;
WqGBuaaAUHIG;3000000410;8001;5;nguyen.lh;USD;Ng?n h?n;4,6;23/09/2025;23/01/2026;23/09/2025;23/09/2025;
j0BC4b5NAOnO;3000000410;8000;5;nguyen.lh;VND;Ng?n h?n;5,9;24/10/2025;24/02/2026;24/10/2025;24/10/2025;
TnvLZANrpcSC;3000000410;8000;5;nguyen.lh;VND;Ng?n h?n;6,3;19/11/2025;19/03/2026;19/11/2025;19/11/2025;
kh3pOXE7hTgU;3000000410;8001;5;nguyen.lh;USD;Ng?n h?n;4,6;28/11/2025;30/03/2026;28/11/2025;28/11/2025;
ERL56OAQs2OD;3000000410;8000;5;nguyen.lh;VND;Ng?n h?n;5,5;28/08/2025;29/12/2025;28/08/2025;28/08/2025;
3teRMtTBhSxj;3000000410;8001;5;nguyen.lh;USD;Ng?n h?n;4,6;15/09/2025;15/01/2026;15/09/2025;15/09/2025;
ej0OdF5B0rto;3000000410;8001;5;nguyen.lh;USD;Ng?n h?n;4,6;29/09/2025;29/01/2026;29/09/2025;29/09/2025;
WljFoviTIIMb;3000000410;8000;5;nguyen.lh;VND;Ng?n h?n;5,5;10/10/2025;10/02/2026;10/10/2025;10/10/2025;
JBe2Z4wnwukE;3000000410;8000;5;nguyen.lh;VND;Ng?n h?n;5,5;17/10/2025;17/02/2026;17/10/2025;17/10/2025;
vAwFGcw0xDHR;3000000410;8000;5;nguyen.lh;VND;Ng?n h?n;6,3;18/11/2025;18/03/2026;18/11/2025;18/11/2025;
UECGuQpy0MXC;3000000410;8001;5;nguyen.lh;USD;Ng?n h?n;4,6;20/11/2025;20/03/2026;20/11/2025;20/11/2025;
eS9EPYkHaLU8;3000000449;8057;5;nguyen.lh;VND;Dài h?n;7,7;27/07/2023;25/01/2036;27/07/2023;28/06/2024;
mfU1kB3BMeh7;3000000449;8057;5;nguyen.lh;VND;Dài h?n;7,7;14/12/2022;25/01/2036;14/12/2022;28/02/2023;
5803qRLyF8td;3000000449;8057;5;nguyen.lh;VND;Dài h?n;7,7;27/01/2023;25/01/2036;27/01/2023;25/07/2023;
DVKavob8s5q7;3000000449;8057;5;nguyen.lh;VND;Dài h?n;7,7;28/01/2022;25/01/2036;28/01/2022;25/10/2022;
MfRV5CpNmz5A;3000000455;8001;5;nguyen.lh;USD;Ng?n h?n;4,6;22/09/2025;22/01/2026;22/09/2025;22/09/2025;
Y8RehmFJUZo1;3000000455;8001;5;nguyen.lh;USD;Ng?n h?n;4,6;26/09/2025;26/01/2026;26/09/2025;26/09/2025;
pahdId6jdeoe;3000000455;8001;5;nguyen.lh;USD;Ng?n h?n;4,6;20/10/2025;20/02/2026;20/10/2025;20/10/2025;
lG4UrCBf0Cjb;3000000455;8001;5;nguyen.lh;USD;Ng?n h?n;4,6;14/10/2025;16/02/2026;14/10/2025;14/10/2025;
RjM9yV0JF5RD;3000000458;8057;5;nguyen.lh;VND;Dài h?n;6,8;07/10/2024;05/10/2037;07/10/2024;25/11/2025;
aYr1lz1HokK9;3000000458;8057;5;nguyen.lh;VND;Dài h?n;6,8;07/10/2024;05/10/2037;07/10/2024;25/11/2025;
oruTvDmvGqfG;3000000458;8057;5;nguyen.lh;VND;Dài h?n;6,8;07/10/2024;05/10/2037;07/10/2024;25/11/2025;
Hcqk01BXObtW;3000000458;8057;5;nguyen.lh;VND;Dài h?n;6,8;07/10/2024;05/10/2037;07/10/2024;25/11/2025;
9zsvOaGyFkWF;3000000120;7200;8;nguyetnm2;VND;Ng?n h?n;1,5;15/09/2025;16/03/2026;15/09/2025;15/09/2025;
8j9fnErEBgur;3000000443;7200;8;nguyetnm2;VND;Ng?n h?n;1,3;01/10/2025;01/04/2026;01/10/2025;01/10/2025;
d9nBqbF6mCHW;3000001107;7200;8;nguyetnm2;VND;Ng?n h?n;1,3;24/09/2025;24/03/2026;24/09/2025;24/09/2025;
IxVpBvj4ylIl;3000001107;7200;8;nguyetnm2;VND;Ng?n h?n;1,3;17/09/2025;17/03/2026;17/09/2025;17/09/2025;
m9BF2AXYLqfv;3000001716;7228;8;nguyetnm2;VND;Ng?n h?n;7,2;07/10/2025;23/01/2026;07/10/2025;07/10/2025;
N2afzNAc65sQ;3000000269;8057;6;nhanvhd;VND;Dài h?n;7,7;11/06/2020;06/09/2028;11/06/2020;11/06/2020;
AUBos4GsAeG6;3000000269;8057;6;nhanvhd;VND;Dài h?n;7,7;18/06/2020;06/09/2028;18/06/2020;18/06/2020;
1np2B8uoNsO0;3000000269;8057;6;nhanvhd;VND;Dài h?n;7,7;29/10/2021;06/09/2028;29/10/2021;29/10/2021;
7tD2dTELZm7b;3000000269;8057;6;nhanvhd;VND;Dài h?n;7,7;13/01/2020;06/09/2028;13/01/2020;13/01/2020;
4quJBvL14ROW;3000000269;8057;6;nhanvhd;VND;Dài h?n;7,7;27/02/2020;06/09/2028;27/02/2020;27/02/2020;
xXUZL5HUVdRY;3000000269;8057;6;nhanvhd;VND;Dài h?n;7,7;29/12/2021;06/09/2028;29/12/2021;29/12/2021;
WyzO3IdkW4JH;3000000269;8057;6;nhanvhd;VND;Dài h?n;7,7;06/02/2020;06/09/2028;06/02/2020;19/02/2020;
DGPU5zKO8Mdl;3000000329;8000;6;nhanvhd;VND;Ng?n h?n;4;14/08/2025;15/12/2025;14/08/2025;14/08/2025;
xpDOqJmCN6zr;3000000329;8000;6;nhanvhd;VND;Ng?n h?n;4,1;05/09/2025;05/01/2026;05/09/2025;05/09/2025;
q1MEZ13SBH7x;3000000329;8000;6;nhanvhd;VND;Ng?n h?n;4;27/08/2025;29/12/2025;27/08/2025;27/08/2025;
7bbT88nZb4Ao;3000000329;8000;6;nhanvhd;VND;Ng?n h?n;4,1;17/09/2025;19/01/2026;17/09/2025;17/09/2025;
DjsqLKW7Om4N;3000000329;8000;6;nhanvhd;VND;Ng?n h?n;4;12/08/2025;12/12/2025;12/08/2025;12/08/2025;
gL1s7AhKoSp8;3000000446;8057;6;nhanvhd;VND;Dài h?n;9;26/11/2025;26/11/2032;26/11/2025;26/11/2025;
NZbCqGGZp6lR;3000000457;8000;6;nhanvhd;VND;Ng?n h?n;4,7;22/08/2025;22/12/2025;22/08/2025;22/08/2025;
1giFb5bCtKj4;3000000457;8000;6;nhanvhd;VND;Ng?n h?n;6,8;21/11/2025;23/03/2026;21/11/2025;21/11/2025;
h2hwcfnEeuNG;3000000457;8000;6;nhanvhd;VND;Ng?n h?n;4,7;15/08/2025;15/12/2025;15/08/2025;15/08/2025;
ZFmGtxSuO1ht;3000000457;8000;6;nhanvhd;VND;Ng?n h?n;4,7;09/09/2025;09/01/2026;09/09/2025;09/09/2025;
mAyiNVLGXDoV;3000000457;8000;6;nhanvhd;VND;Ng?n h?n;6,8;28/11/2025;30/03/2026;28/11/2025;28/11/2025;
Ig7XY5MZhLKN;3000000322;8000;7;nk.loan;VND;Ng?n h?n;4,5;30/09/2025;30/12/2025;30/09/2025;30/09/2025;
EhST3Sl1pngx;3000000322;8000;7;nk.loan;VND;Ng?n h?n;6,3;20/11/2025;20/02/2026;20/11/2025;20/11/2025;
GHeEZjqouWdF;3000000322;8056;7;nk.loan;VND;Trung h?n;12;29/09/2021;25/09/2026;29/09/2021;29/09/2021;
ObKDvFVrtnyx;3000000322;8000;7;nk.loan;VND;Ng?n h?n;4,5;20/10/2025;20/01/2026;20/10/2025;20/10/2025;
WCb9u90uTFoP;3000000322;8000;7;nk.loan;VND;Ng?n h?n;5,4;31/10/2025;02/02/2026;31/10/2025;31/10/2025;
Yh4VVsSRrksj;3000000322;8000;7;nk.loan;VND;Ng?n h?n;4,5;10/10/2025;12/01/2026;10/10/2025;10/10/2025;
troJyMhRSG1E;3000000335;8001;7;nk.loan;USD;Ng?n h?n;4,8;12/11/2025;12/05/2026;12/11/2025;12/11/2025;
Gf4P62zGUqLh;3000000335;8001;7;nk.loan;USD;Ng?n h?n;4,8;13/11/2025;13/05/2026;13/11/2025;13/11/2025;
VvVWk0XVFDee;3000000335;8001;7;nk.loan;USD;Ng?n h?n;4,65;08/08/2025;09/02/2026;08/08/2025;08/08/2025;
gQrHAN3ON917;3000000335;8001;7;nk.loan;USD;Ng?n h?n;4,65;15/08/2025;16/02/2026;15/08/2025;15/08/2025;
OKidAeZ9ANl5;3000000335;8001;7;nk.loan;USD;Ng?n h?n;4,65;16/09/2025;16/03/2026;16/09/2025;16/09/2025;
4rc2yMNjFJFD;3000000335;8001;7;nk.loan;USD;Ng?n h?n;4,65;10/10/2025;10/04/2026;10/10/2025;10/10/2025;
tLMwQ0AzxkNB;3000000335;8001;7;nk.loan;USD;Ng?n h?n;4,8;28/10/2025;28/04/2026;28/10/2025;28/10/2025;
Cw0uPDhDmtT6;3000000335;8001;7;nk.loan;USD;Ng?n h?n;4,8;10/11/2025;11/05/2026;10/11/2025;10/11/2025;
QJrbcOH4HJzz;3000000335;8001;7;nk.loan;USD;Ng?n h?n;4,65;05/08/2025;05/02/2026;05/08/2025;05/08/2025;
xUCNSLIQj1yO;3000000335;8001;7;nk.loan;USD;Ng?n h?n;4,65;14/10/2025;14/04/2026;14/10/2025;14/10/2025;
O5czFcanjUEF;3000000335;8001;7;nk.loan;USD;Ng?n h?n;4,65;17/09/2025;17/03/2026;17/09/2025;17/09/2025;
3YWHHhqAALfy;3000000335;8001;7;nk.loan;USD;Ng?n h?n;4,65;23/09/2025;23/03/2026;23/09/2025;23/09/2025;
oUwxIKxSJU53;3000000335;8001;7;nk.loan;USD;Ng?n h?n;4,8;18/11/2025;18/05/2026;18/11/2025;18/11/2025;
G3oGvfJNXZXk;3000000335;8001;7;nk.loan;USD;Ng?n h?n;4,65;22/08/2025;23/02/2026;22/08/2025;22/08/2025;
ADFASyhSoNkp;3000000335;8001;7;nk.loan;USD;Ng?n h?n;4,65;27/08/2025;27/02/2026;27/08/2025;27/08/2025;
uR9ldEvYGYlw;3000000335;8001;7;nk.loan;USD;Ng?n h?n;4,65;10/09/2025;10/03/2026;10/09/2025;10/09/2025;
eAn1p0P3flnf;3000000335;8001;7;nk.loan;USD;Ng?n h?n;4,65;11/09/2025;11/03/2026;11/09/2025;11/09/2025;
zEP3Vrtnnl9T;3000000335;8001;7;nk.loan;USD;Ng?n h?n;4,65;19/09/2025;19/03/2026;19/09/2025;19/09/2025;
hj4EskTeEzXf;3000000335;8001;7;nk.loan;USD;Ng?n h?n;4,65;09/10/2025;09/04/2026;09/10/2025;09/10/2025;
0qlkOV2pAGQj;3000000335;8001;7;nk.loan;USD;Ng?n h?n;4,8;04/11/2025;04/05/2026;04/11/2025;04/11/2025;
ljt2kSpAXueG;3000000335;8001;7;nk.loan;USD;Ng?n h?n;4,65;21/10/2025;21/04/2026;21/10/2025;21/10/2025;
fuHjwY4TA10q;3000000335;8001;7;nk.loan;USD;Ng?n h?n;4,8;25/11/2025;25/05/2026;25/11/2025;25/11/2025;
Mn8A2nRTQ65r;3000000434;6000;7;nk.loan;VND;Ng?n h?n;8;02/10/2025;02/10/2026;09/10/2025;27/11/2025;
gXWEE0HWxFmp;3000000434;8000;7;nk.loan;VND;Ng?n h?n;7;12/09/2025;12/03/2026;12/09/2025;12/09/2025;
XftWmbrlQ772;3000000434;8000;7;nk.loan;VND;Ng?n h?n;7;15/09/2025;16/03/2026;15/09/2025;15/09/2025;
SmTHu3rM9nW5;3000000434;8000;7;nk.loan;VND;Ng?n h?n;7;19/09/2025;19/03/2026;19/09/2025;19/09/2025;
191O0NXWhSRN;3000000434;8000;7;nk.loan;VND;Ng?n h?n;7;29/09/2025;30/03/2026;29/09/2025;29/09/2025;
RPWPSkJ5h64T;3000000434;8000;7;nk.loan;VND;Ng?n h?n;7;05/11/2025;05/05/2026;05/11/2025;05/11/2025;
oIDGXMbvXV3m;3000000434;8000;7;nk.loan;VND;Ng?n h?n;7,2;18/11/2025;18/05/2026;18/11/2025;18/11/2025;
z7TnhSDYHLof;3000000434;8000;7;nk.loan;VND;Ng?n h?n;7,2;20/11/2025;20/05/2026;20/11/2025;20/11/2025;
9FZ926J3Jbca;3000000434;8000;7;nk.loan;VND;Ng?n h?n;7,2;28/11/2025;28/05/2026;28/11/2025;28/11/2025;
HAa58HB86IWK;3000000434;8000;7;nk.loan;VND;Ng?n h?n;7;23/10/2025;23/04/2026;23/10/2025;23/10/2025;
Xj6ByWAq0E7H;3000000434;8000;7;nk.loan;VND;Ng?n h?n;7;31/10/2025;30/04/2026;31/10/2025;31/10/2025;
jAD1BU0967KT;3000000434;8000;7;nk.loan;VND;Ng?n h?n;7;05/09/2025;05/03/2026;05/09/2025;05/09/2025;
q5A5OuT3iZJ7;3000000434;8000;7;nk.loan;VND;Ng?n h?n;7;24/09/2025;24/03/2026;24/09/2025;24/09/2025;
7T15jiSLCCvn;3000000434;8000;7;nk.loan;VND;Ng?n h?n;7;06/11/2025;06/05/2026;06/11/2025;06/11/2025;
nR8t4xHOAxhb;3000000434;8000;7;nk.loan;VND;Ng?n h?n;7,2;27/11/2025;27/05/2026;27/11/2025;27/11/2025;
aGT2nov3pzbe;3000000434;8000;7;nk.loan;VND;Ng?n h?n;7;22/08/2025;23/02/2026;22/08/2025;22/08/2025;
JIB4a7NI9c4E;3000000434;8000;7;nk.loan;VND;Ng?n h?n;7;22/09/2025;23/03/2026;22/09/2025;22/09/2025;
QF9EgXvUf2Ge;3000000434;8000;7;nk.loan;VND;Ng?n h?n;7;09/10/2025;09/04/2026;09/10/2025;09/10/2025;
CNE8IuN56JTN;3000000434;8000;7;nk.loan;VND;Ng?n h?n;7;15/10/2025;15/04/2026;15/10/2025;15/10/2025;
94ENb0YmWew1;3000000434;8000;7;nk.loan;VND;Ng?n h?n;7,2;12/11/2025;12/05/2026;12/11/2025;12/11/2025;
3sOfbW3kF4Kb;3000000434;8000;7;nk.loan;VND;Ng?n h?n;7,2;17/11/2025;18/05/2026;17/11/2025;17/11/2025;
dZUnJvwHpvLD;3000000434;8000;7;nk.loan;VND;Ng?n h?n;7,2;18/11/2025;18/05/2026;18/11/2025;18/11/2025;
zrYeNDUOBRxT;3000000434;8000;7;nk.loan;VND;Ng?n h?n;7,2;24/11/2025;25/05/2026;24/11/2025;24/11/2025;
esHJE9Ob2Vvc;3000000434;8000;7;nk.loan;VND;Ng?n h?n;7;16/10/2025;16/04/2026;16/10/2025;16/10/2025;
vDoUM7gdhIGu;3000000434;8000;7;nk.loan;VND;Ng?n h?n;7;27/10/2025;27/04/2026;27/10/2025;27/10/2025;
QlyeYyCQJT7w;3000000434;8000;7;nk.loan;VND;Ng?n h?n;7;03/11/2025;04/05/2026;03/11/2025;03/11/2025;
FIHys7XvAFHY;3000000434;8000;7;nk.loan;VND;Ng?n h?n;7;17/09/2025;17/03/2026;17/09/2025;17/09/2025;
Op9nT1yfIGDl;3000000434;8000;7;nk.loan;VND;Ng?n h?n;7;30/09/2025;30/03/2026;30/09/2025;30/09/2025;
dxesPHHF6LIg;3000000434;8000;7;nk.loan;VND;Ng?n h?n;7;07/10/2025;07/04/2026;07/10/2025;07/10/2025;
RpZ8TUIX5oWN;3000000434;8000;7;nk.loan;VND;Ng?n h?n;7;22/10/2025;22/04/2026;22/10/2025;22/10/2025;
1w8ShgwyWqQG;3000000434;8000;7;nk.loan;VND;Ng?n h?n;7;28/08/2025;02/03/2026;28/08/2025;28/08/2025;
vBO3NsPYlshH;3000000434;8000;7;nk.loan;VND;Ng?n h?n;7;27/10/2025;27/04/2026;27/10/2025;27/10/2025;
XEsjbNBqRZkg;3000000434;8000;7;nk.loan;VND;Ng?n h?n;7;29/10/2025;29/04/2026;29/10/2025;29/10/2025;
xRU3hCSAzPtT;3000000434;8000;7;nk.loan;VND;Ng?n h?n;7;30/10/2025;30/04/2026;30/10/2025;30/10/2025;
KWhuIVD0g2JX;3000000434;8000;7;nk.loan;VND;Ng?n h?n;7;31/10/2025;04/05/2026;31/10/2025;31/10/2025;
GmfsuUznK7pl;3000000434;8000;7;nk.loan;VND;Ng?n h?n;7;05/11/2025;05/05/2026;05/11/2025;05/11/2025;
Ct2bNJ6bZV3L;3000000434;8000;7;nk.loan;VND;Ng?n h?n;7,2;13/11/2025;13/05/2026;13/11/2025;13/11/2025;
kVzIXvy4XFOZ;3000000434;8000;7;nk.loan;VND;Ng?n h?n;7;20/08/2025;20/02/2026;20/08/2025;20/08/2025;
0fuTds2V9zEj;3000000434;8000;7;nk.loan;VND;Ng?n h?n;7;11/09/2025;11/03/2026;11/09/2025;11/09/2025;
0VYjPlX2yyHF;3000000434;8000;7;nk.loan;VND;Ng?n h?n;7;23/09/2025;23/03/2026;23/09/2025;23/09/2025;
p3G7eMeYLgp7;3000000434;8000;7;nk.loan;VND;Ng?n h?n;7;26/09/2025;26/03/2026;26/09/2025;26/09/2025;
HO30ubAEklPs;3000000434;8000;7;nk.loan;VND;Ng?n h?n;7;07/11/2025;07/05/2026;07/11/2025;07/11/2025;
P0cHn4oo5bYJ;3000000434;8000;7;nk.loan;VND;Ng?n h?n;7,2;10/11/2025;11/05/2026;10/11/2025;10/11/2025;
v8OBnExpXnY1;3000000472;8000;7;nk.loan;VND;Ng?n h?n;6,7;21/11/2025;21/04/2026;21/11/2025;21/11/2025;
Xzuztet2YkjV;3000001161;8000;7;nk.loan;VND;Ng?n h?n;6,5;23/09/2025;23/03/2026;23/09/2025;23/09/2025;
t1Kp0jlSptLr;3000001161;8000;7;nk.loan;VND;Ng?n h?n;6,5;27/06/2025;29/12/2025;27/06/2025;27/06/2025;
xqIrK0Xqhl5q;3000001161;8000;7;nk.loan;VND;Ng?n h?n;6,5;20/06/2025;22/12/2025;20/06/2025;20/06/2025;
1p4yjsgRG1on;3000001161;8000;7;nk.loan;VND;Ng?n h?n;6,5;21/07/2025;21/01/2026;21/07/2025;21/07/2025;
TOqdlONTAxNe;3000000087;5558;8;ntd.quynh;VND;Dài h?n;4,9;19/08/2025;21/08/2045;19/08/2025;19/08/2025;
9xyiAOvGMPQd;3000000087;5523;8;ntd.quynh;VND;Dài h?n;4,9;22/12/2023;22/12/2031;22/12/2023;22/12/2023;
b3p2RTLBJtrB;3000000112;5513;8;ntd.quynh;VND;Dài h?n;6,5;17/01/2025;28/12/2048;17/01/2025;17/01/2025;
DKkf6vU76vFt;3000000112;5508;8;ntd.quynh;VND;Dài h?n;6;11/08/2025;27/07/2048;11/08/2025;11/08/2025;
d47v6kPuGnVy;3000000112;7200;8;ntd.quynh;VND;Ng?n h?n;1;13/08/2025;11/02/2026;13/08/2025;13/08/2025;
1Qapb8rrzyYv;3000000123;5508;8;ntd.quynh;VND;Dài h?n;5,5;07/08/2020;07/08/2040;07/08/2020;07/08/2020;
KPNsxQjrE7UO;3000000143;5513;8;ntd.quynh;VND;Dài h?n;6,7;31/07/2024;31/07/2058;31/07/2024;31/07/2024;
AmUmAAvlHrBy;3000000143;5513;8;ntd.quynh;VND;Dài h?n;6,7;09/10/2024;31/07/2058;09/10/2024;09/10/2024;
qBaLFK2oQLWz;3000000183;5513;8;ntd.quynh;VND;Dài h?n;6,7;08/10/2024;03/10/2046;08/10/2024;08/10/2024;
J0cAlvyDr1AX;3000000183;5513;8;ntd.quynh;VND;Dài h?n;6,7;03/10/2024;03/10/2046;03/10/2024;03/10/2024;
JaihhR130dAx;3000000201;5513;8;ntd.quynh;VND;Dài h?n;6;23/10/2024;04/10/2049;23/10/2024;23/10/2024;
6ip9kbOhdbMG;3000000202;5513;8;ntd.quynh;VND;Dài h?n;6,7;08/10/2024;12/07/2055;08/10/2024;08/10/2024;
WFYKc3cVNiN1;3000000202;5513;8;ntd.quynh;VND;Dài h?n;6,7;11/07/2024;12/07/2055;11/07/2024;11/07/2024;
7Nx05XUAvvp4;3000000207;5508;8;ntd.quynh;VND;Dài h?n;6;04/10/2024;27/09/2049;04/10/2024;04/10/2024;
20piw2BVBcaR;3000000207;5508;8;ntd.quynh;VND;Dài h?n;6;22/10/2024;27/09/2049;22/10/2024;22/10/2024;
Krdy7Hj5nSeL;3000000219;5508;8;ntd.quynh;VND;Dài h?n;11;30/03/2023;30/03/2038;30/03/2023;30/03/2023;
FLocicVvjl8w;3000000263;5508;8;ntd.quynh;VND;Dài h?n;11;28/10/2015;29/10/2035;28/10/2015;;
RurEDGkCR1Az;3000000284;5513;8;ntd.quynh;VND;Dài h?n;6,7;08/10/2024;06/09/2044;08/10/2024;08/10/2024;
XBaiSjlQ0BHD;3000000284;5513;8;ntd.quynh;VND;Dài h?n;6,7;06/09/2024;06/09/2044;06/09/2024;06/09/2024;
129AKZjRya80;3000000315;5513;8;ntd.quynh;VND;Dài h?n;6,7;09/10/2024;29/07/2041;09/10/2024;09/10/2024;
YN9ay8Z1rM0G;3000000315;5513;8;ntd.quynh;VND;Dài h?n;6,7;29/07/2024;29/07/2041;29/07/2024;29/07/2024;
gkbFS8JbJQtc;3000000407;5508;8;ntd.quynh;VND;Dài h?n;11;12/05/2021;25/04/2041;12/05/2021;12/05/2021;
PEafR9SHuuOC;3000000571;5508;8;ntd.quynh;VND;Dài h?n;7;23/09/2025;06/09/2060;23/09/2025;23/09/2025;
sycEt3Bhy8nD;3000000572;5513;8;ntd.quynh;VND;Dài h?n;6,7;09/10/2024;12/09/2059;09/10/2024;09/10/2024;
VvrYqZb3aGJi;3000000572;5513;8;ntd.quynh;VND;Dài h?n;6,7;12/09/2024;12/09/2059;12/09/2024;12/09/2024;
InNRHZ1jmQJ3;3000000584;5513;8;ntd.quynh;VND;Dài h?n;4,9;20/11/2025;20/11/2045;20/11/2025;20/11/2025;
IQDT4EhJEA8A;3000000589;5508;8;ntd.quynh;VND;Dài h?n;4,9;25/06/2025;07/06/2060;25/06/2025;25/06/2025;
zxU9ZL5FriWj;3000000594;5513;8;ntd.quynh;VND;Dài h?n;6,7;15/10/2024;30/06/2059;15/10/2024;15/10/2024;
7jgFF2RDxrbd;3000000594;5513;8;ntd.quynh;VND;Dài h?n;6,7;28/06/2024;30/06/2059;28/06/2024;28/06/2024;
NGxVuWgm7zmi;3000000639;5508;8;ntd.quynh;VND;Dài h?n;7,5;02/10/2020;26/04/2038;02/10/2020;;
Blj3RfY27cm2;3000000690;5513;8;ntd.quynh;VND;Dài h?n;4,9;05/12/2023;05/12/2058;05/12/2023;05/12/2023;
Sld5uoiVrdG9;3000000690;5513;8;ntd.quynh;VND;Dài h?n;4,9;22/10/2024;05/12/2058;22/10/2024;22/10/2024;
8VgtnHs4MqUi;3000000732;5513;8;ntd.quynh;VND;Dài h?n;6,5;13/12/2024;03/12/2052;13/12/2024;13/12/2024;
Gn3PCPzoggzg;3000000732;5513;8;ntd.quynh;VND;Dài h?n;6,5;03/12/2024;03/12/2052;03/12/2024;03/12/2024;
iJDoQFrDPW5S;3000000743;5508;8;ntd.quynh;VND;Dài h?n;4,9;23/05/2024;23/05/2059;23/05/2024;23/05/2024;
C9IU0zDvCNvg;3000000814;5513;8;ntd.quynh;VND;Dài h?n;6,5;23/05/2025;23/05/2045;23/05/2025;23/05/2025;
RIsoLVDcEojQ;3000000925;5513;8;ntd.quynh;VND;Dài h?n;6,7;24/07/2024;24/07/2052;24/07/2024;24/07/2024;
gdSylTprZiD0;3000000925;5513;8;ntd.quynh;VND;Dài h?n;6,7;11/10/2024;24/07/2052;11/10/2024;11/10/2024;
gFGAKCLXYper;3000000926;5508;8;ntd.quynh;VND;Dài h?n;11;21/12/2020;21/12/2040;21/12/2020;21/12/2020;
uFawZNsPv7oE;3000001014;5508;8;ntd.quynh;VND;Trung h?n;6,7;19/05/2025;25/03/2030;19/05/2025;19/05/2025;
pgrDs1CpnEFl;3000001014;5587;8;ntd.quynh;VND;Trung h?n;6,5;29/08/2025;29/08/2030;29/08/2025;29/08/2025;
jvmzAhf4GAQp;3000001066;5513;8;ntd.quynh;VND;Dài h?n;6,5;20/11/2024;13/11/2056;20/11/2024;20/11/2024;
QEgGb1vZkPvZ;3000001066;5513;8;ntd.quynh;VND;Dài h?n;6,5;11/11/2024;13/11/2056;11/11/2024;11/11/2024;
bmbi0X9Ovggy;3000001093;5513;8;ntd.quynh;VND;Dài h?n;6,7;25/10/2024;05/12/2058;25/10/2024;25/10/2024;
bvqpYqB9185z;3000001093;5513;8;ntd.quynh;VND;Dài h?n;7;11/12/2023;05/12/2058;11/12/2023;11/12/2023;
LG9ncS2mSsFa;3000001105;5513;8;ntd.quynh;VND;Dài h?n;6,7;14/11/2024;05/01/2039;14/11/2024;14/11/2024;
vtuEwxAd6IvA;3000001105;5513;8;ntd.quynh;VND;Dài h?n;7;10/01/2024;05/01/2039;10/01/2024;10/01/2024;
YtPQ3T3TYllh;3000001145;5558;8;ntd.quynh;VND;Dài h?n;6;18/04/2025;27/03/2045;18/04/2025;18/04/2025;
3zBxXyTCwmBT;3000001145;5508;8;ntd.quynh;VND;Dài h?n;6,7;11/09/2024;26/08/2052;11/09/2024;11/09/2024;
OdZzCgIUCfoX;3000001145;5584;8;ntd.quynh;VND;Trung h?n;6,5;03/10/2025;03/10/2030;03/10/2025;03/10/2025;
jeUhobVQrDrB;3000001159;8609;8;ntd.quynh;VND;Ng?n h?n;7;22/10/2025;22/04/2026;22/10/2025;22/10/2025;
zzzFBmq1oBqi;3000001159;8609;8;ntd.quynh;VND;Ng?n h?n;5,5;15/10/2025;15/04/2026;15/10/2025;15/10/2025;
oYxE5B00Fqe4;3000001159;8609;8;ntd.quynh;VND;Ng?n h?n;7;20/11/2025;20/05/2026;20/11/2025;20/11/2025;
iz1wbjA7mHiP;3000001159;8609;8;ntd.quynh;VND;Ng?n h?n;7;31/10/2025;30/04/2026;31/10/2025;31/10/2025;
HSQE4XfdSEjG;3000001159;8609;8;ntd.quynh;VND;Ng?n h?n;7;19/11/2025;19/05/2026;19/11/2025;19/11/2025;
PGEXndhUipct;3000001159;8609;8;ntd.quynh;VND;Ng?n h?n;7;27/10/2025;27/04/2026;27/10/2025;27/10/2025;
MvG00bKS4BzV;3000001191;5513;8;ntd.quynh;VND;Dài h?n;6,7;01/11/2024;05/12/2058;01/11/2024;01/11/2024;
tnRlWTXtPO2G;3000001191;5513;8;ntd.quynh;VND;Dài h?n;7;05/12/2023;05/12/2058;05/12/2023;05/12/2023;
PgzwcIrRc5lB;3000001201;5513;8;ntd.quynh;VND;Dài h?n;6,7;25/10/2024;05/12/2058;25/10/2024;25/10/2024;
jGEq9MSBD38J;3000001227;5513;8;ntd.quynh;VND;Dài h?n;7;11/12/2023;05/08/2037;11/12/2023;11/12/2023;
o8pADN984bHn;3000001232;5513;8;ntd.quynh;VND;Dài h?n;7;18/12/2023;05/12/2039;18/12/2023;18/12/2023;
ll4QPMCbD21f;3000001232;5513;8;ntd.quynh;VND;Dài h?n;6,7;11/12/2024;05/12/2039;11/12/2024;11/12/2024;
rs1FVPFru0Lj;3000001268;5513;8;ntd.quynh;VND;Dài h?n;7;11/12/2023;05/12/2058;11/12/2023;11/12/2023;
kXFIMDXyZpwF;3000001268;5513;8;ntd.quynh;VND;Dài h?n;6,7;06/11/2024;05/12/2058;06/11/2024;06/11/2024;
UBPgi7tQQyGc;3000001335;5513;8;ntd.quynh;VND;Dài h?n;6;17/12/2024;25/03/2042;17/12/2024;17/12/2024;
FTeKTpk2knrO;3000001342;5513;8;ntd.quynh;VND;Dài h?n;6,7;05/03/2024;05/02/2059;05/03/2024;05/03/2024;
antz0LCLLWCs;3000001354;5508;8;ntd.quynh;VND;Dài h?n;6,5;04/04/2024;04/04/2044;04/04/2024;04/04/2024;
BvFD2zzt2cZE;3000001354;5508;8;ntd.quynh;VND;Dài h?n;6,5;09/04/2024;11/04/2044;09/04/2024;09/04/2024;
oqWhCvUGrtCo;3000001354;5508;8;ntd.quynh;VND;Dài h?n;6,5;28/03/2024;28/03/2044;29/03/2024;29/03/2024;
aTmRi0Yhaowo;3000001359;5513;8;ntd.quynh;VND;Dài h?n;6,7;22/08/2024;22/08/2059;22/08/2024;22/08/2024;
ojBeJgTQzGYM;3000001366;5513;8;ntd.quynh;VND;Dài h?n;6;29/03/2024;25/03/2049;29/03/2024;29/03/2024;
2V7DWsmtr1HM;3000001366;5513;8;ntd.quynh;VND;Dài h?n;6;13/05/2024;26/04/2049;13/05/2024;13/05/2024;
2Do75Db7YiiO;3000001366;5513;8;ntd.quynh;VND;Dài h?n;6;13/05/2024;26/04/2049;13/05/2024;13/05/2024;
HYBCrOIBG8Ch;3000001366;5513;8;ntd.quynh;VND;Dài h?n;6;13/05/2024;26/04/2049;13/05/2024;13/05/2024;
h8dCrED9QcpF;3000001366;5513;8;ntd.quynh;VND;Dài h?n;6;29/03/2024;25/03/2049;29/03/2024;29/03/2024;
0CW6TUixNKIu;3000001411;5513;8;ntd.quynh;VND;Dài h?n;6,7;29/05/2024;29/05/2054;29/05/2024;29/05/2024;
8Chig1xk579i;3000001411;5513;8;ntd.quynh;VND;Dài h?n;6,7;11/10/2024;29/05/2054;11/10/2024;11/10/2024;
GT8RCMl0GDDR;3000001412;5513;8;ntd.quynh;VND;Dài h?n;6,7;07/10/2024;25/06/2059;07/10/2024;07/10/2024;
rKxOWeWOaB8N;3000001412;5513;8;ntd.quynh;VND;Dài h?n;6,7;25/06/2024;25/06/2059;25/06/2024;25/06/2024;
aHkp8jqvkGoD;3000001419;5513;8;ntd.quynh;VND;Dài h?n;6,7;06/06/2024;06/06/2039;06/06/2024;06/06/2024;
rHEHKtoEtEt3;3000001419;5513;8;ntd.quynh;VND;Dài h?n;6,7;11/10/2024;06/06/2039;11/10/2024;11/10/2024;
XlowurBQrhCq;3000001431;5513;8;ntd.quynh;VND;Dài h?n;6,7;11/10/2024;18/06/2059;11/10/2024;11/10/2024;
PXSs2FlKUXLr;3000001431;5513;8;ntd.quynh;VND;Dài h?n;6,7;18/06/2024;18/06/2059;18/06/2024;18/06/2024;
v3bVEp2PrpTb;3000001434;5513;8;ntd.quynh;VND;Dài h?n;6,7;27/06/2024;27/06/2059;27/06/2024;27/06/2024;
GuLMyXAjW5cl;3000001434;5513;8;ntd.quynh;VND;Dài h?n;6,5;17/10/2024;27/06/2059;17/10/2024;17/10/2024;
SRvtkcv32vX5;3000001473;5513;8;ntd.quynh;VND;Dài h?n;6,7;09/10/2024;08/08/2059;09/10/2024;09/10/2024;
Ho1j5R0BccF8;3000001474;5513;8;ntd.quynh;VND;Dài h?n;6;21/10/2024;06/09/2049;21/10/2024;21/10/2024;
Megb5Kjoq7po;3000001499;5513;8;ntd.quynh;VND;Dài h?n;6,7;11/10/2024;27/08/2055;11/10/2024;11/10/2024;
DfcgE4OfJTC3;3000001499;5513;8;ntd.quynh;VND;Dài h?n;6,7;27/08/2024;27/08/2055;27/08/2024;27/08/2024;
DzrPDbtmlg9U;3000001518;5513;8;ntd.quynh;VND;Dài h?n;6,5;06/11/2025;28/10/2041;06/11/2025;06/11/2025;
MrQop68RPfsO;3000001533;5513;8;ntd.quynh;VND;Dài h?n;6,7;01/10/2024;02/10/2056;01/10/2024;01/10/2024;
qoemjYBBrAex;3000001564;5513;8;ntd.quynh;VND;Dài h?n;6,5;06/11/2024;07/11/2050;06/11/2024;06/11/2024;
qggVDeLMoNpB;3000001564;5513;8;ntd.quynh;VND;Dài h?n;6,5;11/11/2024;07/11/2050;11/11/2024;11/11/2024;
Q8KWDQg8i1Af;3000001579;5513;8;ntd.quynh;VND;Dài h?n;6,7;10/12/2024;06/12/2044;10/12/2024;10/12/2024;
3DEV6g7Y2r5C;3000001678;5513;8;ntd.quynh;VND;Dài h?n;7;27/08/2025;26/08/2038;27/08/2025;27/08/2025;
2iThkAGQwUek;3000001685;5513;8;ntd.quynh;VND;Dài h?n;6,7;10/09/2025;10/09/2060;10/09/2025;10/09/2025;
pW3AQB8IHQqw;3000001742;5508;8;ntd.quynh;VND;Dài h?n;6;30/08/2024;10/08/2044;30/08/2024;30/08/2024;
oISEAiF4umAI;3000001758;5508;8;ntd.quynh;VND;Dài h?n;6,5;07/03/2025;07/03/2050;07/03/2025;07/03/2025;
qEceI29Omo5u;3000001758;5508;8;ntd.quynh;VND;Dài h?n;6,5;07/03/2025;07/03/2045;07/03/2025;07/03/2025;
dMobw0hfGaxL;3000001758;5558;8;ntd.quynh;VND;Dài h?n;6,5;19/03/2025;20/03/2045;19/03/2025;19/03/2025;
me3AwqF7ifA6;3000000022;5513;8;phuonghhm;VND;Dài h?n;6,7;09/10/2024;20/07/2044;09/10/2024;09/10/2024;
BIs4vIIEipFv;3000000022;5513;8;phuonghhm;VND;Dài h?n;6,7;31/07/2024;20/07/2044;31/07/2024;31/07/2024;
jXUCKZKZ1MIa;3000000053;5558;8;phuonghhm;VND;Dài h?n;4,9;26/09/2024;26/09/2039;26/09/2024;26/09/2024;
uESih1dER1sI;3000000053;5508;8;phuonghhm;VND;Dài h?n;4,4;25/05/2021;25/05/2040;25/05/2021;25/05/2021;
5sBHcUkWUC3z;3000000053;5513;8;phuonghhm;VND;Dài h?n;4,4;04/12/2019;05/10/2037;04/12/2019;04/12/2019;
DMXolhUZbAyg;3000000060;5537;8;phuonghhm;VND;Dài h?n;4,4;07/04/2022;07/04/2032;07/04/2022;07/04/2022;
ATyuiR4Wd6z1;3000000062;5558;8;phuonghhm;VND;Dài h?n;4,9;11/03/2025;27/02/2045;11/03/2025;11/03/2025;
fHSHJAEMbwXs;3000000069;5513;8;phuonghhm;VND;Dài h?n;6,7;21/05/2024;20/05/2036;21/05/2024;21/05/2024;
HY68iFNJgRkD;3000000069;5513;8;phuonghhm;VND;Dài h?n;6,7;05/07/2024;05/07/2034;05/07/2024;05/07/2024;
PBeBJ6G5WMyg;3000000069;5513;8;phuonghhm;VND;Dài h?n;6,7;14/10/2024;20/05/2036;14/10/2024;14/10/2024;
u2bkJGq8knbC;3000000070;5558;8;phuonghhm;VND;Dài h?n;6;29/08/2024;29/08/2034;29/08/2024;29/08/2024;
XeVcPdRtDm2U;3000000076;5537;8;phuonghhm;VND;Dài h?n;5;16/07/2021;16/07/2031;16/07/2021;16/07/2021;
81mWkSQ58DN4;3000000076;5513;8;phuonghhm;VND;Dài h?n;4,9;27/11/2023;25/06/2040;27/11/2023;27/11/2023;
2V12aZcBCOvB;3000000076;5513;8;phuonghhm;VND;Dài h?n;5;09/02/2018;09/02/2038;09/02/2018;09/02/2018;
NaIOSXYbIPxF;3000000084;5558;8;phuonghhm;VND;Dài h?n;6,7;07/05/2024;25/04/2044;07/05/2024;07/05/2024;
9BjnV3Iza3B4;3000000141;5558;8;phuonghhm;VND;Dài h?n;4,9;30/09/2025;25/09/2035;30/09/2025;30/09/2025;
BF0w0D4FSZLn;3000000161;5508;8;phuonghhm;VND;Dài h?n;5;24/12/2020;24/12/2040;24/12/2020;24/12/2020;
6N9vBSLjk1oD;3000000206;5513;8;phuonghhm;VND;Dài h?n;6,7;15/10/2024;15/10/2059;15/10/2024;15/10/2024;
YmtL8I1AZM8f;3000000218;5513;8;phuonghhm;VND;Dài h?n;6,7;20/11/2024;19/11/2049;20/11/2024;20/11/2024;
c25d4FFHC1tX;3000000223;5582;8;phuonghhm;VND;Dài h?n;6,5;23/01/2025;23/01/2041;23/01/2025;23/01/2025;
Sg9shJpFEiFb;3000000223;5508;8;phuonghhm;VND;Dài h?n;6,5;23/01/2025;23/01/2041;23/01/2025;23/01/2025;
hSIEbu1NRI7w;3000000237;5513;8;phuonghhm;VND;Dài h?n;6;16/10/2024;09/07/2049;16/10/2024;16/10/2024;
fq8vEdn37pAQ;3000000239;5513;8;phuonghhm;VND;Dài h?n;5,5;17/05/2019;16/05/2039;17/05/2019;17/05/2019;
wTf8idf1Y0kj;3000000279;5508;8;phuonghhm;VND;Dài h?n;5,5;22/11/2018;22/11/2038;22/11/2018;22/11/2018;
KC6XyazNCDTC;3000000279;5508;8;phuonghhm;VND;Dài h?n;5,5;24/11/2020;26/11/2040;24/11/2020;24/11/2020;
msNDREPARImb;3000000386;5508;8;phuonghhm;VND;Dài h?n;6;15/11/2024;14/11/2044;15/11/2024;15/11/2024;
1AE7QbKxjtFT;3000000499;5508;8;phuonghhm;VND;Dài h?n;6,7;06/03/2025;25/02/2050;06/03/2025;06/03/2025;
aBUyuqr3Pbou;3000000505;5513;8;phuonghhm;VND;Dài h?n;4,9;15/11/2023;16/11/2048;15/11/2023;15/11/2023;
30dPCw7W7MOA;3000000517;5508;8;phuonghhm;VND;Dài h?n;6;04/10/2024;05/10/2054;04/10/2024;04/10/2024;
14SfdQLZD7Ge;3000000533;5508;8;phuonghhm;VND;Dài h?n;4,9;28/11/2019;28/11/2039;28/11/2019;28/11/2019;
NXKDYkPP03RY;3000000544;5508;8;phuonghhm;VND;Dài h?n;5,5;17/02/2022;17/02/2042;18/02/2022;18/02/2022;
qaevnKktLHKO;3000000546;5558;8;phuonghhm;VND;Dài h?n;6,7;25/11/2024;25/11/2044;25/11/2024;25/11/2024;
Nqn9hQ8tkawj;3000000546;5508;8;phuonghhm;VND;Dài h?n;6,7;05/12/2024;05/12/2044;05/12/2024;05/12/2024;
M1v1bGyksDwi;3000000555;5513;8;phuonghhm;VND;Dài h?n;6;16/10/2024;06/09/2049;16/10/2024;16/10/2024;
vlBNlafPluFb;3000000564;5508;8;phuonghhm;VND;Dài h?n;6,7;15/03/2024;15/03/2044;15/03/2024;15/03/2024;
tg8VWLa2AWQO;3000000574;5513;8;phuonghhm;VND;Dài h?n;7;12/01/2024;10/01/2059;12/01/2024;12/01/2024;
tvmFjMXBu82A;3000000574;5513;8;phuonghhm;VND;Dài h?n;6,7;25/10/2024;06/01/2059;25/10/2024;25/10/2024;
DEHSVSB4YLaT;3000000609;5513;8;phuonghhm;VND;Dài h?n;6,5;03/06/2025;03/06/2050;03/06/2025;03/06/2025;
cobEHZL0R0Xt;3000000613;5513;8;phuonghhm;VND;Dài h?n;5,5;06/12/2021;06/12/2041;06/12/2021;06/12/2021;
HRmBBBpWQDro;3000000613;5513;8;phuonghhm;VND;Dài h?n;5,5;06/12/2021;06/12/2041;06/12/2021;06/12/2021;
eq5zhLLjCTUY;3000000622;5508;8;phuonghhm;VND;Dài h?n;4,9;11/10/2023;25/09/2058;11/10/2023;11/10/2023;
MpE1rvKIqAgQ;3000000632;5508;8;phuonghhm;VND;Dài h?n;4,9;04/12/2024;25/11/2059;04/12/2024;04/12/2024;
4yANZXIqdKtz;3000000652;5508;8;phuonghhm;VND;Dài h?n;11;28/05/2019;30/05/2039;28/05/2019;28/05/2019;
jvwpawdquW3W;3000000675;5513;8;phuonghhm;VND;Dài h?n;6;22/05/2024;22/05/2042;22/05/2024;22/05/2024;
33fV3rqWoCx6;3000000676;5513;8;phuonghhm;VND;Dài h?n;11;29/10/2024;25/03/2044;29/10/2024;29/10/2024;
WrWIb7vxYJWE;3000000676;5513;8;phuonghhm;VND;Dài h?n;11;10/04/2024;25/03/2044;10/04/2024;10/04/2024;
Hga2Ozcv45fP;3000000731;5501;8;phuonghhm;VND;Trung h?n;6,7;04/05/2024;04/05/2029;04/05/2024;04/05/2024;
8FySmaYURTyG;3000000744;5508;8;phuonghhm;VND;Dài h?n;5,5;12/06/2020;12/06/2040;12/06/2020;12/06/2020;
WBBP0nc41yYP;3000000744;5558;8;phuonghhm;VND;Dài h?n;4,9;03/11/2025;25/10/2045;03/11/2025;03/11/2025;
BEC9ncx1H1cM;3000000789;5508;8;phuonghhm;VND;Dài h?n;11;16/10/2019;14/10/2039;16/10/2019;16/10/2019;
vHjX2lEN5bhR;3000000815;5513;8;phuonghhm;VND;Dài h?n;7;11/12/2023;06/12/2049;11/12/2023;11/12/2023;
nehNiE4W91g1;3000000815;5513;8;phuonghhm;VND;Dài h?n;6,7;18/12/2024;06/12/2049;18/12/2024;18/12/2024;
AbVJdVLi6Z1K;3000000824;5513;8;phuonghhm;VND;Dài h?n;6,7;05/07/2024;07/07/2059;05/07/2024;05/07/2024;
5wy2KGsxU9PV;3000000824;5513;8;phuonghhm;VND;Dài h?n;6,7;03/10/2024;07/07/2059;03/10/2024;03/10/2024;
K9Wr5Gnw1pli;3000000858;5513;8;phuonghhm;VND;Dài h?n;6,5;31/07/2025;26/07/2045;31/07/2025;31/07/2025;
B9DpuBOpHWXA;3000000867;5508;8;phuonghhm;VND;Dài h?n;11;15/04/2022;15/04/2042;15/04/2022;15/04/2022;
GrTbzqaXf0cF;3000000867;5508;8;phuonghhm;VND;Dài h?n;11;25/09/2020;25/09/2040;25/09/2020;25/09/2020;
9quU2ZSdsL7a;3000000893;5508;8;phuonghhm;VND;Dài h?n;5,5;20/01/2022;10/01/2042;20/01/2022;20/01/2022;
m8sAJ86H9Yef;3000000906;5508;8;phuonghhm;VND;Dài h?n;6,7;19/07/2024;10/07/2059;19/07/2024;19/07/2024;
2SRpiQfAGWn4;3000000967;5513;8;phuonghhm;VND;Dài h?n;6,7;28/07/2025;10/07/2045;28/07/2025;28/07/2025;
0uh9tmFuODoQ;3000000981;5508;8;phuonghhm;VND;Dài h?n;6;17/06/2025;06/06/2050;17/06/2025;17/06/2025;
Zx33FzFSml7F;3000000985;5513;8;phuonghhm;VND;Dài h?n;6,7;19/06/2025;19/06/2043;19/06/2025;19/06/2025;
cEjKDS4v8RVi;3000000999;5508;8;phuonghhm;VND;Dài h?n;4,9;10/06/2024;10/06/2059;10/06/2024;10/06/2024;
Gr2DksahmeEi;3000000999;5508;8;phuonghhm;VND;Dài h?n;4,9;28/04/2025;26/04/2060;28/04/2025;28/04/2025;
DbSGe1IRBWoY;3000001026;5513;8;phuonghhm;VND;Dài h?n;6,7;07/10/2024;20/05/2049;07/10/2024;07/10/2024;
0wvkvLPS9SUC;3000001026;5513;8;phuonghhm;VND;Dài h?n;6,7;22/05/2024;20/05/2049;22/05/2024;22/05/2024;
VCGXXHUsWYLg;3000001046;5513;8;phuonghhm;VND;Dài h?n;6,7;13/06/2024;12/06/2059;13/06/2024;13/06/2024;
5z1OasBCkA5J;3000001046;5513;8;phuonghhm;VND;Dài h?n;6,7;09/10/2024;12/06/2059;09/10/2024;09/10/2024;
h6D3LSqbfEsA;3000001056;5513;8;phuonghhm;VND;Dài h?n;11;07/10/2022;07/10/2047;07/10/2022;07/10/2022;
Kplw4J9w37w9;3000001056;5513;8;phuonghhm;VND;Dài h?n;11;20/10/2022;07/10/2047;20/10/2022;20/10/2022;
cw39ZKOaqVCT;3000001056;5513;8;phuonghhm;VND;Dài h?n;11;07/10/2022;07/10/2047;07/10/2022;07/10/2022;
v5PepkgfdrKd;3000001056;5513;8;phuonghhm;VND;Dài h?n;11;19/10/2022;07/10/2047;19/10/2022;19/10/2022;
nLko3kSxJGvO;3000001058;5513;8;phuonghhm;VND;Dài h?n;6,7;09/08/2024;27/07/2054;09/08/2024;09/08/2024;
2d7IyjgpQ0ss;3000001058;5513;8;phuonghhm;VND;Dài h?n;6,7;19/08/2025;18/08/2055;19/08/2025;19/08/2025;
NrYhVUcoewoZ;3000001071;5513;8;phuonghhm;VND;Dài h?n;6;26/04/2024;28/04/2042;26/04/2024;26/04/2024;
5wmocMSYiWly;3000001075;5555;8;phuonghhm;VND;Dài h?n;9;20/12/2022;20/12/2039;20/12/2022;20/12/2022;
XyPmIg0EuNNG;3000001082;5513;8;phuonghhm;VND;Dài h?n;6,7;18/09/2024;18/09/2034;18/09/2024;18/09/2024;
I2nZJ0OLNqju;3000001082;5513;8;phuonghhm;VND;Dài h?n;6,7;03/10/2024;18/09/2034;03/10/2024;03/10/2024;
L0ISFKfIVz2K;3000001134;5513;8;phuonghhm;VND;Dài h?n;7;24/01/2024;23/01/2042;24/01/2024;24/01/2024;
OVP0fVuewxYH;3000001149;5513;8;phuonghhm;VND;Dài h?n;11;29/09/2023;25/01/2057;29/09/2023;29/09/2023;
hvCza1wOCeli;3000001218;5513;8;phuonghhm;VND;Dài h?n;7;11/12/2023;05/12/2058;11/12/2023;11/12/2023;
BYbh1rGmFgCp;3000001218;5513;8;phuonghhm;VND;Dài h?n;6,7;20/12/2024;05/12/2058;20/12/2024;20/12/2024;
AbLVab1iPkXB;3000001225;5513;8;phuonghhm;VND;Dài h?n;6,7;02/12/2024;04/12/2058;02/12/2024;02/12/2024;
kDKKIcujZtLA;3000001225;5513;8;phuonghhm;VND;Dài h?n;7;05/12/2023;04/12/2058;05/12/2023;05/12/2023;
WcaMoEXyF4iw;3000001266;5513;8;phuonghhm;VND;Dài h?n;6,7;06/12/2024;05/12/2040;06/12/2024;06/12/2024;
xhjdQ8BcwmyX;3000001266;5513;8;phuonghhm;VND;Dài h?n;7;12/12/2023;05/12/2040;12/12/2023;12/12/2023;
RpHYMCccRHUU;3000001298;5513;8;phuonghhm;VND;Dài h?n;7;12/01/2024;12/01/2056;12/01/2024;12/01/2024;
YGjtjb40Aoqk;3000001298;5513;8;phuonghhm;VND;Dài h?n;6,7;17/12/2024;05/01/2056;17/12/2024;17/12/2024;
slqVtLXkERsW;3000001355;5508;8;phuonghhm;VND;Dài h?n;6,7;22/03/2024;22/03/2044;22/03/2024;22/03/2024;
RSc7iihHBnK7;3000001364;5508;8;phuonghhm;VND;Dài h?n;6,7;29/03/2024;27/03/2034;29/03/2024;29/03/2024;
pQTAO4DR49G1;3000001380;5513;8;phuonghhm;VND;Dài h?n;6,7;08/10/2024;09/05/2034;08/10/2024;08/10/2024;
ggO6MLKDrkHg;3000001380;5513;8;phuonghhm;VND;Dài h?n;6,7;09/05/2024;09/05/2034;09/05/2024;09/05/2024;
NV9Msxft9ly9;3000001381;5513;8;phuonghhm;VND;Dài h?n;6,7;08/10/2024;09/05/2034;08/10/2024;08/10/2024;
8QD56qXDxJDa;3000001381;5513;8;phuonghhm;VND;Dài h?n;6,7;09/05/2024;09/05/2034;09/05/2024;09/05/2024;
LyWEdAi8HI3L;3000001383;5513;8;phuonghhm;VND;Dài h?n;6,7;03/10/2024;19/05/2059;03/10/2024;03/10/2024;
DNq211NFLAMz;3000001383;5513;8;phuonghhm;VND;Dài h?n;6,7;17/05/2024;19/05/2059;17/05/2024;17/05/2024;
nQiuyIj9rBsL;3000001400;8609;8;phuonghhm;VND;Ng?n h?n;7;06/11/2025;06/05/2026;06/11/2025;06/11/2025;
JacOmo8U01BC;3000001400;8609;8;phuonghhm;VND;Ng?n h?n;6,8;07/11/2025;07/05/2026;07/11/2025;07/11/2025;
sTEXBST09KdH;3000001400;8609;8;phuonghhm;VND;Ng?n h?n;7,3;26/11/2025;26/05/2026;26/11/2025;26/11/2025;
4H134GaAJiVa;3000001402;5513;8;phuonghhm;VND;Dài h?n;6,7;02/10/2024;30/05/2059;02/10/2024;02/10/2024;
8DNZVfSH0zL7;3000001402;5513;8;phuonghhm;VND;Dài h?n;6,7;30/05/2024;30/05/2059;30/05/2024;30/05/2024;
fJEsz82laCQU;3000001405;5513;8;phuonghhm;VND;Dài h?n;6,7;11/06/2024;11/06/2049;11/06/2024;11/06/2024;
p8YMlQxD3rKr;3000001405;5513;8;phuonghhm;VND;Dài h?n;6,7;09/10/2024;11/06/2049;09/10/2024;09/10/2024;
xz5pgvY2VKLY;3000001427;5558;8;phuonghhm;VND;Dài h?n;6,7;20/06/2024;20/06/2044;20/06/2024;20/06/2024;
MYRZzdiq1FD0;3000001427;5508;8;phuonghhm;VND;Dài h?n;6,5;23/07/2024;23/07/2040;23/07/2024;23/07/2024;
mdVg8QbGvnFO;3000001432;5513;8;phuonghhm;VND;Dài h?n;6,7;19/06/2024;05/06/2034;19/06/2024;19/06/2024;
eWt59WpsF3ov;3000001433;5508;8;phuonghhm;VND;Dài h?n;6;26/06/2024;26/06/2056;26/06/2024;26/06/2024;
CHEmw2MILvjG;3000001435;5513;8;phuonghhm;VND;Dài h?n;6,7;09/07/2024;09/07/2054;09/07/2024;09/07/2024;
81XjjydgUk0Q;3000001435;5513;8;phuonghhm;VND;Dài h?n;6,7;07/10/2024;09/07/2054;07/10/2024;07/10/2024;
vKNgbZ8H2yuk;3000001446;5513;8;phuonghhm;VND;Dài h?n;6,7;08/07/2024;08/07/2054;08/07/2024;08/07/2024;
Kxr3SxjCLNp7;3000001446;5513;8;phuonghhm;VND;Dài h?n;6,7;07/10/2024;08/07/2054;07/10/2024;07/10/2024;
XkIy3gS3BQ0y;3000001449;5508;8;phuonghhm;VND;Dài h?n;4,9;16/06/2025;16/06/2060;16/06/2025;16/06/2025;
TU2LLd5cRXF1;3000001451;5513;8;phuonghhm;VND;Dài h?n;6,7;12/08/2024;14/08/2051;12/08/2024;12/08/2024;
psJxnswPSG08;3000001451;5513;8;phuonghhm;VND;Dài h?n;6,3;13/02/2025;14/08/2051;13/02/2025;13/02/2025;
gVAgEKbodZz6;3000001467;5513;8;phuonghhm;VND;Dài h?n;6,7;24/07/2024;20/07/2044;24/07/2024;24/07/2024;
H4HUEHqWcsK3;3000001467;5513;8;phuonghhm;VND;Dài h?n;6,7;10/10/2024;20/07/2044;10/10/2024;10/10/2024;
diQwgpa6fHaY;3000001469;5513;8;phuonghhm;VND;Dài h?n;6,7;23/07/2024;23/07/2059;23/07/2024;23/07/2024;
G4xhtHKgtt44;3000001469;5513;8;phuonghhm;VND;Dài h?n;6,7;02/10/2024;23/07/2059;02/10/2024;02/10/2024;
7o2Q7HZpPyqT;3000001471;5513;8;phuonghhm;VND;Dài h?n;6,7;25/07/2024;25/07/2059;25/07/2024;25/07/2024;
6LsKgo7mkErh;3000001471;5513;8;phuonghhm;VND;Dài h?n;6,7;25/07/2024;25/07/2059;25/07/2024;25/07/2024;
sEM0CuBQ08fO;3000001495;5513;8;phuonghhm;VND;Dài h?n;6,7;27/08/2024;20/08/2054;27/08/2024;27/08/2024;
BBZT4O9CLRy0;3000001495;5513;8;phuonghhm;VND;Dài h?n;6,5;07/11/2024;20/08/2054;07/11/2024;07/11/2024;
BYZSM8AI7TpQ;3000001506;5513;8;phuonghhm;VND;Dài h?n;6,7;09/09/2024;09/09/2042;09/09/2024;09/09/2024;
6dkNFjpeiUaB;3000001515;5513;8;phuonghhm;VND;Dài h?n;6,7;30/09/2024;22/09/2059;30/09/2024;30/09/2024;
Jbni4bvyw7UI;3000001515;5513;8;phuonghhm;VND;Dài h?n;6,7;14/10/2024;22/09/2059;14/10/2024;14/10/2024;
ayhc3I28zPbC;3000001519;5513;8;phuonghhm;VND;Dài h?n;6,7;03/10/2024;20/09/2049;03/10/2024;03/10/2024;
NMd7CuqjFnfc;3000001519;5513;8;phuonghhm;VND;Dài h?n;6,7;19/09/2024;20/09/2049;19/09/2024;19/09/2024;
Cvl3BgS8EkxT;3000001529;5513;8;phuonghhm;VND;Dài h?n;6,5;23/10/2024;20/10/2049;23/10/2024;23/10/2024;
l70MXAHb07N3;3000001529;5513;8;phuonghhm;VND;Dài h?n;6,5;06/11/2024;20/10/2049;06/11/2024;06/11/2024;
cVFBCQJauy4E;3000001548;5513;8;phuonghhm;VND;Dài h?n;6;18/11/2024;18/11/2049;18/11/2024;18/11/2024;
mQZu0C8fQo12;3000001570;5508;8;phuonghhm;VND;Dài h?n;6,7;20/11/2024;20/11/2054;20/11/2024;20/11/2024;
fXyZrs9yQZhr;3000001586;5513;8;phuonghhm;VND;Dài h?n;6,5;06/12/2024;08/12/2059;06/12/2024;06/12/2024;
znLZqcoH7pfu;3000001604;5513;8;phuonghhm;VND;Dài h?n;7;19/09/2025;19/09/2040;19/09/2025;19/09/2025;
PBk0zHjqP053;3000001618;5508;8;phuonghhm;VND;Dài h?n;6,7;05/03/2025;07/03/2050;05/03/2025;05/03/2025;
MAuiAJxMLTfu;3000001631;5513;8;phuonghhm;VND;Dài h?n;6,7;28/03/2025;20/03/2045;28/03/2025;28/03/2025;
tN6AQRCqVSMo;3000001672;8615;8;phuonghhm;VND;Ng?n h?n;6,2;11/08/2025;11/02/2026;11/08/2025;11/08/2025;
CbSfzsTBL2I6;3000001693;5513;8;phuonghhm;VND;Dài h?n;7,3;15/10/2025;13/10/2045;15/10/2025;15/10/2025;
WTkWOwf1jXJ9;3000001724;5513;8;phuonghhm;VND;Dài h?n;6,7;26/06/2024;22/06/2054;26/06/2024;26/06/2024;
Bxh2Nz06EoNt;3000001724;5513;8;phuonghhm;VND;Dài h?n;6,7;08/10/2024;22/06/2054;08/10/2024;08/10/2024;
xYZ6MBVfRBG8;3000001726;5508;8;phuonghhm;VND;Dài h?n;5;06/01/2022;25/12/2041;06/01/2022;06/01/2022;
VxQXeLr4KwC2;3000001726;5508;8;phuonghhm;VND;Dài h?n;5;29/04/2022;25/04/2042;29/04/2022;29/04/2022;
ur4RgDzVHupp;3000001735;5513;8;phuonghhm;VND;Dài h?n;7;11/12/2023;06/12/2055;11/12/2023;11/12/2023;
vtdNTOCAPcYe;3000001746;5508;8;phuonghhm;VND;Dài h?n;4,9;23/05/2024;05/05/2059;23/05/2024;23/05/2024;
Dxt76rZSHKkq;3000001753;5508;8;phuonghhm;VND;Dài h?n;4,9;17/04/2024;18/04/2044;17/04/2024;17/04/2024;
GiumKpD9aHox;3000001753;5508;8;phuonghhm;VND;Dài h?n;4,9;20/01/2025;20/01/2045;20/01/2025;20/01/2025;
hCmUrgfYmXdU;3000001757;5513;8;phuonghhm;VND;Dài h?n;5,5;28/12/2018;28/12/2038;28/12/2018;28/12/2018;
B6WZo2nnVUQJ;3000001757;5508;8;phuonghhm;VND;Dài h?n;5,5;18/10/2018;12/10/2038;18/10/2018;18/10/2018;
lUUC6boWtzFD;3000001757;5513;8;phuonghhm;VND;Dài h?n;5,5;03/01/2020;03/12/2038;03/01/2020;03/01/2020;
TuuwVdpBr11e;3000000331;8001;5;phuongnk4;USD;Ng?n h?n;5,3;04/07/2025;06/04/2026;04/07/2025;04/07/2025;
XrC49Gi1lpMe;3000000331;8000;5;phuongnk4;VND;Ng?n h?n;6,6;27/08/2025;27/05/2026;27/08/2025;27/08/2025;
5wKxzEIJcor2;3000000331;8001;5;phuongnk4;USD;Ng?n h?n;5;10/09/2025;10/06/2026;10/09/2025;10/09/2025;
407qv4o6PzQp;3000000331;8001;5;phuongnk4;USD;Ng?n h?n;5;15/10/2025;15/07/2026;15/10/2025;15/10/2025;
tfihaacgC2tv;3000000331;8001;5;phuongnk4;USD;Ng?n h?n;5,3;10/04/2025;12/01/2026;10/04/2025;10/04/2025;
XAqpOCpglTGJ;3000000331;8001;5;phuongnk4;USD;Ng?n h?n;5,3;29/05/2025;02/03/2026;29/05/2025;29/05/2025;
8YB4ge1lVPiA;3000000331;8001;5;phuongnk4;USD;Ng?n h?n;5;08/10/2025;08/07/2026;08/10/2025;08/10/2025;
EN1mvgrwEXXj;3000000331;8001;5;phuongnk4;USD;Ng?n h?n;5;06/11/2025;06/08/2026;06/11/2025;06/11/2025;
rruPcE0vtJWP;3000000331;8001;5;phuongnk4;USD;Ng?n h?n;5,3;25/03/2025;25/12/2025;25/03/2025;25/03/2025;
AXJtGQHrykHi;3000000331;8001;5;phuongnk4;USD;Ng?n h?n;5;16/07/2025;16/04/2026;16/07/2025;16/07/2025;
hvXwxqpPQGNV;3000000331;8000;5;phuongnk4;VND;Ng?n h?n;6,6;25/09/2025;25/06/2026;25/09/2025;25/09/2025;
KIbbGQTcqNfw;3000000331;8001;5;phuongnk4;USD;Ng?n h?n;5,3;11/04/2025;12/01/2026;11/04/2025;11/04/2025;
EdjZmdHVCPqD;3000000331;8001;5;phuongnk4;USD;Ng?n h?n;5,3;14/05/2025;16/02/2026;14/05/2025;14/05/2025;
2THOUFs8gYZ5;3000000331;8001;5;phuongnk4;USD;Ng?n h?n;5,3;17/06/2025;17/03/2026;17/06/2025;17/06/2025;
einGUmmcBFBG;3000000331;8001;5;phuongnk4;USD;Ng?n h?n;5;22/08/2025;23/03/2026;22/08/2025;22/08/2025;
x1t8vmwKVfQw;3000000331;8000;5;phuongnk4;VND;Ng?n h?n;6,6;16/09/2025;16/06/2026;16/09/2025;16/09/2025;
gQh2hsTZ5a9v;3000000331;8001;5;phuongnk4;USD;Ng?n h?n;5;06/08/2025;06/05/2026;06/08/2025;06/08/2025;
prNWE0UrOXf2;3000000331;8001;5;phuongnk4;USD;Ng?n h?n;5;22/08/2025;22/05/2026;22/08/2025;22/08/2025;
7W1ME7FnF6Bt;3000000331;8000;5;phuongnk4;VND;Ng?n h?n;6,6;28/08/2025;28/05/2026;28/08/2025;28/08/2025;
i4LtivOxcX3Q;3000000331;8001;5;phuongnk4;USD;Ng?n h?n;5;09/10/2025;09/07/2026;09/10/2025;09/10/2025;
fFF44KZNbDBr;3000000331;8001;5;phuongnk4;USD;Ng?n h?n;5,3;18/04/2025;19/01/2026;18/04/2025;18/04/2025;
WJjklvdJUYS1;3000000331;8001;5;phuongnk4;USD;Ng?n h?n;5,3;27/05/2025;29/12/2025;27/05/2025;27/05/2025;
CKxgHeSEvAjZ;3000000331;8001;5;phuongnk4;USD;Ng?n h?n;5,3;11/06/2025;11/03/2026;11/06/2025;11/06/2025;
LsyaiPyD4EBa;3000000331;8001;5;phuongnk4;USD;Ng?n h?n;5,3;27/06/2025;27/01/2026;27/06/2025;27/06/2025;
EnNgQZbyLOFE;3000000331;8001;5;phuongnk4;USD;Ng?n h?n;5;26/08/2025;26/05/2026;26/08/2025;26/08/2025;
OR06MJrNEj8P;3000000331;8000;5;phuongnk4;VND;Ng?n h?n;6,6;27/08/2025;27/05/2026;27/08/2025;27/08/2025;
dTuKkExTYITX;3000000331;8001;5;phuongnk4;USD;Ng?n h?n;5;16/09/2025;16/06/2026;16/09/2025;16/09/2025;
rwthCxij9Pb7;3000000331;8001;5;phuongnk4;USD;Ng?n h?n;5;08/10/2025;08/05/2026;08/10/2025;08/10/2025;
JeHzBDoVBZy9;3000000331;8001;5;phuongnk4;USD;Ng?n h?n;5,3;22/04/2025;22/01/2026;22/04/2025;22/04/2025;
frezzsY8UY6c;3000000331;8001;5;phuongnk4;USD;Ng?n h?n;5,3;28/04/2025;28/01/2026;28/04/2025;28/04/2025;
8deFXQyYnoJc;3000000331;8001;5;phuongnk4;USD;Ng?n h?n;5,3;04/06/2025;04/03/2026;04/06/2025;04/06/2025;
UC59Er9h0thF;3000000375;8001;5;phuongnk4;USD;Ng?n h?n;3,5;11/11/2025;11/05/2026;11/11/2025;11/11/2025;
U1NZfGyTTpgQ;3000000375;8001;5;phuongnk4;USD;Ng?n h?n;3,8;14/11/2025;14/05/2026;14/11/2025;14/11/2025;
Itc2tS7GCZD9;3000000375;8001;5;phuongnk4;USD;Ng?n h?n;3,5;10/11/2025;11/05/2026;10/11/2025;10/11/2025;
b6afHo8oymSq;3000000375;8001;5;phuongnk4;USD;Ng?n h?n;3,5;06/11/2025;06/05/2026;06/11/2025;06/11/2025;
DpUWkcZY8B7h;3000000438;8000;5;phuongnk4;VND;Ng?n h?n;6,6;28/11/2025;28/04/2026;28/11/2025;28/11/2025;
NJOOfQdOh3pr;3000000438;8000;5;phuongnk4;VND;Ng?n h?n;5,3;23/09/2025;23/02/2026;23/09/2025;23/09/2025;
g5F05v9naLpE;3000000653;8000;5;phuongnk4;VND;Ng?n h?n;4,9;09/10/2025;09/03/2026;09/10/2025;09/10/2025;
y70qv5UwvbCc;3000000653;8000;5;phuongnk4;VND;Ng?n h?n;4,9;17/10/2025;17/03/2026;17/10/2025;17/10/2025;
Ilm9CEKVnFVO;3000000653;8000;5;phuongnk4;VND;Ng?n h?n;7,1;11/11/2025;13/04/2026;11/11/2025;11/11/2025;
6Dk7fSTC64aq;3000000653;8057;5;phuongnk4;VND;Dài h?n;7,7;19/10/2018;19/10/2026;19/10/2018;30/10/2020;
lX7bXRV6U0Y7;3000000653;8000;5;phuongnk4;VND;Ng?n h?n;4,6;26/09/2025;26/02/2026;26/09/2025;26/09/2025;
drUBQy42DI3B;3000000653;8000;5;phuongnk4;VND;Ng?n h?n;4,6;30/09/2025;02/03/2026;30/09/2025;30/09/2025;
S4JpdTYPOdoM;3000000336;8000;5;phuongntt20;VND;Ng?n h?n;4,8;08/09/2025;08/01/2026;08/09/2025;08/09/2025;
rpGYdNnRjSOt;3000000336;8000;5;phuongntt20;VND;Ng?n h?n;4,8;26/09/2025;26/01/2026;26/09/2025;26/09/2025;
WjtcQxUhyuGg;3000000336;8000;5;phuongntt20;VND;Ng?n h?n;5,9;28/10/2025;02/03/2026;28/10/2025;28/10/2025;
z8ka3NDO1PqD;3000000336;8000;5;phuongntt20;VND;Ng?n h?n;4,7;28/08/2025;29/12/2025;28/08/2025;28/08/2025;
s8oXUbaK3YNY;3000000336;8001;5;phuongntt20;USD;Ng?n h?n;3,9;09/10/2025;09/02/2026;09/10/2025;09/10/2025;
vagBbYDzHLO9;3000000336;8000;5;phuongntt20;VND;Ng?n h?n;4,7;04/09/2025;05/01/2026;04/09/2025;04/09/2025;
INNnN8aOgxS5;3000000336;8000;5;phuongntt20;VND;Ng?n h?n;4,7;21/08/2025;22/12/2025;21/08/2025;21/08/2025;
udsbPozOMUQd;3000000336;8000;5;phuongntt20;VND;Ng?n h?n;5,9;06/11/2025;06/05/2026;06/11/2025;06/11/2025;
So3sK5bpb6xO;3000000336;8000;5;phuongntt20;VND;Ng?n h?n;4,7;05/09/2025;05/01/2026;05/09/2025;05/09/2025;
DMXvPmG4iYLR;3000000336;8000;5;phuongntt20;VND;Ng?n h?n;5,9;27/10/2025;27/02/2026;27/10/2025;27/10/2025;
8XbP3ijJdYlM;3000000336;8000;5;phuongntt20;VND;Ng?n h?n;5,9;30/10/2025;02/03/2026;30/10/2025;30/10/2025;
H0KAQAOoEqoc;3000000336;8000;5;phuongntt20;VND;Ng?n h?n;5;06/10/2025;06/02/2026;06/10/2025;06/10/2025;
4QE7TBDVz6Dg;3000000344;9805;5;phuongntt20;USD;Ng?n h?n;4;25/11/2025;24/01/2026;25/11/2025;25/11/2025;
kHi4l0vzXeUj;3000000344;9805;5;phuongntt20;USD;Ng?n h?n;4;17/11/2025;16/01/2026;17/11/2025;17/11/2025;
rYTdgb8UGzB1;3000000344;9805;5;phuongntt20;USD;Ng?n h?n;4;24/11/2025;23/01/2026;24/11/2025;24/11/2025;
H4bt7SEf8rMI;3000000344;9805;5;phuongntt20;USD;Ng?n h?n;4;24/11/2025;23/01/2026;24/11/2025;24/11/2025;
m2OhoRnEQ4hY;3000000344;9805;5;phuongntt20;USD;Ng?n h?n;4;07/11/2025;06/01/2026;07/11/2025;07/11/2025;
lbxu5x3ipcfX;3000000344;8001;5;phuongntt20;USD;Ng?n h?n;4,5;14/10/2025;16/02/2026;14/10/2025;14/10/2025;
gdJu6H8rMbb8;3000000344;8001;5;phuongntt20;USD;Ng?n h?n;4,5;06/11/2025;06/03/2026;06/11/2025;06/11/2025;
7upj45pDMAq6;3000000344;8001;5;phuongntt20;USD;Ng?n h?n;4,5;06/10/2025;06/02/2026;06/10/2025;06/10/2025;
3uopdBdYMDdO;3000000344;8001;5;phuongntt20;USD;Ng?n h?n;4,5;24/09/2025;26/01/2026;24/09/2025;24/09/2025;
fHKIfyz3X2mI;3000000344;8001;5;phuongntt20;USD;Ng?n h?n;4,5;29/09/2025;29/01/2026;29/09/2025;29/09/2025;
0702nWxKGwUa;3000000344;8001;5;phuongntt20;USD;Ng?n h?n;4,5;26/09/2025;26/01/2026;26/09/2025;26/09/2025;
aUxi9V1Gw6TA;3000000344;8001;5;phuongntt20;USD;Ng?n h?n;4,5;08/10/2025;09/02/2026;08/10/2025;08/10/2025;
7CSX7MMjTE1j;3000000344;8001;5;phuongntt20;USD;Ng?n h?n;4,5;01/10/2025;02/02/2026;01/10/2025;01/10/2025;
I807DztjMdXw;3000000344;8001;5;phuongntt20;USD;Ng?n h?n;4,5;10/10/2025;10/02/2026;10/10/2025;10/10/2025;
CuosAHRIPzRH;3000000344;8001;5;phuongntt20;USD;Ng?n h?n;4,5;25/11/2025;25/03/2026;25/11/2025;25/11/2025;
YW7O00pBjod6;3000000324;8000;5;phuongtnm;VND;Ng?n h?n;4,5;04/07/2025;05/01/2026;04/07/2025;04/07/2025;
ygr72pqEwriv;3000000324;8000;5;phuongtnm;VND;Ng?n h?n;4,5;10/07/2025;12/01/2026;10/07/2025;10/07/2025;
A1VggUjr5h7F;3000000324;8001;5;phuongtnm;USD;Ng?n h?n;4,5;13/08/2025;13/02/2026;13/08/2025;13/08/2025;
jJ7jX71oMDFY;3000000324;8001;5;phuongtnm;USD;Ng?n h?n;4,5;03/09/2025;03/03/2026;03/09/2025;03/09/2025;
UXSh6BKgIKAq;3000000324;8001;5;phuongtnm;USD;Ng?n h?n;4,5;15/09/2025;16/03/2026;15/09/2025;15/09/2025;
5mmMGuSSuYZr;3000000324;8001;5;phuongtnm;USD;Ng?n h?n;4,5;26/09/2025;26/03/2026;26/09/2025;26/09/2025;
SdTZcPuoComa;3000000324;8000;5;phuongtnm;VND;Ng?n h?n;4,5;26/08/2025;26/02/2026;26/08/2025;26/08/2025;
oWp0ZFtgZze0;3000000324;8000;5;phuongtnm;VND;Ng?n h?n;4,5;05/09/2025;05/03/2026;05/09/2025;05/09/2025;
3wBRPSgfgHtD;3000000324;8001;5;phuongtnm;USD;Ng?n h?n;4,5;13/10/2025;25/02/2026;13/10/2025;13/10/2025;
YpZfRsJxvICI;3000000324;8001;5;phuongtnm;USD;Ng?n h?n;4,5;30/10/2025;30/04/2026;30/10/2025;30/10/2025;
gP5h7PuLpyCC;3000000324;8000;5;phuongtnm;VND;Ng?n h?n;4,5;27/06/2025;29/12/2025;27/06/2025;27/06/2025;
J4IpEk6df0ZH;3000000324;8000;5;phuongtnm;VND;Ng?n h?n;4,5;08/08/2025;09/02/2026;08/08/2025;08/08/2025;
yimQ2ZdlrX8q;3000000324;8001;5;phuongtnm;USD;Ng?n h?n;4,5;26/08/2025;26/02/2026;26/08/2025;26/08/2025;
lXTtJOpCBGKl;3000000324;8000;5;phuongtnm;VND;Ng?n h?n;4,5;28/08/2025;02/03/2026;28/08/2025;28/08/2025;
vxMYqpCkBZI2;3000000324;8001;5;phuongtnm;USD;Ng?n h?n;4,5;03/10/2025;03/04/2026;03/10/2025;03/10/2025;
8UiAaVTce9yr;3000000324;8001;5;phuongtnm;USD;Ng?n h?n;4,5;15/10/2025;15/04/2026;15/10/2025;15/10/2025;
IiFCagQJGjJY;3000000324;8001;5;phuongtnm;USD;Ng?n h?n;4,5;06/11/2025;06/05/2026;06/11/2025;06/11/2025;
DC7dob0rR8MH;3000000324;8001;5;phuongtnm;USD;Ng?n h?n;4,5;25/11/2025;09/04/2026;25/11/2025;25/11/2025;
YcNHZrQnUkCs;3000000324;8001;5;phuongtnm;USD;Ng?n h?n;4,5;25/11/2025;25/05/2026;25/11/2025;25/11/2025;
FmG0rEKuLArD;3000000324;8001;5;phuongtnm;USD;Ng?n h?n;4,5;28/11/2025;28/05/2026;28/11/2025;28/11/2025;
yecxL7N8HgVd;3000000324;8000;5;phuongtnm;VND;Ng?n h?n;4,5;13/06/2025;15/12/2025;13/06/2025;13/06/2025;
rTXFiXwDcVBE;3000000324;8000;5;phuongtnm;VND;Ng?n h?n;4,5;19/06/2025;19/12/2025;19/06/2025;19/06/2025;
zRL2t9Q7zcZv;3000000324;8000;5;phuongtnm;VND;Ng?n h?n;4,5;30/06/2025;30/12/2025;30/06/2025;30/06/2025;
JFUfhT6FRIuZ;3000000324;8000;5;phuongtnm;VND;Ng?n h?n;4,5;05/08/2025;05/02/2026;05/08/2025;05/08/2025;
kB4nIUVAMc9g;3000000324;8001;5;phuongtnm;USD;Ng?n h?n;4,5;20/08/2025;20/02/2026;20/08/2025;20/08/2025;
KGVZGkB9n4nh;3000000324;8000;5;phuongtnm;VND;Ng?n h?n;4,5;29/05/2025;01/12/2025;29/05/2025;29/05/2025;
2zQBAMXLD7jQ;3000000324;8000;5;phuongtnm;VND;Ng?n h?n;4,5;05/06/2025;05/12/2025;05/06/2025;05/06/2025;
z7zYh75EGusG;3000000324;8000;5;phuongtnm;VND;Ng?n h?n;4,5;16/06/2025;16/12/2025;16/06/2025;16/06/2025;
8drpdUKuw7XW;3000000324;8000;5;phuongtnm;VND;Ng?n h?n;4,5;15/07/2025;15/01/2026;15/07/2025;15/07/2025;
ry5v3c7x6Cgw;3000000324;8000;5;phuongtnm;VND;Ng?n h?n;4,5;17/07/2025;19/01/2026;17/07/2025;17/07/2025;
JHQaNaNe58qW;3000000324;8000;5;phuongtnm;VND;Ng?n h?n;4,5;28/08/2025;02/03/2026;28/08/2025;28/08/2025;
d4yGH8Y01mON;3000000324;8001;5;phuongtnm;USD;Ng?n h?n;4,5;09/09/2025;09/03/2026;09/09/2025;09/09/2025;
HDeMglbDTYSC;3000000324;8000;5;phuongtnm;VND;Ng?n h?n;4,6;13/10/2025;13/04/2026;13/10/2025;13/10/2025;
qlgiNCjynduA;3000000324;8001;5;phuongtnm;USD;Ng?n h?n;4,5;21/10/2025;21/04/2026;21/10/2025;21/10/2025;
824kKi7uFl9M;3000000324;8001;5;phuongtnm;USD;Ng?n h?n;4,5;21/11/2025;06/04/2026;21/11/2025;21/11/2025;
sRoPjzaWWtOa;3000000324;8001;5;phuongtnm;USD;Ng?n h?n;4,5;28/11/2025;02/03/2026;28/11/2025;28/11/2025;
2BQP0aTy3gTt;3000000324;8000;5;phuongtnm;VND;Ng?n h?n;4,5;26/06/2025;26/12/2025;26/06/2025;26/06/2025;
zBjWub3fMZRe;3000000324;8001;5;phuongtnm;USD;Ng?n h?n;4,5;25/08/2025;09/01/2026;25/08/2025;25/08/2025;
5N4vdaXTw1Xf;3000000324;8001;5;phuongtnm;USD;Ng?n h?n;4,5;03/10/2025;05/01/2026;03/10/2025;03/10/2025;
yjco52TXjFUb;3000000324;8001;5;phuongtnm;USD;Ng?n h?n;4,5;04/11/2025;04/05/2026;04/11/2025;04/11/2025;
uESRLCYk9aHy;3000000324;8000;5;phuongtnm;VND;Ng?n h?n;4,5;05/08/2025;05/02/2026;05/08/2025;05/08/2025;
abKl73aj3vVk;3000000324;8000;5;phuongtnm;VND;Ng?n h?n;4,5;06/08/2025;06/02/2026;06/08/2025;06/08/2025;
E1aScQh8Bwyx;3000000324;8000;5;phuongtnm;VND;Ng?n h?n;4,5;28/08/2025;02/03/2026;28/08/2025;28/08/2025;
YbW4pwfT74XM;3000000324;8001;5;phuongtnm;USD;Ng?n h?n;4,5;18/11/2025;18/05/2026;18/11/2025;18/11/2025;
kh8P71Q5sqfl;3000000324;8000;5;phuongtnm;VND;Ng?n h?n;4,5;25/07/2025;26/01/2026;25/07/2025;25/07/2025;
GRNV5fvUMDMI;3000000324;8000;5;phuongtnm;VND;Ng?n h?n;4,5;06/08/2025;06/02/2026;06/08/2025;06/08/2025;
UQAH5QhF6UNw;3000000324;8001;5;phuongtnm;USD;Ng?n h?n;4,5;04/09/2025;04/03/2026;04/09/2025;04/09/2025;
SYxPEnu6tAlI;3000000324;8000;5;phuongtnm;VND;Ng?n h?n;4,5;06/06/2025;08/12/2025;06/06/2025;06/06/2025;
t2HRlPSBVPyw;3000000324;8000;5;phuongtnm;VND;Ng?n h?n;4,5;07/07/2025;07/01/2026;07/07/2025;07/07/2025;
XMFeSwbIZUV1;3000000324;8000;5;phuongtnm;VND;Ng?n h?n;4,5;23/07/2025;23/01/2026;23/07/2025;23/07/2025;
eX9vXF4rq70I;3000000324;8001;5;phuongtnm;USD;Ng?n h?n;4,5;24/07/2025;26/01/2026;24/07/2025;24/07/2025;
F9s90mk4oJxH;3000000324;8000;5;phuongtnm;VND;Ng?n h?n;4,5;15/08/2025;16/02/2026;15/08/2025;15/08/2025;
zPsPyumWtHUf;3000000324;8000;5;phuongtnm;VND;Ng?n h?n;4,5;25/08/2025;25/02/2026;25/08/2025;25/08/2025;
J79zIEwwtHjA;3000000324;8001;5;phuongtnm;USD;Ng?n h?n;4,5;15/10/2025;15/04/2026;15/10/2025;15/10/2025;
sSxyN5qpzeju;3000000324;8000;5;phuongtnm;VND;Ng?n h?n;4,7;20/10/2025;20/04/2026;20/10/2025;20/10/2025;
feBlzolzC5F8;3000000324;8001;5;phuongtnm;USD;Ng?n h?n;4,5;28/11/2025;28/05/2026;28/11/2025;28/11/2025;
EGKUGgmbZT0L;3000000324;8000;5;phuongtnm;VND;Ng?n h?n;4,5;14/07/2025;14/01/2026;14/07/2025;14/07/2025;
YX7mLtEvDdRQ;3000000324;8000;5;phuongtnm;VND;Ng?n h?n;4,5;13/08/2025;13/02/2026;13/08/2025;13/08/2025;
TQ8L4ozf208S;3000000324;8001;5;phuongtnm;USD;Ng?n h?n;4,5;10/09/2025;10/03/2026;10/09/2025;10/09/2025;
AMmh3heXsMxV;3000000324;8001;5;phuongtnm;USD;Ng?n h?n;4,5;18/09/2025;18/03/2026;18/09/2025;18/09/2025;
DeXgC8Rr7jch;3000000324;8001;5;phuongtnm;USD;Ng?n h?n;4,5;23/09/2025;23/03/2026;23/09/2025;23/09/2025;
oolA3ASOCZZf;3000000324;8001;5;phuongtnm;USD;Ng?n h?n;4,5;15/10/2025;15/01/2026;15/10/2025;15/10/2025;
2SsGkPOCYzgi;3000000324;8001;5;phuongtnm;USD;Ng?n h?n;4,5;20/11/2025;20/05/2026;20/11/2025;20/11/2025;
38B8TL6vVxY6;3000000349;8000;5;phuongtnm;VND;Ng?n h?n;5,2;22/09/2025;18/12/2025;22/09/2025;22/09/2025;
cGwXGIL1flsX;3000000349;8000;5;phuongtnm;VND;Ng?n h?n;5,2;04/09/2025;02/12/2025;04/09/2025;04/09/2025;
H1Xbv6o23PdR;3000000349;8000;5;phuongtnm;VND;Ng?n h?n;5;07/10/2025;02/01/2026;07/10/2025;07/10/2025;
WQg5bTiSRHtg;3000000349;8000;5;phuongtnm;VND;Ng?n h?n;5,5;16/10/2025;13/01/2026;16/10/2025;16/10/2025;
ogJwAOkZczWI;3000000349;8000;5;phuongtnm;VND;Ng?n h?n;5,2;11/09/2025;09/12/2025;11/09/2025;11/09/2025;
aCeFtxt6sYdR;3000000349;8000;5;phuongtnm;VND;Ng?n h?n;5,2;16/09/2025;15/12/2025;16/09/2025;16/09/2025;
F4GxK0XwDWSQ;3000000349;8000;5;phuongtnm;VND;Ng?n h?n;5,2;08/09/2025;04/12/2025;08/09/2025;08/09/2025;
uHSi7Kf9kGgM;3000000425;9805;5;phuongtnm;USD;Ng?n h?n;4,3;29/10/2025;28/12/2025;29/10/2025;29/10/2025;
nXpmMSob6HoM;3000000425;8000;5;phuongtnm;VND;Ng?n h?n;5,1;15/10/2025;15/04/2026;15/10/2025;15/10/2025;
ULewOr20xFyo;3000000425;8000;5;phuongtnm;VND;Ng?n h?n;6,1;06/11/2025;06/05/2026;06/11/2025;06/11/2025;
vRUje4XJfk6a;3000000425;8000;5;phuongtnm;VND;Ng?n h?n;5,1;03/09/2025;03/03/2026;03/09/2025;03/09/2025;
LNAlTQU8B3vL;3000000425;8000;5;phuongtnm;VND;Ng?n h?n;5,1;12/09/2025;12/03/2026;12/09/2025;12/09/2025;
J2FcpIzehd7V;3000000425;8000;5;phuongtnm;VND;Ng?n h?n;6,1;28/10/2025;28/04/2026;28/10/2025;28/10/2025;
DncU5jkzVvlq;3000000425;8000;5;phuongtnm;VND;Ng?n h?n;6,1;28/10/2025;28/04/2026;28/10/2025;28/10/2025;
dBO3YE5ZVs5n;3000000425;8000;5;phuongtnm;VND;Ng?n h?n;6,1;30/10/2025;30/04/2026;30/10/2025;30/10/2025;
J6OYVTUVXMLP;3000000425;8000;5;phuongtnm;VND;Ng?n h?n;6,1;05/11/2025;05/05/2026;05/11/2025;05/11/2025;
KfhAhfhPBcXk;3000000425;8000;5;phuongtnm;VND;Ng?n h?n;5,1;09/09/2025;09/03/2026;09/09/2025;09/09/2025;
0aXnBxBLDrgQ;3000000425;8000;5;phuongtnm;VND;Ng?n h?n;5,1;17/10/2025;17/04/2026;17/10/2025;17/10/2025;
HQ1J7hpv2mWp;3000000425;8000;5;phuongtnm;VND;Ng?n h?n;5,1;28/08/2025;02/03/2026;28/08/2025;28/08/2025;
S2xSkrO4Gdst;3000000425;8000;5;phuongtnm;VND;Ng?n h?n;5,1;05/09/2025;05/03/2026;05/09/2025;05/09/2025;
LmH9jtGAluPj;3000000425;8000;5;phuongtnm;VND;Ng?n h?n;5,1;26/08/2025;26/02/2026;26/08/2025;26/08/2025;
9MCvECELdemL;3000000425;8000;5;phuongtnm;VND;Ng?n h?n;5,1;07/10/2025;07/04/2026;07/10/2025;07/10/2025;
XSyFqs5uy1sX;3000000425;8000;5;phuongtnm;VND;Ng?n h?n;6,1;23/10/2025;23/04/2026;23/10/2025;23/10/2025;
BrzXZVWuDs7O;3000000425;8000;5;phuongtnm;VND;Ng?n h?n;5,1;04/09/2025;04/03/2026;04/09/2025;04/09/2025;
69AU1NJe8rfV;3000000425;8000;5;phuongtnm;VND;Ng?n h?n;5,1;13/10/2025;13/04/2026;13/10/2025;13/10/2025;
CwCtX7YIaGKm;3000000425;8000;5;phuongtnm;VND;Ng?n h?n;6,1;29/10/2025;29/04/2026;29/10/2025;29/10/2025;
Qft3KEAuWlWN;3000000425;8000;5;phuongtnm;VND;Ng?n h?n;6,1;11/11/2025;11/05/2026;11/11/2025;11/11/2025;
ylms9qP71pOQ;3000000425;8000;5;phuongtnm;VND;Ng?n h?n;5,1;29/08/2025;02/03/2026;29/08/2025;29/08/2025;
NkitVjelHMkF;3000000425;8000;5;phuongtnm;VND;Ng?n h?n;5,1;08/10/2025;08/04/2026;08/10/2025;08/10/2025;
Vh52wOpdgCJq;3000000425;8000;5;phuongtnm;VND;Ng?n h?n;6,1;24/10/2025;24/04/2026;24/10/2025;24/10/2025;
2Y3sKf7cFu9U;3000000752;8057;5;phuongtnm;VND;Dài h?n;7,6;27/06/2019;21/06/2027;27/06/2019;30/01/2020;
VcnIQIUxq6ro;3000000916;7228;8;pm.tien;VND;Ng?n h?n;7,5;27/05/2025;06/01/2026;27/05/2025;27/05/2025;
UmI9FGKTuQrF;3000001761;7200;8;pm.tien;VND;Ng?n h?n;0,8;15/04/2025;15/04/2026;15/04/2025;15/04/2025;
CktXr1k0SUlq;3000001761;7200;8;pm.tien;VND;Ng?n h?n;0,8;04/04/2025;06/04/2026;04/04/2025;04/04/2025;
1gS73eGzzgTV;3000001761;7200;8;pm.tien;VND;Ng?n h?n;0,8;08/05/2025;08/05/2026;08/05/2025;08/05/2025;
foz4PZkwbPMJ;3000001761;7200;8;pm.tien;VND;Ng?n h?n;0,8;22/04/2025;22/04/2026;22/04/2025;22/04/2025;
Zi3nqvGeBO1t;3000001761;7200;8;pm.tien;VND;Ng?n h?n;0,8;09/04/2025;09/04/2026;09/04/2025;09/04/2025;
h1CjuTYvLTjF;3000001761;7200;8;pm.tien;VND;Ng?n h?n;0,8;07/05/2025;07/05/2026;07/05/2025;07/05/2025;
c3jzE0Wpecku;3000001761;7200;8;pm.tien;VND;Ng?n h?n;0,8;21/04/2025;21/04/2026;21/04/2025;21/04/2025;
Zz7c8VFAi1ZA;3000001761;7200;8;pm.tien;VND;Ng?n h?n;0,8;23/04/2025;23/04/2026;23/04/2025;23/04/2025;
Q6TLrbTCWy4d;3000000372;8000;7;quang.ta;VND;Ng?n h?n;7,2;10/11/2025;11/05/2026;10/11/2025;10/11/2025;
RDlVnDqJvbN4;3000000388;8000;7;quang.ta;VND;Ng?n h?n;8,7;14/11/2025;16/11/2026;14/11/2025;14/11/2025;
RRkMCCGzxOlC;3000000388;8000;7;quang.ta;VND;Ng?n h?n;7,3;27/06/2025;29/06/2026;27/06/2025;27/06/2025;
Fb6WXiZPKuAO;3000000388;8000;7;quang.ta;VND;Ng?n h?n;7,2;29/08/2025;31/08/2026;29/08/2025;29/08/2025;
tdT558I59Cs5;3000000388;8000;7;quang.ta;VND;Ng?n h?n;7,3;15/07/2025;15/07/2026;15/07/2025;15/07/2025;
gAAqIEM5CvhC;3000000388;8000;7;quang.ta;VND;Ng?n h?n;7,2;10/10/2025;12/10/2026;10/10/2025;10/10/2025;
JrdSyaYSuI5b;3000000388;8000;7;quang.ta;VND;Ng?n h?n;8,2;23/10/2025;23/10/2026;23/10/2025;23/10/2025;
A4XMXZy72Lcj;3000000388;8000;7;quang.ta;VND;Ng?n h?n;7,2;12/09/2025;14/09/2026;12/09/2025;12/09/2025;
CD5mZVqKGt0u;3000000388;8000;7;quang.ta;VND;Ng?n h?n;7,2;29/09/2025;29/09/2026;29/09/2025;29/09/2025;
xtJqk4GDox5N;3000000388;8000;7;quang.ta;VND;Ng?n h?n;7,2;14/08/2025;14/08/2026;14/08/2025;14/08/2025;
fx8pakP1uBBX;3000000388;8000;7;quang.ta;VND;Ng?n h?n;8,7;28/11/2025;30/11/2026;28/11/2025;28/11/2025;
NSZz5PT4QX4K;3000000388;8000;7;quang.ta;VND;Ng?n h?n;7,2;31/07/2025;31/07/2026;31/07/2025;31/07/2025;
r4FTaFRALcbt;3000000393;8000;7;quang.ta;VND;Ng?n h?n;7;25/07/2025;26/01/2026;25/07/2025;25/07/2025;
YKNTL0M7NSIy;3000000393;8000;7;quang.ta;VND;Ng?n h?n;7;29/07/2025;29/01/2026;29/07/2025;29/07/2025;
7czBCBP3s7Gv;3000000393;8000;7;quang.ta;VND;Ng?n h?n;8,2;20/11/2025;20/05/2026;20/11/2025;20/11/2025;
qxsCYT67rkbx;3000000393;8000;7;quang.ta;VND;Ng?n h?n;7;14/08/2025;16/02/2026;14/08/2025;14/08/2025;
5YlvYHAzhJ0T;3000000393;8000;7;quang.ta;VND;Ng?n h?n;6,8;14/10/2025;14/01/2026;14/10/2025;14/10/2025;
Xjwxv9U6ssRX;3000000393;8000;7;quang.ta;VND;Ng?n h?n;7;16/06/2025;16/12/2025;16/06/2025;16/06/2025;
fFZkqjXzczWW;3000000393;8000;7;quang.ta;VND;Ng?n h?n;7;07/07/2025;07/01/2026;07/07/2025;07/07/2025;
J4B192xQT8Dy;3000000393;8000;7;quang.ta;VND;Ng?n h?n;8,2;14/11/2025;14/05/2026;14/11/2025;14/11/2025;
7ApU8nVzueHn;3000000393;8001;7;quang.ta;USD;Ng?n h?n;5,4;20/11/2025;20/05/2026;20/11/2025;20/11/2025;
EqFsUBLULRJH;3000000393;8000;7;quang.ta;VND;Ng?n h?n;8,2;27/11/2025;27/05/2026;27/11/2025;27/11/2025;
N8SJtdi5UJqH;3000000393;8000;7;quang.ta;VND;Ng?n h?n;6,8;03/10/2025;05/01/2026;03/10/2025;03/10/2025;
R6RyftBeDcjk;3000000393;8000;7;quang.ta;VND;Ng?n h?n;7;21/10/2025;21/04/2026;21/10/2025;21/10/2025;
3h2PdiU0fX3J;3000000393;8000;7;quang.ta;VND;Ng?n h?n;7,4;23/10/2025;23/01/2026;23/10/2025;23/10/2025;
jmOPq2kpyRMa;3000000393;8000;7;quang.ta;VND;Ng?n h?n;7;08/09/2025;09/03/2026;08/09/2025;08/09/2025;
cVByP1bmNiLF;3000000393;8000;7;quang.ta;VND;Ng?n h?n;7;16/10/2025;16/04/2026;16/10/2025;16/10/2025;
GoiDNqabGfTl;3000000393;8000;7;quang.ta;VND;Ng?n h?n;7;06/08/2025;06/02/2026;06/08/2025;06/08/2025;
HX3KRKn5IX0p;3000000393;8000;7;quang.ta;VND;Ng?n h?n;7;01/10/2025;01/04/2026;01/10/2025;01/10/2025;
HWmcHK1OdBdb;3000000393;8000;7;quang.ta;VND;Ng?n h?n;7;02/10/2025;02/04/2026;02/10/2025;02/10/2025;
kdkIjdfGCA8Z;3000000393;8000;7;quang.ta;VND;Ng?n h?n;7,4;28/10/2025;28/01/2026;28/10/2025;28/10/2025;
tWoxYyH18wcZ;3000000393;8001;7;quang.ta;USD;Ng?n h?n;5,1;28/10/2025;28/04/2026;28/10/2025;28/10/2025;
hC668j6VSAhG;3000000393;8000;7;quang.ta;VND;Ng?n h?n;6,8;12/09/2025;12/12/2025;12/09/2025;12/09/2025;
QzEDzF5HooJ8;3000000393;8000;7;quang.ta;VND;Ng?n h?n;7;07/10/2025;07/04/2026;07/10/2025;07/10/2025;
dPab5VFcDTRs;3000000393;8000;7;quang.ta;VND;Ng?n h?n;7,7;06/11/2025;06/05/2026;06/11/2025;06/11/2025;
a5W4T5pXmX7V;3000000393;8000;7;quang.ta;VND;Ng?n h?n;7,4;06/11/2025;06/02/2026;06/11/2025;06/11/2025;
WOI5vpBqBYmc;3000000395;8000;7;quang.ta;VND;Ng?n h?n;7,2;28/11/2025;28/05/2026;28/11/2025;28/11/2025;
d3tk7VeccMXH;3000000395;8000;7;quang.ta;VND;Ng?n h?n;6,8;31/10/2025;30/04/2026;31/10/2025;31/10/2025;
hJnzjezC5P4g;3000000476;8000;7;quang.ta;VND;Ng?n h?n;7,2;06/11/2025;06/04/2026;06/11/2025;06/11/2025;
lkLaJKFrJLBl;3000000476;8000;7;quang.ta;VND;Ng?n h?n;6,4;11/09/2025;11/02/2026;11/09/2025;11/09/2025;
CquXSzJGLuVu;3000000476;8000;7;quang.ta;VND;Ng?n h?n;6,4;03/10/2025;03/03/2026;03/10/2025;03/10/2025;
Nz2Y0B2PIbAY;3000000476;8000;7;quang.ta;VND;Ng?n h?n;7,2;31/10/2025;31/03/2026;31/10/2025;31/10/2025;
gqaktvIMgaBn;3000000929;8000;7;quang.ta;VND;Ng?n h?n;7,7;06/11/2025;06/05/2026;06/11/2025;06/11/2025;
m6fYbFkRcfo2;3000000929;8000;7;quang.ta;VND;Ng?n h?n;7,5;05/09/2025;05/03/2026;05/09/2025;05/09/2025;
Gweu0DpBIt5T;3000000929;8000;7;quang.ta;VND;Ng?n h?n;7,5;05/08/2025;05/02/2026;05/08/2025;05/08/2025;
FyEWxpLrBILc;3000001557;8065;7;quang.ta;VND;Trung h?n;12,5;30/10/2024;30/10/2029;30/10/2024;30/10/2024;
VKFqp8UaK7kI;3000000008;5508;18;quynh.nn;VND;Dài h?n;4,9;20/10/2023;20/02/2042;20/10/2023;20/10/2023;
Q8wVzBvUYGXf;3000000013;5508;18;quynh.nn;VND;Dài h?n;5,5;02/11/2016;03/11/2036;02/11/2016;;
ybO5CYtjnMqs;3000000036;5513;18;quynh.nn;VND;Dài h?n;4,9;11/10/2023;25/09/2053;11/10/2023;11/10/2023;
RXMgiLe0QxGN;3000000039;5508;18;quynh.nn;VND;Dài h?n;11;30/03/2016;31/03/2031;30/03/2016;;
pDyxhuQE321n;3000000046;8721;18;quynh.nn;VND;Dài h?n;11;22/05/2019;22/05/2034;22/05/2019;22/05/2019;
ExPrFgFqrG8T;3000000048;5558;18;quynh.nn;VND;Dài h?n;4,9;27/03/2023;25/03/2033;27/03/2023;27/03/2023;
EhwFtAK56BSE;3000000050;5558;18;quynh.nn;VND;Dài h?n;5;28/12/2020;30/12/2030;28/12/2020;28/12/2020;
B75qegm3Wb3h;3000000055;5508;18;quynh.nn;VND;Dài h?n;4,9;21/12/2023;21/12/2043;21/12/2023;21/12/2023;
ShMHnydtYEfD;3000000073;5513;18;quynh.nn;VND;Dài h?n;5,5;21/12/2021;23/12/2041;21/12/2021;21/12/2021;
D6GDzMvgMaxd;3000000082;5508;18;quynh.nn;VND;Dài h?n;5,5;22/06/2021;24/06/2041;23/06/2021;23/06/2021;
2BDxFwqCr3pp;3000000082;5508;18;quynh.nn;VND;Dài h?n;5,5;15/01/2018;15/01/2038;15/01/2018;15/01/2018;
9zfd2HolzkuK;3000000184;5584;18;quynh.nn;VND;Trung h?n;4,9;11/07/2025;11/07/2030;11/07/2025;11/07/2025;
aSn1Zp5ba9od;3000000188;5513;18;quynh.nn;VND;Dài h?n;7;11/12/2023;12/12/2033;11/12/2023;11/12/2023;
6B62bq0EvgMj;3000000208;7200;18;quynh.nn;VND;Ng?n h?n;1,9;10/07/2025;05/01/2026;10/07/2025;10/07/2025;
1ZejVF2ilKbt;3000000208;7200;18;quynh.nn;VND;Ng?n h?n;2,7;28/10/2025;27/04/2026;28/10/2025;28/10/2025;
AsyXDKQVN2U8;3000000234;5508;18;quynh.nn;VND;Dài h?n;5,5;04/11/2021;25/10/2041;04/11/2021;04/11/2021;
lvt3T7yT7Ynp;3000000248;5518;18;quynh.nn;VND;Dài h?n;4,9;28/08/2025;25/08/2045;28/08/2025;28/08/2025;
4iEfrwNGslQY;3000000271;5508;18;quynh.nn;VND;Dài h?n;5,5;22/06/2021;24/06/2041;22/06/2021;22/06/2021;
YC5onJiMGfux;3000000292;7200;18;quynh.nn;VND;Ng?n h?n;1,9;28/07/2025;20/01/2026;28/07/2025;28/07/2025;
8XXtpYMOhZUl;3000000364;5518;18;quynh.nn;VND;Dài h?n;11;15/03/2019;15/03/2039;15/03/2019;15/03/2019;
K4qCHDOW72Wh;3000000383;5508;18;quynh.nn;VND;Dài h?n;6,7;04/06/2025;04/06/2035;04/06/2025;04/06/2025;
rSmemzADMwz0;3000000416;5584;18;quynh.nn;VND;Trung h?n;4,9;11/08/2025;25/07/2030;12/08/2025;12/08/2025;
pHuwkzkrn76O;3000000448;8000;18;quynh.nn;VND;Ng?n h?n;6,9;08/10/2025;09/02/2026;08/10/2025;08/10/2025;
qcQr5WwgBPH4;3000000448;8000;18;quynh.nn;VND;Ng?n h?n;8,4;25/11/2025;25/03/2026;25/11/2025;25/11/2025;
Y8plTEbJXt1T;3000000448;8000;18;quynh.nn;VND;Ng?n h?n;6,9;29/08/2025;29/12/2025;29/08/2025;29/08/2025;
seRSojgprZGB;3000000448;8000;18;quynh.nn;VND;Ng?n h?n;6,9;29/09/2025;29/01/2026;29/09/2025;29/09/2025;
QzDW6MSsQJ07;3000000448;8000;18;quynh.nn;VND;Ng?n h?n;8,4;12/11/2025;12/03/2026;12/11/2025;12/11/2025;
WGggzKozYSYZ;3000000456;7215;18;quynh.nn;VND;Ng?n h?n;7;09/07/2025;12/12/2025;09/07/2025;09/07/2025;
IwqfcSH20hIM;3000000460;8000;18;quynh.nn;VND;Ng?n h?n;7,5;14/03/2025;15/12/2025;14/03/2025;14/03/2025;
UbfoqIrRRssX;3000000460;8000;18;quynh.nn;VND;Ng?n h?n;7,5;14/03/2025;15/12/2025;14/03/2025;14/03/2025;
QLhLaPmCsimM;3000000460;8000;18;quynh.nn;VND;Ng?n h?n;7,5;10/04/2025;12/01/2026;10/04/2025;10/04/2025;
VXrccfK2AmCc;3000000460;8000;18;quynh.nn;VND;Ng?n h?n;7,5;27/06/2025;27/03/2026;27/06/2025;27/06/2025;
sDS6EcII8JV8;3000000460;8000;18;quynh.nn;VND;Ng?n h?n;8,4;19/11/2025;19/05/2026;19/11/2025;19/11/2025;
xLgUCdFotvH7;3000000460;8000;18;quynh.nn;VND;Ng?n h?n;7,5;18/03/2025;18/12/2025;18/03/2025;18/03/2025;
jaEUW5xSHD5e;3000000460;8000;18;quynh.nn;VND;Ng?n h?n;7,5;27/06/2025;27/03/2026;27/06/2025;27/06/2025;
ss0BGoX02ZX1;3000000460;8000;18;quynh.nn;VND;Ng?n h?n;7,5;24/03/2025;24/12/2025;24/03/2025;24/03/2025;
4nzg66iYDRpe;3000000460;8000;18;quynh.nn;VND;Ng?n h?n;7,9;07/11/2025;07/05/2026;07/11/2025;07/11/2025;
N7Dj29BDXtKE;3000000526;7200;18;quynh.nn;VND;Ng?n h?n;1,9;15/08/2025;06/02/2026;15/08/2025;15/08/2025;
nZSMrA89WuNE;3000000535;5513;18;quynh.nn;VND;Dài h?n;11;19/07/2022;21/07/2042;19/07/2022;19/07/2022;
D3HGh1gGjKXu;3000000611;5508;18;quynh.nn;VND;Dài h?n;4,9;05/08/2025;26/07/2060;05/08/2025;05/08/2025;
SRHy8cFroXLm;3000000621;5508;18;quynh.nn;VND;Dài h?n;5,5;09/06/2021;10/06/2041;09/06/2021;09/06/2021;
BA7Yn0TXyVZH;3000000660;5513;18;quynh.nn;VND;Dài h?n;11;24/12/2019;24/12/2037;24/12/2019;24/12/2019;
7XlontBrB2g7;3000000672;5508;18;quynh.nn;VND;Dài h?n;11;13/11/2017;13/11/2037;28/06/2025;;
oiNnBuPyBVHL;3000000672;5508;18;quynh.nn;VND;Dài h?n;11;10/11/2017;10/11/2037;28/06/2025;;
o7fsreOoYojs;3000000672;5508;18;quynh.nn;VND;Dài h?n;11;10/12/2019;12/12/2039;28/06/2025;;
sAAelCeLR0Ly;3000000700;5584;18;quynh.nn;VND;Trung h?n;4,9;13/08/2025;13/08/2030;13/08/2025;13/08/2025;
gmbEl8Ar8hTz;3000000720;5508;18;quynh.nn;VND;Dài h?n;11;04/10/2022;13/06/2042;04/10/2022;04/10/2022;
WToIC3jFMf5x;3000000725;5508;18;quynh.nn;VND;Dài h?n;11;23/04/2019;25/04/2039;23/04/2019;23/04/2019;
rx9Q13cwbmz1;3000000758;5558;18;quynh.nn;VND;Dài h?n;11;09/08/2022;05/08/2032;09/08/2022;09/08/2022;
HCczYBvqgTee;3000000804;5513;18;quynh.nn;VND;Dài h?n;11;11/03/2019;11/03/2039;11/03/2019;11/03/2019;
lCQFeB9nsgFo;3000000840;5508;18;quynh.nn;VND;Dài h?n;4,9;16/04/2025;18/04/2050;16/04/2025;16/04/2025;
tLULDDe4BEos;3000000901;5508;18;quynh.nn;VND;Dài h?n;9;28/03/2024;24/09/2031;28/03/2024;28/03/2024;
fpENjf1V6Aov;3000000901;5508;18;quynh.nn;VND;Dài h?n;11;27/11/2023;24/09/2031;27/11/2023;27/11/2023;
W1gtC0cqeBUC;3000000937;5508;18;quynh.nn;VND;Dài h?n;11;04/02/2021;04/02/2041;04/02/2021;04/02/2021;
0hq59jO8BEfN;3000000938;5518;18;quynh.nn;VND;Dài h?n;11;03/03/2021;27/09/2038;03/03/2021;03/03/2021;
ihBlb1T5r6h1;3000000953;5558;18;quynh.nn;VND;Dài h?n;6,7;31/07/2025;25/07/2045;31/07/2025;31/07/2025;
AsKkTPEdtSWU;3000000956;5508;18;quynh.nn;VND;Dài h?n;11;20/10/2021;21/10/2041;20/10/2021;20/10/2021;
W7owpg05BL02;3000001007;5522;18;quynh.nn;VND;Trung h?n;6,7;26/04/2025;26/04/2030;26/04/2025;26/04/2025;
llwsL8AIZ3Mp;3000001008;8000;18;quynh.nn;VND;Ng?n h?n;6,6;26/08/2025;26/02/2026;26/08/2025;26/08/2025;
RyKTm5Pdqk4u;3000001008;8000;18;quynh.nn;VND;Ng?n h?n;6,6;05/06/2025;05/12/2025;05/06/2025;05/06/2025;
eZNnUKxI7hbF;3000001008;8000;18;quynh.nn;VND;Ng?n h?n;6,6;11/09/2025;11/03/2026;11/09/2025;11/09/2025;
QfQ4hK41jQr6;3000001008;8000;18;quynh.nn;VND;Ng?n h?n;6,6;17/09/2025;17/03/2026;17/09/2025;17/09/2025;
ad7ssYofaiIY;3000001008;8000;18;quynh.nn;VND;Ng?n h?n;6,6;09/07/2025;09/01/2026;09/07/2025;09/07/2025;
LTH4oxVoaimG;3000001008;8000;18;quynh.nn;VND;Ng?n h?n;7,9;07/11/2025;07/05/2026;07/11/2025;07/11/2025;
VSTCuuKWmBgv;3000001008;8000;18;quynh.nn;VND;Ng?n h?n;6,6;25/09/2025;25/03/2026;25/09/2025;25/09/2025;
tGSgqT3e1git;3000001008;8000;18;quynh.nn;VND;Ng?n h?n;6,6;03/09/2025;03/03/2026;03/09/2025;03/09/2025;
i2hD5gPrHhBg;3000001023;5558;18;quynh.nn;VND;Dài h?n;11;17/02/2023;17/02/2033;17/02/2023;17/02/2023;
JHnFPjH3C66T;3000001101;5518;18;quynh.nn;VND;Dài h?n;11;25/04/2023;27/04/2043;25/04/2023;25/04/2023;
oFUqIiQkC6ie;3000001102;5508;18;quynh.nn;VND;Dài h?n;10;17/04/2023;16/04/2043;18/04/2023;18/04/2023;
72CIFj4Y4u2t;3000001124;5558;18;quynh.nn;VND;Dài h?n;11;10/07/2023;07/07/2043;10/07/2023;10/07/2023;
nHbwHPLttx12;3000001290;5508;18;quynh.nn;VND;Dài h?n;7;03/01/2024;27/12/2038;03/01/2024;03/01/2024;
SXzKdCHVCbhQ;3000001399;5508;18;quynh.nn;VND;Dài h?n;6,8;22/05/2024;23/05/2044;22/05/2024;22/05/2024;
tbLQbn1rLC2h;3000001414;6200;18;quynh.nn;VND;Ng?n h?n;10,5;03/06/2025;03/06/2026;03/06/2025;03/06/2025;
6Ff7Wdo9F5jU;3000001589;8000;18;quynh.nn;VND;Ng?n h?n;7;03/07/2025;05/01/2026;03/07/2025;03/07/2025;
4BDxi8hb4M0m;3000001703;5558;18;quynh.nn;VND;Dài h?n;9;15/03/2024;15/03/2038;15/03/2024;15/03/2024;
PR7Dt7OE34h9;3000001703;5558;18;quynh.nn;VND;Dài h?n;9;15/03/2024;15/03/2038;15/03/2024;15/03/2024;
UDJCx8ZNuwKo;3000001703;5552;18;quynh.nn;VND;Dài h?n;9;15/03/2024;15/03/2038;15/03/2024;15/03/2024;
4O4PYrP1Mxyn;3000001703;5558;18;quynh.nn;VND;Dài h?n;9;15/03/2024;15/03/2038;15/03/2024;15/03/2024;
tJjq9Xwfq920;3000001703;8718;18;quynh.nn;VND;Dài h?n;10,5;23/01/2024;25/01/2038;23/01/2024;23/01/2024;
p8NGQiO33eSH;3000001734;5508;18;quynh.nn;VND;Dài h?n;6,7;11/03/2024;06/03/2056;11/03/2024;11/03/2024;
lmV8HGHTeTfl;3000001750;5508;18;quynh.nn;VND;Dài h?n;4,9;21/05/2024;21/05/2049;21/05/2024;21/05/2024;
izSnw7OLleQv;3000000470;8001;12;quynhntn12;USD;Ng?n h?n;4,7;04/09/2025;04/03/2026;04/09/2025;04/09/2025;
aCQC51ngbNSv;3000000470;8001;12;quynhntn12;USD;Ng?n h?n;4,7;08/09/2025;09/03/2026;08/09/2025;08/09/2025;
7eyyWSaKSdLv;3000000470;8001;12;quynhntn12;USD;Ng?n h?n;4,7;15/09/2025;16/03/2026;15/09/2025;15/09/2025;
zmBAwBckHYck;3000000470;8001;12;quynhntn12;USD;Ng?n h?n;4,7;23/09/2025;23/03/2026;23/09/2025;23/09/2025;
RgoaBPBCMtob;3000000470;8001;12;quynhntn12;USD;Ng?n h?n;4,7;30/09/2025;30/03/2026;30/09/2025;30/09/2025;
nzAviAUttz0x;3000000470;8001;12;quynhntn12;USD;Ng?n h?n;4,8;06/11/2025;06/05/2026;06/11/2025;06/11/2025;
rDDCZkaBb1KI;3000000470;8001;12;quynhntn12;USD;Ng?n h?n;4,8;28/11/2025;28/05/2026;28/11/2025;28/11/2025;
2rUvu99QsTAd;3000000470;8001;12;quynhntn12;USD;Ng?n h?n;4,7;26/08/2025;26/02/2026;26/08/2025;26/08/2025;
wk4EFIEAJBvv;3000000470;8001;12;quynhntn12;USD;Ng?n h?n;4,7;08/09/2025;09/03/2026;08/09/2025;08/09/2025;
RY9Cb5QsRkHi;3000000470;8001;12;quynhntn12;USD;Ng?n h?n;4,7;14/10/2025;14/04/2026;14/10/2025;14/10/2025;
loVycFzWTdn5;3000000470;8001;12;quynhntn12;USD;Ng?n h?n;4,8;12/11/2025;12/05/2026;12/11/2025;12/11/2025;
s4R2p9vNZsA1;3000000470;8001;12;quynhntn12;USD;Ng?n h?n;4,8;17/11/2025;18/05/2026;17/11/2025;17/11/2025;
wHYnDD1PJ51R;3000000470;8001;12;quynhntn12;USD;Ng?n h?n;4,8;20/11/2025;20/05/2026;20/11/2025;20/11/2025;
UehPsChyFFGj;3000000470;8001;12;quynhntn12;USD;Ng?n h?n;4,7;15/08/2025;16/02/2026;15/08/2025;15/08/2025;
ej1F2FLWYZTI;3000000470;8001;12;quynhntn12;USD;Ng?n h?n;4,7;17/09/2025;17/03/2026;17/09/2025;17/09/2025;
YCJ6OcwOEpqL;3000000470;8001;12;quynhntn12;USD;Ng?n h?n;4,8;23/10/2025;23/04/2026;23/10/2025;23/10/2025;
OLpiICbUek4u;3000000470;8001;12;quynhntn12;USD;Ng?n h?n;4,8;27/10/2025;27/04/2026;27/10/2025;27/10/2025;
c4wE5QgipVpt;3000000470;8001;12;quynhntn12;USD;Ng?n h?n;4,8;29/10/2025;29/04/2026;29/10/2025;29/10/2025;
JinadTrizeda;3000000470;8001;12;quynhntn12;USD;Ng?n h?n;4,8;18/11/2025;18/05/2026;18/11/2025;18/11/2025;
3sBDmxRb1lHm;3000000470;8001;12;quynhntn12;USD;Ng?n h?n;4,8;21/11/2025;21/05/2026;21/11/2025;21/11/2025;
DkGe87AlaOaA;3000000470;8001;12;quynhntn12;USD;Ng?n h?n;4,7;18/08/2025;18/02/2026;18/08/2025;18/08/2025;
2bFycRODllO3;3000000470;8001;12;quynhntn12;USD;Ng?n h?n;4,7;29/08/2025;02/03/2026;29/08/2025;29/08/2025;
DUFEh2In6QOD;3000000470;8001;12;quynhntn12;USD;Ng?n h?n;4,7;05/09/2025;05/03/2026;05/09/2025;05/09/2025;
P0cgIBSQz4dD;3000000470;8001;12;quynhntn12;USD;Ng?n h?n;4,7;10/09/2025;10/03/2026;10/09/2025;10/09/2025;
YxatfVehCC8t;3000000470;8001;12;quynhntn12;USD;Ng?n h?n;4,7;16/09/2025;16/03/2026;16/09/2025;16/09/2025;
EN0zalfFiZqf;3000000470;8001;12;quynhntn12;USD;Ng?n h?n;4,7;23/09/2025;23/03/2026;23/09/2025;23/09/2025;
qcDPjaA8I2DM;3000000470;8001;12;quynhntn12;USD;Ng?n h?n;4,8;03/11/2025;04/05/2026;03/11/2025;03/11/2025;
ISs4DiEDHAEB;3000000470;8001;12;quynhntn12;USD;Ng?n h?n;4,8;04/11/2025;04/05/2026;04/11/2025;04/11/2025;
VeK9HSRcbPfo;3000000470;8001;12;quynhntn12;USD;Ng?n h?n;4,8;06/11/2025;06/05/2026;06/11/2025;06/11/2025;
opDQxzQ5ZfrL;3000000470;8001;12;quynhntn12;USD;Ng?n h?n;4,8;17/11/2025;18/05/2026;17/11/2025;17/11/2025;
52vQoy1NStzo;3000000470;8001;12;quynhntn12;USD;Ng?n h?n;4,8;18/11/2025;18/05/2026;18/11/2025;18/11/2025;
awtzWxS31JEe;3000000470;8001;12;quynhntn12;USD;Ng?n h?n;4,7;22/08/2025;23/02/2026;22/08/2025;22/08/2025;
VqjPwNUYielG;3000000470;8001;12;quynhntn12;USD;Ng?n h?n;4,7;28/08/2025;02/03/2026;28/08/2025;28/08/2025;
OrvEdyMAeDfK;3000000470;8001;12;quynhntn12;USD;Ng?n h?n;4,7;28/08/2025;02/03/2026;28/08/2025;28/08/2025;
mfR8HS1kvBx6;3000000470;8001;12;quynhntn12;USD;Ng?n h?n;4,7;17/09/2025;17/03/2026;17/09/2025;17/09/2025;
BBfjDw54p4xn;3000000470;8001;12;quynhntn12;USD;Ng?n h?n;4,7;30/09/2025;30/03/2026;30/09/2025;30/09/2025;
n4cwa1OHMWwf;3000000470;8001;12;quynhntn12;USD;Ng?n h?n;4,7;15/10/2025;15/04/2026;15/10/2025;15/10/2025;
LrEGAcSlydCk;3000000470;8001;12;quynhntn12;USD;Ng?n h?n;4,8;27/10/2025;27/04/2026;27/10/2025;27/10/2025;
SHWSFiYPeCWw;3000000470;8001;12;quynhntn12;USD;Ng?n h?n;4,8;13/11/2025;13/05/2026;13/11/2025;13/11/2025;
MLGWCQPBF2Em;3000000470;8001;12;quynhntn12;USD;Ng?n h?n;4,8;24/11/2025;25/05/2026;24/11/2025;24/11/2025;
4WCUbzxcPkTk;3000000470;8001;12;quynhntn12;USD;Ng?n h?n;4,7;09/10/2025;09/04/2026;09/10/2025;09/10/2025;
qBqiOp3LFUjr;3000000470;8001;12;quynhntn12;USD;Ng?n h?n;4,7;14/10/2025;14/04/2026;14/10/2025;14/10/2025;
ZS8vsd9cEtjZ;3000000470;8001;12;quynhntn12;USD;Ng?n h?n;4,8;30/10/2025;30/04/2026;30/10/2025;30/10/2025;
McwitwPBaeLE;3000000470;8001;12;quynhntn12;USD;Ng?n h?n;4,8;14/11/2025;14/05/2026;14/11/2025;14/11/2025;
ydI2LNlsbDB3;3000000470;8001;12;quynhntn12;USD;Ng?n h?n;4,8;25/11/2025;25/05/2026;25/11/2025;25/11/2025;
CVyiQJhPC7jW;3000000470;8001;12;quynhntn12;USD;Ng?n h?n;4,8;26/11/2025;26/05/2026;26/11/2025;26/11/2025;
CGCyVG2xZVAb;3000000470;8001;12;quynhntn12;USD;Ng?n h?n;4,7;27/08/2025;27/02/2026;27/08/2025;27/08/2025;
xM1VPCCRr33I;3000000470;8001;12;quynhntn12;USD;Ng?n h?n;4,7;04/09/2025;04/03/2026;04/09/2025;04/09/2025;
etOPZsX9Oqng;3000000470;8001;12;quynhntn12;USD;Ng?n h?n;4,7;17/10/2025;17/04/2026;17/10/2025;17/10/2025;
nvQJEyFPsOTP;3000000470;8001;12;quynhntn12;USD;Ng?n h?n;4,8;22/10/2025;22/04/2026;22/10/2025;22/10/2025;
LZisLblY4EiJ;3000000470;8001;12;quynhntn12;USD;Ng?n h?n;4,8;22/10/2025;22/04/2026;22/10/2025;22/10/2025;
FDVL6fKvv64T;3000000470;8001;12;quynhntn12;USD;Ng?n h?n;4,8;29/10/2025;29/04/2026;29/10/2025;29/10/2025;
kruodzZWFA0D;3000000470;8001;12;quynhntn12;USD;Ng?n h?n;4,8;17/11/2025;18/05/2026;17/11/2025;17/11/2025;
mY3CtvclfiyX;3000000470;8001;12;quynhntn12;USD;Ng?n h?n;4,7;13/08/2025;13/02/2026;13/08/2025;13/08/2025;
IIc8OqldUhrJ;3000000470;8001;12;quynhntn12;USD;Ng?n h?n;4,7;10/09/2025;10/03/2026;10/09/2025;10/09/2025;
RElGYfbInhp5;3000000470;8001;12;quynhntn12;USD;Ng?n h?n;4,8;31/10/2025;30/04/2026;31/10/2025;31/10/2025;
sH1c1QAQmJ8r;3000000470;8001;12;quynhntn12;USD;Ng?n h?n;4,8;05/11/2025;05/05/2026;05/11/2025;05/11/2025;
LbLS6cW8LG8Y;3000000470;8001;12;quynhntn12;USD;Ng?n h?n;4,8;06/11/2025;06/05/2026;06/11/2025;06/11/2025;
xH5hQ5bNyo6B;3000000470;8001;12;quynhntn12;USD;Ng?n h?n;4,7;14/08/2025;16/02/2026;14/08/2025;14/08/2025;
S9SzYrNQCRpi;3000000470;8001;12;quynhntn12;USD;Ng?n h?n;4,8;24/10/2025;24/04/2026;24/10/2025;24/10/2025;
M9D6xsnhnoG6;3000000470;8001;12;quynhntn12;USD;Ng?n h?n;4,8;05/11/2025;05/05/2026;05/11/2025;05/11/2025;
0MZkFKxQn1gz;3000000470;8001;12;quynhntn12;USD;Ng?n h?n;4,8;17/11/2025;18/05/2026;17/11/2025;17/11/2025;
V79FMYCEzTUE;3000000470;8001;12;quynhntn12;USD;Ng?n h?n;4,8;28/11/2025;28/05/2026;28/11/2025;28/11/2025;
LaS0XxLmGVDK;3000000470;8001;12;quynhntn12;USD;Ng?n h?n;4,7;12/09/2025;12/03/2026;12/09/2025;12/09/2025;
uYkH6f2fHKcH;3000000470;8001;12;quynhntn12;USD;Ng?n h?n;4,7;15/09/2025;16/03/2026;15/09/2025;15/09/2025;
Bh5NqbGWPgqc;3000000470;8001;12;quynhntn12;USD;Ng?n h?n;4,7;25/09/2025;25/03/2026;25/09/2025;25/09/2025;
Qdy5bfL7y2BS;3000000470;8001;12;quynhntn12;USD;Ng?n h?n;4,7;29/09/2025;30/03/2026;29/09/2025;29/09/2025;
TeZq6Xl0ppYG;3000000470;8001;12;quynhntn12;USD;Ng?n h?n;4,7;30/09/2025;30/03/2026;30/09/2025;30/09/2025;
VrhJwSyM6N9H;3000000470;8001;12;quynhntn12;USD;Ng?n h?n;4,7;20/10/2025;20/04/2026;20/10/2025;20/10/2025;
a3vbXLgvXuHk;3000000470;8001;12;quynhntn12;USD;Ng?n h?n;4,8;03/11/2025;04/05/2026;03/11/2025;03/11/2025;
LXb9BfDHCGvE;3000000470;8001;12;quynhntn12;USD;Ng?n h?n;4,8;11/11/2025;11/05/2026;11/11/2025;11/11/2025;
gJvZHKuNHcBG;3000000470;8001;12;quynhntn12;USD;Ng?n h?n;4,8;25/11/2025;25/05/2026;25/11/2025;25/11/2025;
lLMOygxeiJrH;3000000477;8001;12;quynhntn12;USD;Ng?n h?n;5,15;25/06/2025;25/12/2025;25/06/2025;25/06/2025;
d4O5gY28t3ij;3000000477;8001;12;quynhntn12;USD;Ng?n h?n;5,15;15/08/2025;16/02/2026;15/08/2025;15/08/2025;
N4tzFK5idrJC;3000000477;8001;12;quynhntn12;USD;Ng?n h?n;5,15;06/06/2025;08/12/2025;06/06/2025;06/06/2025;
C3cfk21b3aGK;3000000477;8001;12;quynhntn12;USD;Ng?n h?n;5,15;23/10/2025;23/04/2026;23/10/2025;23/10/2025;
Y5yYvUmpxBhE;3000000477;8001;12;quynhntn12;USD;Ng?n h?n;5,15;03/06/2025;03/12/2025;03/06/2025;03/06/2025;
1NUKcL0cWoc4;3000000477;8001;12;quynhntn12;USD;Ng?n h?n;5,15;30/09/2025;30/03/2026;30/09/2025;30/09/2025;
vordnhfBLMAv;3000000477;8001;12;quynhntn12;USD;Ng?n h?n;5,15;28/10/2025;28/04/2026;28/10/2025;28/10/2025;
cAoNcuznad71;3000000477;8001;12;quynhntn12;USD;Ng?n h?n;5,15;29/08/2025;02/03/2026;29/08/2025;29/08/2025;
I2gNu1s8Yr3w;3000000477;8001;12;quynhntn12;USD;Ng?n h?n;5,15;23/10/2025;23/04/2026;23/10/2025;23/10/2025;
LNN0fI8WPMGs;3000000477;8001;12;quynhntn12;USD;Ng?n h?n;5,15;16/10/2025;16/04/2026;16/10/2025;16/10/2025;
zsSUM9hF8kF5;3000000399;8000;7;quynhvcn;VND;Ng?n h?n;7,5;03/07/2025;05/01/2026;03/07/2025;03/07/2025;
aAYODuObY0sA;3000000468;8000;7;quynhvcn;VND;Ng?n h?n;9;17/06/2025;17/12/2025;17/06/2025;17/06/2025;
aXUSp7YzK3Pg;3000000468;8000;7;quynhvcn;VND;Ng?n h?n;9;28/10/2025;28/04/2026;28/10/2025;28/10/2025;
dn4h0bAZ7RwT;3000000468;8000;7;quynhvcn;VND;Ng?n h?n;9;27/11/2025;27/05/2026;27/11/2025;27/11/2025;
PMfq27WtWefb;3000000468;8065;7;quynhvcn;VND;Trung h?n;12,5;22/09/2023;21/09/2028;22/09/2023;22/09/2023;
LGgSTOQfJqWs;3000000468;8000;7;quynhvcn;VND;Ng?n h?n;9;04/07/2025;05/01/2026;04/07/2025;04/07/2025;
LHMoJC0G7s7A;3000000468;8000;7;quynhvcn;VND;Ng?n h?n;9;03/09/2025;03/03/2026;03/09/2025;03/09/2025;
8PCxRsbyLmZZ;3000000468;8000;7;quynhvcn;VND;Ng?n h?n;9;18/07/2025;19/01/2026;18/07/2025;18/07/2025;
FxkMZ0EqXIeT;3000000468;8000;7;quynhvcn;VND;Ng?n h?n;9;03/06/2025;03/12/2025;03/06/2025;03/06/2025;
QE6ScFTBJRDY;3000000468;8000;7;quynhvcn;VND;Ng?n h?n;9;20/11/2025;20/05/2026;20/11/2025;20/11/2025;
Rghu3cg0BD5B;3000000468;8000;7;quynhvcn;VND;Ng?n h?n;9;27/10/2025;27/04/2026;27/10/2025;27/10/2025;
m6KY9gY871sW;3000000468;8000;7;quynhvcn;VND;Ng?n h?n;9;03/09/2025;03/03/2026;03/09/2025;03/09/2025;
urOOEW7LeA2n;3000000468;8000;7;quynhvcn;VND;Ng?n h?n;9;30/05/2025;01/12/2025;30/05/2025;30/05/2025;
UEdvaqXVHkAQ;3000000483;8000;7;quynhvcn;VND;Ng?n h?n;5,8;30/07/2025;30/01/2026;30/07/2025;30/07/2025;
G87GeUcOp7UW;3000000483;8000;7;quynhvcn;VND;Ng?n h?n;5,8;03/06/2025;03/12/2025;03/06/2025;03/06/2025;
Obq7bUtx6Ecr;3000000483;8000;7;quynhvcn;VND;Ng?n h?n;5,8;28/07/2025;28/01/2026;28/07/2025;28/07/2025;
J4PEApE9uc8Y;3000000483;8000;7;quynhvcn;VND;Ng?n h?n;5,8;01/08/2025;02/02/2026;01/08/2025;01/08/2025;
eoUugcNLkUbx;3000000483;8000;7;quynhvcn;VND;Ng?n h?n;5,8;30/05/2025;01/12/2025;30/05/2025;30/05/2025;
NkJs6yOQBeEA;3000000483;8000;7;quynhvcn;VND;Ng?n h?n;5,8;30/06/2025;30/12/2025;30/06/2025;30/06/2025;
ENZOHYruNxOv;3000000483;8000;7;quynhvcn;VND;Ng?n h?n;5,8;18/08/2025;18/02/2026;18/08/2025;18/08/2025;
zQZE4yYIA8Kn;3000000483;8000;7;quynhvcn;VND;Ng?n h?n;5,8;25/06/2025;25/12/2025;25/06/2025;25/06/2025;
iCpZ9tpYavZU;3000000483;8000;7;quynhvcn;VND;Ng?n h?n;6,7;30/10/2025;04/05/2026;30/10/2025;30/10/2025;
gaQ3GoOAJoRw;3000000483;8000;7;quynhvcn;VND;Ng?n h?n;5,8;03/07/2025;05/01/2026;03/07/2025;03/07/2025;
Xs3YOAYYDRZN;3000000483;8000;7;quynhvcn;VND;Ng?n h?n;5,8;04/08/2025;04/02/2026;04/08/2025;04/08/2025;
2W6NXqX6hJDU;3000000483;8000;7;quynhvcn;VND;Ng?n h?n;5,8;30/09/2025;30/03/2026;30/09/2025;30/09/2025;
Rz5hBzJDXFRk;3000000483;8000;7;quynhvcn;VND;Ng?n h?n;5,8;31/07/2025;02/02/2026;31/07/2025;31/07/2025;
X6wIE8LnhWwb;3000000483;8000;7;quynhvcn;VND;Ng?n h?n;5,8;11/08/2025;11/02/2026;11/08/2025;11/08/2025;
gfQJBRjYdrZD;3000000625;8000;7;quynhvcn;VND;Ng?n h?n;7,6;21/11/2025;21/05/2026;21/11/2025;21/11/2025;
yA7BsL7FkAjA;3000000625;8000;7;quynhvcn;VND;Ng?n h?n;7,6;25/11/2025;25/05/2026;25/11/2025;25/11/2025;
UQostqxOW2rz;3000000625;8000;7;quynhvcn;VND;Ng?n h?n;6,7;27/10/2025;27/04/2026;27/10/2025;27/10/2025;
W2MtJ3LaYuWE;3000000625;8000;7;quynhvcn;VND;Ng?n h?n;5,7;03/06/2025;03/12/2025;03/06/2025;03/06/2025;
2oZ3TPp6cm7r;3000000625;8000;7;quynhvcn;VND;Ng?n h?n;5,7;11/07/2025;12/01/2026;11/07/2025;11/07/2025;
TDnVjiVYmGSo;3000000625;8000;7;quynhvcn;VND;Ng?n h?n;5,7;16/07/2025;16/01/2026;16/07/2025;16/07/2025;
r6TtkFj5vQHl;3000000625;8000;7;quynhvcn;VND;Ng?n h?n;6,7;29/10/2025;29/04/2026;29/10/2025;29/10/2025;
ZathKJKoH6tc;3000000625;8000;7;quynhvcn;VND;Ng?n h?n;6,7;27/10/2025;27/04/2026;27/10/2025;27/10/2025;
kBuSH5ZMCxz5;3000000625;8000;7;quynhvcn;VND;Ng?n h?n;5,7;27/06/2025;29/12/2025;27/06/2025;27/06/2025;
yQ2cRLE8WMjB;3000000625;8000;7;quynhvcn;VND;Ng?n h?n;5,7;21/07/2025;21/01/2026;21/07/2025;21/07/2025;
W8yT4E9Ot60b;3000000625;8000;7;quynhvcn;VND;Ng?n h?n;5,7;01/08/2025;02/02/2026;01/08/2025;01/08/2025;
8wVdMmLnHt0r;3000000625;8000;7;quynhvcn;VND;Ng?n h?n;5,7;16/07/2025;16/01/2026;16/07/2025;16/07/2025;
vu4uo5DyIdES;3000000625;8000;7;quynhvcn;VND;Ng?n h?n;6,7;30/10/2025;30/04/2026;30/10/2025;30/10/2025;
6EnTzRVb2yPq;3000000625;8000;7;quynhvcn;VND;Ng?n h?n;7,6;28/11/2025;28/05/2026;28/11/2025;28/11/2025;
v7VaBFIhAjQV;3000000625;8000;7;quynhvcn;VND;Ng?n h?n;5,7;10/07/2025;12/01/2026;10/07/2025;10/07/2025;
rP0G7qVbAirC;3000000886;8057;7;quynhvcn;VND;Dài h?n;7,5;28/12/2023;25/12/2036;28/12/2023;28/11/2025;
yc5hZlILGyVC;3000000936;8000;7;quynhvcn;VND;Ng?n h?n;6,5;06/11/2025;06/02/2026;06/11/2025;06/11/2025;
CIcBjgnm9GhB;3000001032;8057;7;quynhvcn;VND;Dài h?n;7,2;25/09/2023;27/04/2034;25/09/2023;09/10/2023;
m0GyLLoMX05z;3000001032;8057;7;quynhvcn;VND;Dài h?n;7,2;25/03/2024;27/04/2034;25/03/2024;27/12/2024;
BhrlpBoKKrpH;3000001032;8057;7;quynhvcn;VND;Dài h?n;7,2;25/10/2023;27/04/2034;25/10/2023;29/11/2023;
4lBq40GlewaU;3000001032;8057;7;quynhvcn;VND;Dài h?n;7,2;19/01/2024;27/04/2034;19/01/2024;29/02/2024;
CirPLVmvGBlC;3000001032;8057;7;quynhvcn;VND;Dài h?n;7,2;20/12/2023;27/04/2034;20/12/2023;25/12/2023;
0RJcLfHw1uAu;3000001089;8000;7;quynhvcn;VND;Ng?n h?n;5,5;19/09/2025;19/01/2026;19/09/2025;19/09/2025;
lQf6AL5Nm0oz;3000001089;8000;7;quynhvcn;VND;Ng?n h?n;6,3;10/11/2025;10/03/2026;10/11/2025;10/11/2025;
MzXjdlJ1jg99;3000001089;8000;7;quynhvcn;VND;Ng?n h?n;6,3;12/11/2025;12/03/2026;12/11/2025;12/11/2025;
NEmTD3N6u7BJ;3000001089;8000;7;quynhvcn;VND;Ng?n h?n;5,5;14/08/2025;15/12/2025;14/08/2025;14/08/2025;
SI0BdMIITmMh;3000001637;8000;7;quynhvcn;VND;Ng?n h?n;5,2;12/09/2025;12/03/2026;12/09/2025;12/09/2025;
LmkjHD9C5BKT;3000001637;8000;7;quynhvcn;VND;Ng?n h?n;5,2;06/10/2025;06/04/2026;06/10/2025;06/10/2025;
0RGfACl9OfKM;3000001637;8000;7;quynhvcn;VND;Ng?n h?n;5,2;11/08/2025;11/02/2026;11/08/2025;11/08/2025;
MfsSXawDNwFJ;3000001637;8000;7;quynhvcn;VND;Ng?n h?n;5,2;16/09/2025;16/03/2026;16/09/2025;16/09/2025;
HWWSsHu2aGtB;3000001637;8000;7;quynhvcn;VND;Ng?n h?n;5,2;01/10/2025;01/04/2026;01/10/2025;01/10/2025;
7aLrdxszRwDw;3000001637;8000;7;quynhvcn;VND;Ng?n h?n;5,2;04/08/2025;04/02/2026;04/08/2025;04/08/2025;
ASHeRsuQEfRg;3000001637;8000;7;quynhvcn;VND;Ng?n h?n;5,2;08/08/2025;09/02/2026;08/08/2025;08/08/2025;
ubF1pzFonLUb;3000001637;8000;7;quynhvcn;VND;Ng?n h?n;5,2;28/08/2025;02/03/2026;28/08/2025;28/08/2025;
tXKexpD46ya5;3000001637;8000;7;quynhvcn;VND;Ng?n h?n;5,2;12/09/2025;12/03/2026;12/09/2025;12/09/2025;
pYCgolnfJvGu;3000001637;8000;7;quynhvcn;VND;Ng?n h?n;5,2;25/08/2025;25/02/2026;25/08/2025;25/08/2025;
L3GgUKIfRbEw;3000001637;8000;7;quynhvcn;VND;Ng?n h?n;5,2;09/09/2025;09/03/2026;09/09/2025;09/09/2025;
O9eVv53d1S8r;3000001637;8000;7;quynhvcn;VND;Ng?n h?n;5,2;27/08/2025;27/02/2026;27/08/2025;27/08/2025;
7IPKbRaH00m3;3000001637;8000;7;quynhvcn;VND;Ng?n h?n;5,2;08/09/2025;09/03/2026;08/09/2025;08/09/2025;
sdmkDNcjXAid;3000001637;8000;7;quynhvcn;VND;Ng?n h?n;5,2;08/09/2025;09/03/2026;08/09/2025;08/09/2025;
fGlEBNaVx8zZ;3000001637;8000;7;quynhvcn;VND;Ng?n h?n;5,2;25/09/2025;25/03/2026;25/09/2025;25/09/2025;
EuzqsqfnZuYZ;3000001637;8000;7;quynhvcn;VND;Ng?n h?n;5,2;29/08/2025;02/03/2026;29/08/2025;29/08/2025;
ZCEG2GYEU4VB;3000001637;8000;7;quynhvcn;VND;Ng?n h?n;5,2;15/08/2025;16/02/2026;15/08/2025;15/08/2025;
lGXPuhnbfM4D;3000001637;8000;7;quynhvcn;VND;Ng?n h?n;5,2;09/09/2025;09/03/2026;09/09/2025;09/09/2025;
sHo3E7JLxDi3;3000001637;8000;7;quynhvcn;VND;Ng?n h?n;5,2;15/09/2025;16/03/2026;15/09/2025;15/09/2025;
WBXvyT9FM9h0;3000001637;8000;7;quynhvcn;VND;Ng?n h?n;5,2;19/09/2025;19/03/2026;19/09/2025;19/09/2025;
lkPEUEZmVOyp;3000000844;8057;7;quyvc;VND;Dài h?n;6,2;19/02/2020;19/02/2032;19/02/2020;27/01/2023;
yififi9KDEjb;3000000025;5508;14;sangdh;VND;Dài h?n;6,7;25/04/2025;25/04/2050;25/04/2025;25/04/2025;
kENW16qDcdvJ;3000000109;5508;14;sangdh;VND;Dài h?n;11;03/12/2020;03/12/2040;03/12/2020;03/12/2020;
8yxUO6T0f5CH;3000000114;5508;14;sangdh;VND;Dài h?n;4,9;30/07/2024;27/07/2054;30/07/2024;30/07/2024;
MmN9j5tSzhsw;3000000149;5522;14;sangdh;VND;Trung h?n;6,7;25/07/2025;25/07/2030;25/07/2025;25/07/2025;
G0WPhXxbN3Sr;3000000190;7200;14;sangdh;VND;Ng?n h?n;1,4;12/09/2025;12/12/2025;12/09/2025;12/09/2025;
TAfKyqfvvZGT;3000000227;5508;14;sangdh;VND;Dài h?n;5;17/05/2021;17/05/2041;17/05/2021;17/05/2021;
SBhW3RN7cnCi;3000000238;5508;14;sangdh;VND;Dài h?n;6,7;31/07/2025;25/07/2047;31/07/2025;31/07/2025;
mO4BPdOW3RH7;3000000303;8721;14;sangdh;VND;Dài h?n;11;25/10/2021;21/05/2036;25/10/2021;25/10/2021;
XV74jRADBRen;3000000360;5513;14;sangdh;VND;Dài h?n;7;12/12/2023;05/12/2046;12/12/2023;12/12/2023;
H4McTz4AJniA;3000000360;5513;14;sangdh;VND;Dài h?n;6,7;15/11/2024;05/12/2046;15/11/2024;15/11/2024;
FDCvxJR0ltKG;3000000413;5508;14;sangdh;VND;Dài h?n;11;13/05/2021;13/05/2041;13/05/2021;13/05/2021;
ZKBFLGx78gWd;3000000486;5513;14;sangdh;VND;Dài h?n;6,7;26/07/2024;20/07/2054;26/07/2024;26/07/2024;
WvBjPk6x8pGz;3000000486;5513;14;sangdh;VND;Dài h?n;6,7;15/10/2024;20/07/2054;15/10/2024;15/10/2024;
gVsRKKpxkkkT;3000000525;5508;14;sangdh;VND;Dài h?n;11;12/09/2023;12/09/2053;12/09/2023;12/09/2023;
iJu8tN8azwCA;3000000547;5513;14;sangdh;VND;Dài h?n;7;12/12/2023;05/12/2053;12/12/2023;12/12/2023;
uzbs0AXTuid8;3000000547;5513;14;sangdh;VND;Dài h?n;6,7;06/12/2024;05/12/2053;06/12/2024;06/12/2024;
fBpSXsoQImYa;3000000723;8000;14;sangdh;VND;Ng?n h?n;8,4;12/11/2025;12/05/2026;12/11/2025;12/11/2025;
rHVk4Vb0r0Kh;3000000746;5513;14;sangdh;VND;Dài h?n;5,5;27/07/2020;27/07/2040;27/07/2020;27/07/2020;
FBctpFgtJhyT;3000000753;5508;14;sangdh;VND;Dài h?n;4,9;29/05/2024;25/05/2044;29/05/2024;29/05/2024;
IDMrGDK7l97n;3000000770;5508;14;sangdh;VND;Dài h?n;5,5;05/01/2022;06/01/2042;05/01/2022;05/01/2022;
hNOG9BQyJgJZ;3000000792;5508;14;sangdh;VND;Dài h?n;6,7;28/05/2024;26/04/2049;28/05/2024;28/05/2024;
DFCZhSRGQmSv;3000000792;5508;14;sangdh;VND;Dài h?n;6,7;13/05/2024;26/04/2049;13/05/2024;13/05/2024;
uTxsfwXErWAC;3000000809;5508;14;sangdh;VND;Dài h?n;6,7;13/05/2025;25/04/2040;13/05/2025;13/05/2025;
d3Dt8bjuoNx5;3000000837;5508;14;sangdh;VND;Dài h?n;11;29/07/2019;29/07/2039;29/07/2019;29/07/2019;
tyElDxb8iGNS;3000000933;5528;14;sangdh;VND;Dài h?n;4,9;05/09/2025;25/08/2032;05/09/2025;05/09/2025;
ZrCsPEcFJHJe;3000000949;5508;14;sangdh;VND;Dài h?n;11;07/05/2021;07/05/2036;07/05/2021;07/05/2021;
PD2xHbFzZbMJ;3000000952;5502;14;sangdh;VND;Dài h?n;6,7;09/07/2025;26/06/2045;09/07/2025;09/07/2025;
20QI3fKe0LCR;3000000963;5508;14;sangdh;VND;Dài h?n;11;25/05/2021;27/05/2041;25/05/2021;25/05/2021;
bkiNj0Pimxhy;3000000966;5508;14;sangdh;VND;Dài h?n;11;23/11/2023;24/11/2053;23/11/2023;23/11/2023;
JU9tICfB29U2;3000001018;5508;14;sangdh;VND;Dài h?n;11;26/05/2022;26/05/2042;26/05/2022;26/05/2022;
qM4HuEd7ntPw;3000001127;5508;14;sangdh;VND;Dài h?n;11;21/07/2023;20/07/2043;21/07/2023;21/07/2023;
4S4zfioKVwKe;3000001272;5513;14;sangdh;VND;Dài h?n;7;15/12/2023;05/12/2042;15/12/2023;15/12/2023;
X9xH5m43AVNw;3000001272;5513;14;sangdh;VND;Dài h?n;6,7;21/11/2024;05/12/2042;21/11/2024;21/11/2024;
DRCgU4Yqmoqn;3000001498;5588;14;sangdh;VND;Dài h?n;6,7;18/10/2024;25/09/2059;18/10/2024;18/10/2024;
y6hLojLMCEgE;3000001509;5523;14;sangdh;VND;Dài h?n;11;25/10/2024;25/10/2032;25/10/2024;25/10/2024;
XHLyEas579MV;3000001642;5558;14;sangdh;VND;Dài h?n;6,7;08/05/2025;25/04/2045;08/05/2025;08/05/2025;
SQJ0hhGrf5fO;3000001704;5508;14;sangdh;VND;Dài h?n;4,9;22/09/2025;22/09/2045;22/09/2025;22/09/2025;
OPvL9lFe9bsl;3000000016;5508;15;sinhtn;VND;Dài h?n;5,5;12/04/2019;12/04/2039;12/04/2019;12/04/2019;
UQdWUpIvIxER;3000000016;5508;15;sinhtn;VND;Dài h?n;5,5;06/04/2022;06/04/2054;06/04/2022;06/04/2022;
hLPIZlFF23JE;3000000041;5552;15;sinhtn;VND;Dài h?n;6,7;23/07/2025;23/07/2060;23/07/2025;23/07/2025;
q0aZtglFTL1q;3000000041;5552;15;sinhtn;VND;Dài h?n;7,7;20/11/2025;23/07/2060;20/11/2025;20/11/2025;
DNuheI03P4H5;3000000051;5513;15;sinhtn;VND;Dài h?n;4,9;19/12/2023;18/08/2050;19/12/2023;19/12/2023;
OVQQoiQIFzgw;3000000051;5513;15;sinhtn;VND;Dài h?n;4,9;15/10/2024;18/08/2050;15/10/2024;15/10/2024;
zAsF9uBBpeLE;3000000191;5508;15;sinhtn;VND;Dài h?n;5,5;01/06/2018;01/06/2033;01/06/2018;01/06/2018;
T0SwsOb510D7;3000000209;5518;15;sinhtn;VND;Dài h?n;11;16/12/2020;14/12/2040;16/12/2020;16/12/2020;
KIFJthpjG32D;3000000216;5508;15;sinhtn;VND;Dài h?n;11;29/12/2020;31/12/2040;29/12/2020;29/12/2020;
1DwMyTFqQ8Bq;3000000216;5518;15;sinhtn;VND;Dài h?n;11;10/05/2021;23/04/2041;10/05/2021;10/05/2021;
evkOCAJSnrmY;3000000216;8609;15;sinhtn;VND;Ng?n h?n;9;06/11/2025;06/05/2026;06/11/2025;06/11/2025;
7FUOOAQKf7pq;3000000221;7228;15;sinhtn;VND;Ng?n h?n;7;26/11/2025;01/12/2025;26/11/2025;26/11/2025;
GFeNBv1UdlFT;3000000462;5508;15;sinhtn;VND;Dài h?n;4,9;05/03/2025;20/02/2060;05/03/2025;05/03/2025;
GswWy6KFAFom;3000000557;5508;15;sinhtn;VND;Dài h?n;6,5;22/08/2025;22/08/2045;22/08/2025;22/08/2025;
1SUrYRqlSWFY;3000000559;5508;15;sinhtn;VND;Dài h?n;6,7;05/08/2024;25/07/2044;05/08/2024;05/08/2024;
D6A5CrTAqVRE;3000000617;5508;15;sinhtn;VND;Dài h?n;11;07/06/2021;05/06/2041;07/06/2021;07/06/2021;
4UEDTzg7b9R8;3000000713;7200;15;sinhtn;VND;Ng?n h?n;1;29/08/2025;02/03/2026;29/08/2025;29/08/2025;
XTYoAdjsNX0t;3000000950;5508;15;sinhtn;VND;Dài h?n;11;06/05/2021;25/04/2041;06/05/2021;06/05/2021;
yIEkKzVVwd58;3000000950;5508;15;sinhtn;VND;Dài h?n;11;18/05/2021;25/04/2041;18/05/2021;18/05/2021;
R3AAc3pCp4f2;3000001114;5508;15;sinhtn;VND;Dài h?n;11;16/06/2023;17/06/2058;16/06/2023;16/06/2023;
EDHwEjKPDQoH;3000001129;5552;15;sinhtn;VND;Dài h?n;7,5;15/11/2023;12/10/2057;15/11/2023;15/11/2023;
vfGl7ACObcnT;3000001243;8609;15;sinhtn;VND;Ng?n h?n;7,5;22/01/2025;22/01/2026;22/01/2025;22/01/2025;
Y6huP1tBqnDJ;3000001243;8609;15;sinhtn;VND;Ng?n h?n;7,5;29/04/2025;29/04/2026;29/04/2025;29/04/2025;
xGRjnNFUOHdf;3000001271;8000;15;sinhtn;VND;Ng?n h?n;7,5;15/10/2025;15/04/2026;15/10/2025;15/10/2025;
60zoRfoBVkoP;3000001271;8000;15;sinhtn;VND;Ng?n h?n;7,5;14/10/2025;14/04/2026;14/10/2025;14/10/2025;
mcx0wR9CSM9f;3000001271;8000;15;sinhtn;VND;Ng?n h?n;7,5;10/10/2025;10/04/2026;10/10/2025;10/10/2025;
l3eljlx5kUSw;3000001485;5508;15;sinhtn;VND;Dài h?n;6,7;23/08/2024;22/08/2044;23/08/2024;23/08/2024;
v1FIhsNKqoxj;3000001520;8721;15;sinhtn;VND;Dài h?n;8,2;30/09/2024;25/09/2054;30/09/2024;30/09/2024;
PElNwGusAITM;3000001523;5508;15;sinhtn;VND;Dài h?n;6,7;24/04/2025;23/04/2060;24/04/2025;24/04/2025;
hoZpmTRDT1Hk;3000001608;7228;15;sinhtn;VND;Ng?n h?n;10;19/11/2025;23/02/2026;19/11/2025;19/11/2025;
eUcFCVMhwlcV;3000001615;5513;15;sinhtn;VND;Dài h?n;6,7;21/04/2025;21/04/2045;21/04/2025;21/04/2025;
l6IOLqWdW5LZ;3000001709;8615;15;sinhtn;VND;Ng?n h?n;6,6;11/07/2025;12/01/2026;11/07/2025;11/07/2025;
phXqbBJRGlaK;3000001747;7200;15;sinhtn;VND;Ng?n h?n;3;19/09/2025;19/03/2026;19/09/2025;19/09/2025;
KEbLTSYjBOzF;3000000038;5513;13;tainc;VND;Dài h?n;7;18/12/2023;18/12/2046;18/12/2023;18/12/2023;
QmDv4mp3y4Dz;3000000038;5513;13;tainc;VND;Dài h?n;6,7;25/10/2024;18/12/2046;25/10/2024;25/10/2024;
qAtBDpRUXf0g;3000000042;5513;13;tainc;VND;Dài h?n;11;22/07/2016;31/07/2036;22/07/2016;;
uBn6mvLuc7oJ;3000000042;5513;13;tainc;VND;Dài h?n;11;22/07/2016;31/07/2036;22/07/2016;;
VFgoCB0tRXtS;3000000058;5508;13;tainc;VND;Dài h?n;11;05/08/2022;25/07/2030;05/08/2022;05/08/2022;
fNbAxsSQT6yc;3000000236;7200;13;tainc;VND;Ng?n h?n;6,4;10/11/2025;14/01/2026;10/11/2025;10/11/2025;
ZFmOY0oc7XXn;3000000236;7200;13;tainc;VND;Ng?n h?n;7,1;10/11/2025;12/05/2026;10/11/2025;10/11/2025;
UKgt2Yd1HCpx;3000000236;7200;13;tainc;VND;Ng?n h?n;6,5;10/11/2025;18/02/2026;10/11/2025;10/11/2025;
6fZsuBMCpOO1;3000000236;7200;13;tainc;VND;Ng?n h?n;6,7;10/11/2025;26/01/2026;10/11/2025;10/11/2025;
SrA3zwLFFBpz;3000000283;5558;13;tainc;VND;Dài h?n;6,7;30/07/2024;25/07/2031;30/07/2024;30/07/2024;
eQWxsRrHJdaf;3000000298;5508;13;tainc;VND;Dài h?n;5;11/10/2018;11/10/2038;11/10/2018;11/10/2018;
uLnBokNmmbvu;3000000361;5523;13;tainc;VND;Dài h?n;7;02/02/2024;03/02/2031;02/02/2024;02/02/2024;
uvLDqFJgBCes;3000000379;5513;13;tainc;VND;Dài h?n;6,7;16/12/2024;05/12/2057;16/12/2024;16/12/2024;
AGoS5nlq692x;3000000379;5513;13;tainc;VND;Dài h?n;7;12/12/2023;12/12/2057;12/12/2023;12/12/2023;
s5PvYwloSVzQ;3000000442;8000;13;tainc;VND;Ng?n h?n;7,1;03/07/2025;03/04/2026;03/07/2025;03/07/2025;
WsbZu59B03GZ;3000000442;8000;13;tainc;VND;Ng?n h?n;7,1;18/07/2025;20/04/2026;18/07/2025;18/07/2025;
WRDshczG9urm;3000000442;8000;13;tainc;VND;Ng?n h?n;7,1;12/08/2025;12/05/2026;12/08/2025;12/08/2025;
9zaXOIEiG2Ie;3000000442;8000;13;tainc;VND;Ng?n h?n;7,1;11/08/2025;11/05/2026;11/08/2025;11/08/2025;
Dck9MglV7yTN;3000000442;8000;13;tainc;VND;Ng?n h?n;7,1;25/08/2025;25/05/2026;25/08/2025;25/08/2025;
SeGUvypLMNZ0;3000000442;8000;13;tainc;VND;Ng?n h?n;7,1;11/07/2025;13/04/2026;11/07/2025;11/07/2025;
BYBLa35RLXRD;3000000442;8000;13;tainc;VND;Ng?n h?n;7,1;20/08/2025;20/05/2026;20/08/2025;20/08/2025;
UenuDYEqvijM;3000000442;8000;13;tainc;VND;Ng?n h?n;7,1;10/09/2025;10/06/2026;10/09/2025;10/09/2025;
zdc1JOd0TLRr;3000000442;8000;13;tainc;VND;Ng?n h?n;7,1;08/07/2025;08/04/2026;08/07/2025;08/07/2025;
F27OwinlSrJS;3000000442;8000;13;tainc;VND;Ng?n h?n;7,1;08/09/2025;08/06/2026;08/09/2025;08/09/2025;
BosLOzxVLOA9;3000000442;8000;13;tainc;VND;Ng?n h?n;7,5;15/09/2025;16/03/2026;15/09/2025;15/09/2025;
N2wphdctOhfR;3000000442;8000;13;tainc;VND;Ng?n h?n;7,1;15/08/2025;15/05/2026;15/08/2025;15/08/2025;
1vi95GKfchFx;3000000530;5513;13;tainc;VND;Dài h?n;6,7;08/10/2024;06/09/2046;08/10/2024;08/10/2024;
B4L0Xvs97WSB;3000000530;5513;13;tainc;VND;Dài h?n;6,7;06/09/2024;06/09/2046;06/09/2024;06/09/2024;
Xcbod9uYGAfx;3000000638;7228;13;tainc;VND;Ng?n h?n;7;17/11/2025;12/03/2026;17/11/2025;17/11/2025;
bCLQI6vWJ33n;3000000638;7228;13;tainc;VND;Ng?n h?n;7;17/11/2025;18/12/2025;17/11/2025;17/11/2025;
xGUCuB0dB4BQ;3000000816;8667;13;tainc;VND;Trung h?n;7;12/06/2025;27/05/2030;12/06/2025;12/06/2025;
5m5l1NJ9pgHf;3000000823;5513;13;tainc;VND;Dài h?n;6,7;11/04/2025;27/03/2045;11/04/2025;11/04/2025;
77Gs60kP1aEE;3000000841;5558;13;tainc;VND;Dài h?n;6,7;23/09/2025;18/09/2045;23/09/2025;23/09/2025;
jWTD2LLorY0M;3000000852;5558;13;tainc;VND;Dài h?n;6,7;18/11/2024;30/10/2034;18/11/2024;18/11/2024;
cxqfp8doNtQA;3000000853;5508;13;tainc;VND;Dài h?n;6,7;10/07/2024;25/06/2054;10/07/2024;10/07/2024;
F4RhDk7FNI12;3000000861;5508;13;tainc;VND;Dài h?n;6,7;06/09/2024;16/08/2034;06/09/2024;06/09/2024;
jcecqf7TV0O3;3000001001;5508;13;tainc;VND;Dài h?n;11;24/10/2023;26/10/2043;24/10/2023;24/10/2023;
wMNGEasPDWtK;3000001011;5508;13;tainc;VND;Dài h?n;11;13/07/2022;11/07/2042;13/07/2022;13/07/2022;
sJXFUJJqoF5m;3000001092;5508;13;tainc;VND;Dài h?n;11;23/03/2023;23/03/2043;23/03/2023;23/03/2023;
Pb82mcoKVmbZ;3000001140;8066;13;tainc;VND;Dài h?n;9;14/11/2025;05/11/2032;14/11/2025;14/11/2025;
bKYPiPR7s3K5;3000001192;5513;13;tainc;VND;Dài h?n;6,7;04/11/2024;12/12/2058;04/11/2024;04/11/2024;
NzQB9GCpkndE;3000001192;5513;13;tainc;VND;Dài h?n;7;12/12/2023;12/12/2058;12/12/2023;12/12/2023;
R3YsduwZvIu8;3000001206;5513;13;tainc;VND;Dài h?n;7;08/12/2023;07/06/2041;08/12/2023;08/12/2023;
RaaVFwuYPjG9;3000001295;8000;13;tainc;VND;Ng?n h?n;9,5;26/09/2025;26/06/2026;26/09/2025;26/09/2025;
zBeizXZCiiSI;3000001295;8000;13;tainc;VND;Ng?n h?n;8,5;02/10/2025;02/07/2026;02/10/2025;02/10/2025;
UwBhlQxs90dV;3000001295;8000;13;tainc;VND;Ng?n h?n;9,5;24/09/2025;24/06/2026;24/09/2025;24/09/2025;
VQqhWRkdNbYd;3000001326;5508;13;tainc;VND;Dài h?n;6,7;18/06/2025;25/05/2050;18/06/2025;18/06/2025;
rD7JvGqTlBYk;3000001326;5523;13;tainc;VND;Dài h?n;6,7;05/07/2024;07/07/2031;05/07/2024;05/07/2024;
TPM4QYEiqUbJ;3000000012;5513;18;tantd1;VND;Dài h?n;6,5;15/01/2025;30/06/2044;15/01/2025;15/01/2025;
AOuh4TBbjIf7;3000000012;8724;18;tantd1;VND;Dài h?n;6,9;27/03/2025;06/06/2044;27/03/2025;27/03/2025;
3upqZodfSCU7;3000000012;8724;18;tantd1;VND;Dài h?n;6,9;27/03/2025;06/06/2044;27/03/2025;27/03/2025;
SuKmN6gG9JmR;3000000012;8724;18;tantd1;VND;Dài h?n;6,9;27/03/2025;06/06/2044;27/03/2025;27/03/2025;
KpNFD0ijUagc;3000000012;8724;18;tantd1;VND;Dài h?n;6,9;27/03/2025;06/06/2044;27/03/2025;27/03/2025;
wBGa1i10GmCZ;3000000064;5513;18;tantd1;VND;Dài h?n;6,7;21/10/2024;05/12/2035;21/10/2024;21/10/2024;
smwwSl4E1jCO;3000000064;5513;18;tantd1;VND;Dài h?n;7;12/12/2023;05/12/2035;12/12/2023;12/12/2023;
0zvCZb4qoHVr;3000000071;5513;18;tantd1;VND;Dài h?n;9,5;22/09/2016;22/09/2036;22/09/2016;;
LEFA2KArNLoS;3000000071;5513;18;tantd1;VND;Dài h?n;9,5;22/09/2016;22/09/2036;22/09/2016;;
0Ln38FusOoLv;3000000147;5508;18;tantd1;VND;Dài h?n;4,9;08/04/2024;25/09/2043;08/04/2024;08/04/2024;
pHuduz6ERHoz;3000000147;5508;18;tantd1;VND;Dài h?n;4,9;16/10/2023;16/10/2043;16/10/2023;16/10/2023;
ms5HpPTZLJwX;3000000147;5508;18;tantd1;VND;Dài h?n;4,9;08/11/2023;16/10/2043;08/11/2023;08/11/2023;
SVocpA3B6KT3;3000000265;7228;18;tantd1;VND;Ng?n h?n;7,1;08/10/2025;18/03/2026;08/10/2025;08/10/2025;
TZRSHLaKvZij;3000000291;5508;18;tantd1;VND;Dài h?n;4,9;30/10/2023;24/12/2041;30/10/2023;;
QZYyLjX7GU35;3000000291;5508;18;tantd1;VND;Dài h?n;4,9;30/10/2023;24/12/2041;30/10/2023;;
nOFwT8HBHJcF;3000000368;5513;18;tantd1;VND;Dài h?n;7;12/01/2024;06/01/2059;12/01/2024;12/01/2024;
gEbmNLNpp9ra;3000000368;5513;18;tantd1;VND;Dài h?n;6,7;05/11/2024;06/01/2059;05/11/2024;05/11/2024;
Ow7Zl5PPmXbq;3000000506;5508;18;tantd1;VND;Dài h?n;11;30/10/2020;30/10/2040;30/10/2020;30/10/2020;
BWaY4iF76lk5;3000000512;5513;18;tantd1;VND;Dài h?n;6,5;30/07/2025;29/07/2050;30/07/2025;30/07/2025;
P7ox9BZimh1A;3000000524;7200;18;tantd1;VND;Ng?n h?n;2,4;04/11/2025;04/05/2026;04/11/2025;04/11/2025;
yr319GoX2Cpk;3000000551;5508;18;tantd1;VND;Dài h?n;11;15/04/2021;15/04/2036;15/04/2021;15/04/2021;
y0TxrJ8bECgn;3000000648;8668;18;tantd1;VND;Dài h?n;12;03/03/2022;05/03/2029;03/03/2022;03/03/2022;
VziKCy4aLtOl;3000000677;5508;18;tantd1;VND;Dài h?n;9,5;30/08/2017;31/08/2037;30/08/2017;30/08/2017;
xlD7nnre7vVB;3000000677;5518;18;tantd1;VND;Dài h?n;9,5;16/01/2023;25/12/2042;16/01/2023;16/01/2023;
YM8Ylz8Z2KbG;3000000677;5508;18;tantd1;VND;Dài h?n;9,5;02/02/2018;02/02/2038;02/02/2018;02/02/2018;
L7XJND90y0ru;3000000677;5518;18;tantd1;VND;Dài h?n;9,5;21/01/2022;21/01/2042;21/01/2022;21/01/2022;
R1XtU58MpViF;3000000679;5508;18;tantd1;VND;Dài h?n;11;17/06/2021;17/06/2041;17/06/2021;17/06/2021;
A8UDQmiocrZL;3000000721;5558;18;tantd1;VND;Dài h?n;11;27/11/2023;25/11/2033;27/11/2023;27/11/2023;
dnQKKGVnhs0P;3000000742;5518;18;tantd1;VND;Dài h?n;4,9;17/06/2024;17/06/2059;17/06/2024;17/06/2024;
d9D5KMqSLgTA;3000000742;5513;18;tantd1;VND;Dài h?n;4,9;30/07/2024;30/07/2049;30/07/2024;30/07/2024;
NiT7FK0pQ5uD;3000000822;5508;18;tantd1;VND;Dài h?n;4,9;15/12/2023;25/11/2043;15/12/2023;15/12/2023;
ChYtyNspSvce;3000000866;5508;18;tantd1;VND;Dài h?n;4,9;18/09/2025;10/09/2060;18/09/2025;18/09/2025;
FQJFmfjJZwGV;3000000884;5508;18;tantd1;VND;Dài h?n;11;18/06/2020;18/06/2040;18/06/2020;18/06/2020;
8C52ibjOiEvx;3000000930;5558;18;tantd1;VND;Dài h?n;6,7;30/05/2025;29/05/2035;30/05/2025;30/05/2025;
P6sNsPuSvCST;3000000942;5508;18;tantd1;VND;Dài h?n;9;19/03/2021;19/03/2041;19/03/2021;19/03/2021;
GV1mjeWdM0ZQ;3000000942;5558;18;tantd1;VND;Dài h?n;7;07/10/2025;25/09/2045;07/10/2025;07/10/2025;
eYuLzrffhm73;3000000960;5508;18;tantd1;VND;Dài h?n;11;07/05/2021;07/05/2041;07/05/2021;07/05/2021;
uXMHUc8UdFaI;3000000979;6200;18;tantd1;VND;Ng?n h?n;10,5;10/06/2025;10/06/2026;11/06/2025;11/06/2025;
YAoCNMySwiSi;3000001044;8000;18;tantd1;VND;Ng?n h?n;7,5;15/08/2025;16/02/2026;15/08/2025;15/08/2025;
yUS8p2YdnaEx;3000001065;7200;18;tantd1;VND;Ng?n h?n;2;09/10/2025;07/04/2026;09/10/2025;09/10/2025;
pVK1dkYcTVSR;3000001065;7200;18;tantd1;VND;Ng?n h?n;2,4;13/10/2025;13/04/2026;13/10/2025;13/10/2025;
BjNwOPlSlxhy;3000001065;7200;18;tantd1;VND;Ng?n h?n;9;23/10/2025;21/04/2026;23/10/2025;23/10/2025;
gfU91lh3HEr8;3000001065;7200;18;tantd1;VND;Ng?n h?n;1,9;18/07/2025;09/01/2026;18/07/2025;18/07/2025;
9Y76q0AaPJEG;3000001099;5523;18;tantd1;VND;Dài h?n;11;11/04/2023;25/03/2030;11/04/2023;11/04/2023;
DAHU8ynVWhBE;3000001152;5558;18;tantd1;VND;Dài h?n;11;12/10/2023;26/09/2033;12/10/2023;12/10/2023;
oTVUaKNMQ1HC;3000001204;5558;18;tantd1;VND;Dài h?n;8,7;11/12/2023;22/11/2038;11/12/2023;11/12/2023;
bt3I4RvhByIg;3000001209;7200;18;tantd1;VND;Ng?n h?n;1;03/06/2025;03/12/2025;03/06/2025;03/06/2025;
kCcCD5XgxEAB;3000001252;5513;18;tantd1;VND;Dài h?n;7;12/12/2023;05/10/2050;12/12/2023;12/12/2023;
KnCSY8HtLZxK;3000001252;5513;18;tantd1;VND;Dài h?n;6,7;06/11/2024;05/10/2050;06/11/2024;06/11/2024;
6bCBV805qw0S;3000001263;5513;18;tantd1;VND;Dài h?n;6,7;11/12/2024;05/12/2058;11/12/2024;11/12/2024;
sR455LMSIOTN;3000001263;5513;18;tantd1;VND;Dài h?n;7;12/12/2023;05/12/2058;12/12/2023;12/12/2023;
2IaJIAeM7T3A;3000001288;5508;18;tantd1;VND;Dài h?n;7;04/01/2024;04/01/2044;04/01/2024;04/01/2024;
6tluwDVft9Jl;3000001312;5513;18;tantd1;VND;Dài h?n;7;02/02/2024;02/02/2052;02/02/2024;02/02/2024;
k8rDt88NttiT;3000001312;5513;18;tantd1;VND;Dài h?n;7;18/11/2024;02/02/2052;18/11/2024;18/11/2024;
UoUQGhohSjMn;3000001361;8065;18;tantd1;VND;Trung h?n;7;10/05/2024;07/05/2029;10/05/2024;10/05/2024;
ZAvSExLJWQk6;3000001429;5508;18;tantd1;VND;Dài h?n;6,8;27/06/2024;27/06/2039;27/06/2024;27/06/2024;
sI2aIVLygNrw;3000001445;7200;18;tantd1;VND;Ng?n h?n;1,9;17/07/2025;08/01/2026;17/07/2025;17/07/2025;
BekQH4MFlOgS;3000001452;5513;18;tantd1;VND;Dài h?n;6,8;15/10/2024;17/07/2051;15/10/2024;15/10/2024;
00XjCUZEC3PE;3000001452;5513;18;tantd1;VND;Dài h?n;6,8;18/07/2024;17/07/2051;18/07/2024;18/07/2024;
7YRc7GM681Uy;3000001452;5513;18;tantd1;VND;Dài h?n;7;29/08/2025;29/08/2050;29/08/2025;29/08/2025;
gJ2nypDTCVpG;3000001656;5508;18;tantd1;VND;Dài h?n;6,5;29/07/2025;17/06/2044;29/07/2025;29/07/2025;
R4TUpc6tjUVv;3000001708;5508;18;tantd1;VND;Dài h?n;5,5;07/05/2019;06/05/2039;07/05/2019;07/05/2019;
Py9JaPnBcPqM;3000001719;5508;18;tantd1;VND;Dài h?n;9;14/04/2022;25/03/2042;14/04/2022;14/04/2022;
xeuvC8o7Xnu9;3000001777;7200;18;tantd1;VND;Ng?n h?n;2,7;28/10/2025;27/04/2026;28/10/2025;28/10/2025;
YoED4GddIq5K;3000000078;5513;8;th.my;VND;Dài h?n;6;28/03/2025;07/03/2050;28/03/2025;28/03/2025;
UuarGgps96Sj;3000000078;5513;8;th.my;VND;Dài h?n;6;31/07/2025;30/07/2049;31/07/2025;31/07/2025;
13tmdC0PRQkW;3000000078;5513;8;th.my;VND;Dài h?n;7;28/08/2025;27/08/2049;28/08/2025;28/08/2025;
YSCvfCoRquDD;3000000078;5513;8;th.my;VND;Dài h?n;7;28/08/2025;27/08/2049;28/08/2025;28/08/2025;
9nOZS3ZJHX54;3000000078;5513;8;th.my;VND;Dài h?n;7;29/08/2025;27/08/2049;29/08/2025;29/08/2025;
C8RiEquL1dFb;3000000078;5513;8;th.my;VND;Dài h?n;6,5;09/10/2025;07/03/2050;09/10/2025;09/10/2025;
EzdJDUYYTuLF;3000000078;5513;8;th.my;VND;Dài h?n;6;18/06/2025;07/03/2050;18/06/2025;18/06/2025;
Ee59ESusEkQi;3000000078;5513;8;th.my;VND;Dài h?n;6;06/08/2025;07/03/2050;06/08/2025;06/08/2025;
efwMN8pg64dA;3000000078;5513;8;th.my;VND;Dài h?n;7;29/08/2025;27/08/2049;29/08/2025;29/08/2025;
VzUUZRrzKONe;3000000078;5513;8;th.my;VND;Dài h?n;6;31/07/2025;30/07/2049;31/07/2025;31/07/2025;
0d6OzsBKWhhj;3000000078;5513;8;th.my;VND;Dài h?n;6;31/07/2025;30/07/2049;31/07/2025;31/07/2025;
A3rxn74ER0tg;3000000078;5513;8;th.my;VND;Dài h?n;6;08/05/2025;07/03/2050;08/05/2025;08/05/2025;
IDwDgo5JHgM0;3000000078;5513;8;th.my;VND;Dài h?n;6;05/06/2025;07/03/2050;05/06/2025;05/06/2025;
DuoL45M64lal;3000000078;5513;8;th.my;VND;Dài h?n;7;28/08/2025;27/08/2049;28/08/2025;28/08/2025;
4n7VwJ40Xn2F;3000000078;5513;8;th.my;VND;Dài h?n;6;12/03/2025;07/03/2050;12/03/2025;12/03/2025;
C0wFjIOVrQ9b;3000000078;5513;8;th.my;VND;Dài h?n;6;31/07/2025;30/07/2049;31/07/2025;31/07/2025;
h2I51VTAzQWF;3000000078;8724;8;th.my;VND;Dài h?n;6;06/08/2025;07/03/2050;06/08/2025;06/08/2025;
TaNCw1KCGXls;3000000078;8724;8;th.my;VND;Dài h?n;6;18/06/2025;07/03/2050;18/06/2025;18/06/2025;
WMAs1F8QuFJr;3000000078;8724;8;th.my;VND;Dài h?n;6;08/05/2025;07/03/2050;08/05/2025;08/05/2025;
dZNWQEYoT1xr;3000000078;8724;8;th.my;VND;Dài h?n;6,5;09/10/2025;07/03/2050;09/10/2025;09/10/2025;
Rfcyhay2H5ZD;3000000078;8724;8;th.my;VND;Dài h?n;6;05/06/2025;07/03/2050;05/06/2025;05/06/2025;
L4msiHq3nBkV;3000000078;8724;8;th.my;VND;Dài h?n;6;12/03/2025;07/03/2050;12/03/2025;12/03/2025;
0EgYMsfyCfZC;3000000078;8724;8;th.my;VND;Dài h?n;6;28/03/2025;07/03/2050;28/03/2025;28/03/2025;
ChFH78jN0aeK;3000000103;5513;8;th.my;VND;Dài h?n;7;12/12/2023;06/12/2038;12/12/2023;12/12/2023;
HkHBuBs2Iitc;3000000103;5513;8;th.my;VND;Dài h?n;6,7;19/12/2024;06/12/2038;19/12/2024;19/12/2024;
0CvIR6no2w4G;3000000181;5512;8;th.my;VND;Trung h?n;6,7;07/06/2024;07/06/2029;07/06/2024;07/06/2024;
aNP2jw7O2wBa;3000000181;5512;8;th.my;VND;Trung h?n;6,7;08/10/2024;07/06/2029;08/10/2024;08/10/2024;
RcpbMMvf6KRC;3000000181;5512;8;th.my;VND;Trung h?n;6,7;08/10/2024;07/06/2029;08/10/2024;08/10/2024;
B83XqoVEL6KU;3000000181;5512;8;th.my;VND;Trung h?n;6,7;07/06/2024;07/06/2029;07/06/2024;07/06/2024;
tCfhQD1Ze6ax;3000000181;5512;8;th.my;VND;Trung h?n;6,7;07/06/2024;07/06/2029;07/06/2024;07/06/2024;
6N57KBX5YfdH;3000000181;5512;8;th.my;VND;Trung h?n;6,7;08/10/2024;07/06/2029;08/10/2024;08/10/2024;
Ot6qJgpOYvVS;3000000264;5513;8;th.my;VND;Dài h?n;6,7;05/08/2024;05/08/2044;05/08/2024;05/08/2024;
dC2s9rNkhrSC;3000000264;5513;8;th.my;VND;Dài h?n;6,5;16/10/2024;05/08/2044;16/10/2024;16/10/2024;
EbCssMNlbXBk;3000000415;5513;8;th.my;VND;Dài h?n;7;08/12/2023;05/12/2057;08/12/2023;08/12/2023;
QVW4upNlGmfu;3000000415;5513;8;th.my;VND;Dài h?n;6,7;25/10/2024;05/12/2057;25/10/2024;25/10/2024;
Ecgadhucouio;3000000469;5513;8;th.my;VND;Dài h?n;6,7;09/10/2024;07/07/2059;09/10/2024;09/10/2024;
aws9uLnF9Cik;3000000469;5513;8;th.my;VND;Dài h?n;6,7;09/07/2024;07/07/2059;09/07/2024;09/07/2024;
1zts42VdkJyD;3000000494;5513;8;th.my;VND;Dài h?n;6,7;02/10/2024;10/09/2049;02/10/2024;02/10/2024;
EoFkCLZOGvA8;3000000494;5513;8;th.my;VND;Dài h?n;6,7;16/09/2024;10/09/2049;16/09/2024;16/09/2024;
mJDMMLlR0M7L;3000000518;5513;8;th.my;VND;Dài h?n;6,7;25/10/2024;05/12/2058;25/10/2024;25/10/2024;
qTb0WzwENR2a;3000000518;5513;8;th.my;VND;Dài h?n;7;11/12/2023;05/12/2058;11/12/2023;11/12/2023;
LLKEQCzs4m06;3000000562;5513;8;th.my;VND;Dài h?n;6,5;30/07/2024;27/06/2044;30/07/2024;30/07/2024;
EDpag82EGxpa;3000000647;5513;8;th.my;VND;Dài h?n;7;11/12/2023;05/12/2058;11/12/2023;11/12/2023;
cZxL9FscZH5r;3000000647;5513;8;th.my;VND;Dài h?n;6,7;19/12/2024;05/12/2058;19/12/2024;19/12/2024;
NiHzYPNyHAbo;3000000649;5508;8;th.my;VND;Dài h?n;9;14/10/2020;14/10/2030;14/10/2020;14/10/2020;
AZzYXaxcalHb;3000000649;5508;8;th.my;VND;Dài h?n;9;14/10/2020;14/10/2030;14/10/2020;14/10/2020;
bXxUsdZ40rE8;3000000649;5508;8;th.my;VND;Dài h?n;9;20/04/2023;14/04/2033;20/04/2023;20/04/2023;
aFZpwqUD4ZwK;3000000649;5518;8;th.my;VND;Dài h?n;9;07/10/2020;07/10/2030;07/10/2020;07/10/2020;
LX46eSIuQnOE;3000000649;5508;8;th.my;VND;Dài h?n;9;20/04/2023;14/04/2033;20/04/2023;20/04/2023;
GzKh2qV49AKz;3000000649;5508;8;th.my;VND;Dài h?n;9;09/10/2020;09/10/2030;09/10/2020;09/10/2020;
M5ZUqqtD4Bwo;3000000740;5558;8;th.my;VND;Dài h?n;7;07/11/2025;06/11/2045;07/11/2025;07/11/2025;
l9Br1iM3I1Wr;3000000849;8724;8;th.my;VND;Dài h?n;6;30/05/2025;05/10/2032;30/05/2025;30/05/2025;
7Mk3wsNVky4Z;3000000876;5508;8;th.my;VND;Dài h?n;11;15/03/2023;16/03/2043;15/03/2023;15/03/2023;
qB7IQZ9vasnx;3000000878;5513;8;th.my;VND;Dài h?n;7,7;13/11/2025;12/11/2055;13/11/2025;13/11/2025;
OFXwH4JCnZi6;3000000882;5513;8;th.my;VND;Dài h?n;6,5;11/10/2024;10/10/2059;11/10/2024;11/10/2024;
WG4GooG9PuaG;3000000882;5513;8;th.my;VND;Dài h?n;6,3;15/11/2024;10/10/2059;15/11/2024;15/11/2024;
EV4o8ODHf9Jh;3000000975;5513;8;th.my;VND;Dài h?n;6,7;23/10/2024;14/07/2044;23/10/2024;23/10/2024;
I9nvhHCiBVp3;3000001035;5513;8;th.my;VND;Dài h?n;11;30/09/2024;14/07/2048;30/09/2024;30/09/2024;
XqKE1OgomDQC;3000001055;5508;8;th.my;VND;Dài h?n;11;27/10/2022;27/10/2042;27/10/2022;27/10/2022;
EHFi8OhFistZ;3000001109;5513;8;th.my;VND;Dài h?n;11;16/06/2023;16/06/2053;16/06/2023;16/06/2023;
pgljzeyFFNZu;3000001117;5513;8;th.my;VND;Dài h?n;7;11/12/2023;05/12/2058;11/12/2023;11/12/2023;
a7HfYrzQK9ZF;3000001166;5513;8;th.my;VND;Dài h?n;11;08/11/2024;10/11/2033;08/11/2024;08/11/2024;
A5qJSHyEBfhR;3000001203;5513;8;th.my;VND;Dài h?n;6,7;22/11/2024;07/12/2048;22/11/2024;22/11/2024;
lhRE5GFBG0A3;3000001203;5513;8;th.my;VND;Dài h?n;7;06/12/2023;07/12/2048;06/12/2023;06/12/2023;
H0NOUnpZy5Vi;3000001226;5513;8;th.my;VND;Dài h?n;7;07/12/2023;07/12/2055;07/12/2023;07/12/2023;
LnvYKXVApBml;3000001233;5513;8;th.my;VND;Dài h?n;6,7;18/09/2025;16/09/2042;18/09/2025;18/09/2025;
zts4RMw7VmbZ;3000001259;5513;8;th.my;VND;Dài h?n;6,7;19/12/2024;05/12/2058;19/12/2024;19/12/2024;
MBl7zhB7NPnL;3000001259;5513;8;th.my;VND;Dài h?n;7;11/12/2023;05/12/2058;11/12/2023;11/12/2023;
NFJJKjpGCC9T;3000001260;5513;8;th.my;VND;Dài h?n;7;07/12/2023;09/12/2058;07/12/2023;07/12/2023;
IhgCMqXFAgEF;3000001260;5513;8;th.my;VND;Dài h?n;6,7;20/11/2024;05/12/2058;20/11/2024;20/11/2024;
N9qgtSN3c2Sq;3000001269;5513;8;th.my;VND;Dài h?n;7;12/12/2023;05/12/2051;12/12/2023;12/12/2023;
7FCZ2ghhdUUL;3000001269;5513;8;th.my;VND;Dài h?n;6,7;15/10/2024;05/12/2051;15/10/2024;15/10/2024;
EdeFfunC19Ye;3000001302;5513;8;th.my;VND;Dài h?n;11;12/01/2024;12/01/2043;12/01/2024;12/01/2024;
L6YR4gBiHCnV;3000001310;5513;8;th.my;VND;Dài h?n;7;22/01/2024;22/01/2057;22/01/2024;22/01/2024;
PRffYlSSI75y;3000001394;5513;8;th.my;VND;Dài h?n;6,7;30/05/2024;31/05/2038;30/05/2024;30/05/2024;
mmIb4m2YLgXU;3000001401;8724;8;th.my;VND;Dài h?n;6;22/01/2025;25/05/2043;22/01/2025;22/01/2025;
4iwm5e3CUGtW;3000001401;8724;8;th.my;VND;Dài h?n;12;10/09/2024;25/05/2043;10/09/2024;10/09/2024;
bzeg9VDMJtYv;3000001401;8724;8;th.my;VND;Dài h?n;6;05/03/2025;25/05/2043;05/03/2025;05/03/2025;
rp5FD3h1NYPF;3000001401;8724;8;th.my;VND;Dài h?n;12;24/05/2024;25/05/2043;24/05/2024;24/05/2024;
bIRMaJLBdOQC;3000001401;8724;8;th.my;VND;Dài h?n;6;07/07/2025;25/05/2043;07/07/2025;07/07/2025;
kCz0AfzAxnQn;3000001401;8724;8;th.my;VND;Dài h?n;12;02/12/2024;25/05/2043;02/12/2024;02/12/2024;
7xVAJTqAAvFc;3000001401;8724;8;th.my;VND;Dài h?n;6;15/05/2025;25/05/2043;15/05/2025;15/05/2025;
dyEedDyQ3D4W;3000001401;8724;8;th.my;VND;Dài h?n;12;08/07/2024;25/05/2043;08/07/2024;08/07/2024;
Qo0zRpkfWEBu;3000001401;8724;8;th.my;VND;Dài h?n;6;11/09/2025;25/05/2043;11/09/2025;11/09/2025;
w91SthEM3aKJ;3000001404;5513;8;th.my;VND;Dài h?n;8,2;29/05/2024;28/05/2049;29/05/2024;29/05/2024;
D5hBNjCvKGY6;3000001424;5508;8;th.my;VND;Dài h?n;6,5;12/06/2024;13/06/2044;12/06/2024;12/06/2024;
pJSXpJoLoio0;3000001459;5512;8;th.my;VND;Trung h?n;7;18/07/2024;25/06/2029;18/07/2024;18/07/2024;
5e2U4HMzNJi4;3000001464;5513;8;th.my;VND;Dài h?n;6,7;10/10/2024;20/07/2054;10/10/2024;10/10/2024;
CZ7EitR0HEEc;3000001464;5513;8;th.my;VND;Dài h?n;6,7;23/07/2024;20/07/2054;23/07/2024;23/07/2024;
Ib6WfWt0iGHg;3000001484;5513;8;th.my;VND;Dài h?n;6,7;09/10/2024;05/08/2044;09/10/2024;09/10/2024;
kELEhI5XkZhZ;3000001484;5513;8;th.my;VND;Dài h?n;6,7;08/08/2024;05/08/2044;08/08/2024;08/08/2024;
q7VfFACbXTxM;3000001490;5513;8;th.my;VND;Dài h?n;6;29/10/2024;25/08/2059;29/10/2024;29/10/2024;
DFJFtMPOzfkN;3000001492;5513;8;th.my;VND;Dài h?n;6,5;15/10/2024;14/10/2044;15/10/2024;15/10/2024;
FnCU55gGJU3G;3000001492;5513;8;th.my;VND;Dài h?n;6,3;26/11/2024;14/10/2044;26/11/2024;26/11/2024;
HHV9VAirBgth;3000001527;5513;8;th.my;VND;Dài h?n;6,7;24/09/2024;18/09/2034;24/09/2024;24/09/2024;
Kz4qcKROSp3E;3000001531;5513;8;th.my;VND;Dài h?n;6,7;27/09/2024;21/09/2054;27/09/2024;27/09/2024;
UHmRMvpGWUvY;3000001531;5513;8;th.my;VND;Dài h?n;6,7;09/10/2024;09/09/2054;09/10/2024;09/10/2024;
cZSeV0VnuKfG;3000001532;5513;8;th.my;VND;Dài h?n;7;03/10/2024;26/09/2044;03/10/2024;03/10/2024;
cj6Vp9h9gwK8;3000001532;5513;8;th.my;VND;Dài h?n;7;29/10/2024;26/09/2044;29/10/2024;29/10/2024;
jySfwWroHDtO;3000001536;5513;8;th.my;VND;Dài h?n;6,5;22/10/2024;02/10/2054;22/10/2024;22/10/2024;
tMl8fflSCzsa;3000001536;5513;8;th.my;VND;Dài h?n;6,7;03/10/2024;02/10/2054;03/10/2024;03/10/2024;
DSkzcxyZjCB5;3000001538;5513;8;th.my;VND;Dài h?n;6,7;08/10/2024;04/10/2044;08/10/2024;08/10/2024;
uoENp2pF9imk;3000001538;5513;8;th.my;VND;Dài h?n;6,5;22/10/2024;04/10/2044;22/10/2024;22/10/2024;
Z2eKLfLC2FuA;3000001538;5513;8;th.my;VND;Dài h?n;6,7;08/10/2024;04/10/2044;08/10/2024;08/10/2024;
fByZ87qFBRhT;3000001538;5513;8;th.my;VND;Dài h?n;6,5;22/10/2024;04/10/2044;22/10/2024;22/10/2024;
gqXrCTIITLlf;3000001577;5508;8;th.my;VND;Dài h?n;6,7;19/11/2024;18/11/2039;19/11/2024;19/11/2024;
Jkfda7Ytqr7C;3000001582;5513;8;th.my;VND;Dài h?n;6;29/11/2024;29/11/2049;29/11/2024;29/11/2024;
FxeKERHuGVMo;3000001582;5513;8;th.my;VND;Dài h?n;6;29/11/2024;29/11/2049;29/11/2024;29/11/2024;
DTzgoOQeldjZ;3000001585;5513;8;th.my;VND;Dài h?n;6,5;26/11/2024;21/11/2044;26/11/2024;26/11/2024;
Y9sCuUZOGvHP;3000001585;5513;8;th.my;VND;Dài h?n;6,5;02/12/2024;21/11/2044;02/12/2024;02/12/2024;
Me01HFTigNUa;3000001587;5513;8;th.my;VND;Dài h?n;6,5;29/11/2024;20/11/2034;29/11/2024;29/11/2024;
zhKMGC3CAwtB;3000001587;5513;8;th.my;VND;Dài h?n;6,5;09/12/2024;20/11/2034;09/12/2024;09/12/2024;
moH7pIuKpAqU;3000001612;5513;8;th.my;VND;Dài h?n;6,3;03/03/2025;17/02/2043;03/03/2025;03/03/2025;
rEf0DTDQIRv3;3000001612;5513;8;th.my;VND;Dài h?n;7,5;13/05/2025;13/05/2043;13/05/2025;13/05/2025;
PwXuenogZ6pZ;3000001612;5513;8;th.my;VND;Dài h?n;6,3;17/02/2025;17/02/2043;17/02/2025;17/02/2025;
WDkABIgaBQgE;3000001707;8724;8;th.my;VND;Dài h?n;7,5;05/07/2024;31/01/2039;05/07/2024;05/07/2024;
8roiVy2p1KSU;3000001707;8724;8;th.my;VND;Dài h?n;7,5;14/03/2025;31/01/2039;14/03/2025;14/03/2025;
SGSr6c192Qli;3000001707;8724;8;th.my;VND;Dài h?n;7,5;01/02/2024;31/01/2039;01/02/2024;01/02/2024;
SCKnDUrO9JQz;3000001707;8724;8;th.my;VND;Dài h?n;7,5;18/10/2024;31/01/2039;18/10/2024;18/10/2024;
OcjDBeILfuts;3000001707;8724;8;th.my;VND;Dài h?n;7,5;08/05/2025;31/01/2039;08/05/2025;08/05/2025;
XIoL8UT8In3K;3000001707;8724;8;th.my;VND;Dài h?n;7,5;05/04/2024;31/01/2039;05/04/2024;05/04/2024;
Bz8YeuvmgtIY;3000001707;8724;8;th.my;VND;Dài h?n;7,5;22/01/2025;31/01/2039;22/01/2025;22/01/2025;
fgBNKzNpoin0;3000000387;8000;6;thachnn1;VND;Ng?n h?n;4,1;11/08/2025;11/02/2026;11/08/2025;11/08/2025;
bFKjPURRlZ04;3000000411;8000;6;thachnn1;VND;Ng?n h?n;8;21/10/2025;21/04/2026;21/10/2025;21/10/2025;
xoGmd1t4EqbZ;3000000411;8000;6;thachnn1;VND;Ng?n h?n;8;17/09/2025;17/03/2026;17/09/2025;17/09/2025;
z0UajUcuEl0a;3000000411;8000;6;thachnn1;VND;Ng?n h?n;8;25/07/2025;26/01/2026;25/07/2025;25/07/2025;
iZ9QpMxkRuUo;3000000411;8000;6;thachnn1;VND;Ng?n h?n;8;08/10/2025;08/04/2026;08/10/2025;08/10/2025;
asVb1H5oj5D8;3000000411;8000;6;thachnn1;VND;Ng?n h?n;8;07/11/2025;07/05/2026;07/11/2025;07/11/2025;
Q44Ku2uS7oHP;3000001034;8056;6;thachnn1;VND;Trung h?n;8;20/10/2025;20/04/2028;20/10/2025;20/10/2025;
4FkvofDoG9H0;3000000353;8000;12;thangtq6;VND;Ng?n h?n;5,12;20/03/2025;20/03/2026;20/03/2025;20/03/2025;
ZlOkUkhHeHko;3000000353;8000;12;thangtq6;VND;Ng?n h?n;4,9;30/07/2025;30/07/2026;30/07/2025;30/07/2025;
ZmSV2eUOAuYx;3000000353;8000;12;thangtq6;VND;Ng?n h?n;5,12;21/03/2025;23/03/2026;21/03/2025;21/03/2025;
Ju2wruECb2Sd;3000000353;8000;12;thangtq6;VND;Ng?n h?n;4,9;31/07/2025;31/07/2026;31/07/2025;31/07/2025;
JvrsEcF3wzC5;3000000355;8001;12;thangtq6;USD;Ng?n h?n;3,76;19/09/2025;19/03/2026;19/09/2025;19/09/2025;
DPPPlCFDusN5;3000000355;8000;12;thangtq6;VND;Ng?n h?n;4,73;17/10/2025;17/04/2026;17/10/2025;17/10/2025;
fhvLrO0lFOcN;3000000355;8000;12;thangtq6;VND;Ng?n h?n;4,56;23/09/2025;23/03/2026;23/09/2025;23/09/2025;
2ADpNFHAevsv;3000000355;8000;12;thangtq6;VND;Ng?n h?n;4,56;18/09/2025;18/03/2026;18/09/2025;18/09/2025;
cqHGJarWcXWG;3000000355;8000;12;thangtq6;VND;Ng?n h?n;4,66;15/10/2025;15/04/2026;15/10/2025;15/10/2025;
xVUPAqx6hK9N;3000000355;8000;12;thangtq6;VND;Ng?n h?n;4,55;06/06/2025;08/12/2025;06/06/2025;06/06/2025;
9c3Q7YErPWWA;3000000355;8000;12;thangtq6;VND;Ng?n h?n;4,56;19/09/2025;19/03/2026;19/09/2025;19/09/2025;
UXyT6hu4heDK;3000000355;8000;12;thangtq6;VND;Ng?n h?n;4,56;17/09/2025;17/03/2026;17/09/2025;17/09/2025;
kFTKIeShlVnX;3000000355;8000;12;thangtq6;VND;Ng?n h?n;4,56;16/09/2025;16/03/2026;16/09/2025;16/09/2025;
qt3c6HGAiGJ0;3000000355;8000;12;thangtq6;VND;Ng?n h?n;4,56;26/09/2025;26/03/2026;26/09/2025;26/09/2025;
84whLTmHAbgy;3000000355;8000;12;thangtq6;VND;Ng?n h?n;4,66;03/10/2025;03/04/2026;03/10/2025;03/10/2025;
Q2Cb0unvHwa6;3000000875;8001;12;thangtq6;USD;Ng?n h?n;3,8;22/10/2025;22/04/2026;22/10/2025;22/10/2025;
C97TF5Kja3Sj;3000000875;8001;12;thangtq6;USD;Ng?n h?n;3,8;22/10/2025;22/04/2026;22/10/2025;22/10/2025;
20wZZF1vv1K9;3000001080;8001;12;thangtq6;USD;Ng?n h?n;3,8;31/10/2025;04/05/2026;31/10/2025;31/10/2025;
EKyaTibqu19O;3000001080;8001;12;thangtq6;USD;Ng?n h?n;4,3;06/11/2025;06/05/2026;06/11/2025;06/11/2025;
aaSqAGgw2LAv;3000001146;8057;12;thangtq6;VND;Dài h?n;6,5;25/11/2025;25/11/2037;25/11/2025;25/11/2025;
4DMV4k85t5JC;3000001347;8057;12;thangtq6;VND;Dài h?n;7,2;26/06/2024;26/06/2036;26/06/2024;25/11/2025;
bxmI2FfZDNA7;3000000330;8000;7;thanhdt6;VND;Ng?n h?n;5,3;18/09/2025;18/03/2026;18/09/2025;18/09/2025;
FuYpOTvZXE3U;3000000330;8000;7;thanhdt6;VND;Ng?n h?n;5,7;22/10/2025;23/03/2026;22/10/2025;22/10/2025;
IweFWvKTaCuF;3000000330;8000;7;thanhdt6;VND;Ng?n h?n;5,3;14/10/2025;14/04/2026;14/10/2025;14/10/2025;
kktSW6O1PEyr;3000000330;8000;7;thanhdt6;VND;Ng?n h?n;5,3;29/07/2025;29/01/2026;29/07/2025;29/07/2025;
v2ItGOd2WV87;3000000330;8000;7;thanhdt6;VND;Ng?n h?n;5,3;27/08/2025;27/02/2026;27/08/2025;27/08/2025;
Zou0M6tjfGI2;3000000365;9805;7;thanhdt6;USD;Ng?n h?n;4,8;19/11/2025;18/01/2026;19/11/2025;19/11/2025;
cFOiEiWMSfGV;3000000365;9805;7;thanhdt6;USD;Ng?n h?n;4,8;28/11/2025;27/01/2026;28/11/2025;28/11/2025;
9BhckCcjJW86;3000000365;8001;7;thanhdt6;USD;Ng?n h?n;4,85;08/07/2025;08/01/2026;08/07/2025;08/07/2025;
Ov0QC2UaFBQg;3000000365;8001;7;thanhdt6;USD;Ng?n h?n;4,8;23/10/2025;23/04/2026;23/10/2025;23/10/2025;
W2azWfyGzm8c;3000000365;8001;7;thanhdt6;USD;Ng?n h?n;4,8;24/10/2025;24/04/2026;24/10/2025;24/10/2025;
ZNGEEjjHjLVF;3000000365;8001;7;thanhdt6;USD;Ng?n h?n;4,85;25/07/2025;26/01/2026;25/07/2025;25/07/2025;
LBMcwWTzyAeP;3000000365;8001;7;thanhdt6;USD;Ng?n h?n;4,85;07/08/2025;09/02/2026;07/08/2025;07/08/2025;
7CXpTYBELZ8R;3000000365;8001;7;thanhdt6;USD;Ng?n h?n;4,85;20/06/2025;22/12/2025;20/06/2025;20/06/2025;
WeBRLe6BQftR;3000000365;8001;7;thanhdt6;USD;Ng?n h?n;4,85;02/10/2025;02/04/2026;02/10/2025;02/10/2025;
1ICXY6U6bxZr;3000000365;8001;7;thanhdt6;USD;Ng?n h?n;4,85;10/07/2025;12/01/2026;10/07/2025;10/07/2025;
7b1xilACjFKG;3000000365;8000;7;thanhdt6;VND;Ng?n h?n;5;22/08/2025;23/02/2026;22/08/2025;22/08/2025;
huunkLZPRTAk;3000000365;8000;7;thanhdt6;VND;Ng?n h?n;5;10/09/2025;10/03/2026;10/09/2025;10/09/2025;
pkegcBQhwZc8;3000000365;8001;7;thanhdt6;USD;Ng?n h?n;4,85;14/07/2025;14/01/2026;14/07/2025;14/07/2025;
zhSl5DXxe8ic;3000000365;8001;7;thanhdt6;USD;Ng?n h?n;4,85;31/07/2025;02/02/2026;31/07/2025;31/07/2025;
yzKzrrPMrBlC;3000000365;8001;7;thanhdt6;USD;Ng?n h?n;4,85;08/09/2025;09/03/2026;08/09/2025;08/09/2025;
HqNWrnGvvi46;3000000365;8001;7;thanhdt6;USD;Ng?n h?n;4,8;13/11/2025;13/05/2026;13/11/2025;13/11/2025;
pUsR1zGMC3rI;3000000365;8000;7;thanhdt6;VND;Ng?n h?n;5;23/07/2025;23/01/2026;23/07/2025;23/07/2025;
CaIGcFYD7vaa;3000000365;8001;7;thanhdt6;USD;Ng?n h?n;4,85;28/07/2025;28/01/2026;28/07/2025;28/07/2025;
gCcWVzhAWo5a;3000000365;8001;7;thanhdt6;USD;Ng?n h?n;4,85;22/09/2025;23/03/2026;22/09/2025;22/09/2025;
FRWUWLrAPotT;3000000365;8001;7;thanhdt6;USD;Ng?n h?n;4,85;30/05/2025;01/12/2025;30/05/2025;30/05/2025;
4iWzUXdNEQ1R;3000000365;8000;7;thanhdt6;VND;Ng?n h?n;5;18/08/2025;18/02/2026;18/08/2025;18/08/2025;
Bde5OxB1JSg4;3000000381;8000;7;thanhdt6;VND;Ng?n h?n;5,3;03/07/2025;05/01/2026;03/07/2025;03/07/2025;
jJXMxBWkmBMJ;3000000381;8000;7;thanhdt6;VND;Ng?n h?n;5,3;29/08/2025;02/03/2026;29/08/2025;29/08/2025;
c7QyBksH9fU6;3000000381;8000;7;thanhdt6;VND;Ng?n h?n;5,3;19/09/2025;19/03/2026;19/09/2025;19/09/2025;
Dw0YtxscDPLG;3000000408;8000;7;thanhdt6;VND;Ng?n h?n;4,5;15/10/2025;15/04/2026;15/10/2025;15/10/2025;
zoFPtIEYGg7d;3000000408;8000;7;thanhdt6;VND;Ng?n h?n;6,5;12/11/2025;12/05/2026;12/11/2025;12/11/2025;
7aRhPTKN1wC9;3000000408;8000;7;thanhdt6;VND;Ng?n h?n;4,5;03/10/2025;03/04/2026;03/10/2025;03/10/2025;
BbQAkj1c6PRy;3000000408;8000;7;thanhdt6;VND;Ng?n h?n;4,7;21/10/2025;21/04/2026;21/10/2025;21/10/2025;
md3C5AyUKaon;3000000408;8000;7;thanhdt6;VND;Ng?n h?n;4,5;18/09/2025;18/03/2026;18/09/2025;18/09/2025;
b9ycjtLNYMk9;3000000408;8000;7;thanhdt6;VND;Ng?n h?n;4,5;21/07/2025;21/01/2026;21/07/2025;21/07/2025;
js3sojCHPLQG;3000000408;8000;7;thanhdt6;VND;Ng?n h?n;4,5;06/08/2025;06/02/2026;06/08/2025;06/08/2025;
coAbgFgHmTZi;3000000408;8000;7;thanhdt6;VND;Ng?n h?n;4,5;15/08/2025;16/02/2026;15/08/2025;15/08/2025;
0wme8VRHMNlH;3000000450;8000;7;thanhdt6;VND;Ng?n h?n;6,6;19/11/2025;19/05/2026;19/11/2025;19/11/2025;
E63DJauxtUiw;3000000711;8057;7;thanhdt6;VND;Dài h?n;12;10/11/2023;08/11/2033;10/11/2023;10/11/2023;
mbPjkmLdOiJw;3000000711;8057;7;thanhdt6;VND;Dài h?n;8,2;26/02/2025;08/11/2033;26/02/2025;26/02/2025;
PIekbxqqDeWa;3000000711;8057;7;thanhdt6;VND;Dài h?n;8,2;31/03/2025;08/11/2033;31/03/2025;31/03/2025;
oLJvPZicMKQD;3000000711;8057;7;thanhdt6;VND;Dài h?n;12;28/11/2024;08/11/2033;28/11/2024;10/01/2025;
GjnJnQ1vctC9;3000000711;8057;7;thanhdt6;VND;Dài h?n;12;09/11/2023;08/11/2033;09/11/2023;09/11/2023;
S3Ogt0qqsVSP;3000001144;8000;7;thanhdt6;VND;Ng?n h?n;5,9;14/07/2025;14/01/2026;14/07/2025;14/07/2025;
yKW425o6E92D;3000001144;8000;7;thanhdt6;VND;Ng?n h?n;7,4;30/10/2025;30/07/2026;30/10/2025;30/10/2025;
FF6uPSktLaKJ;3000001144;8000;7;thanhdt6;VND;Ng?n h?n;5,9;02/06/2025;02/03/2026;02/06/2025;02/06/2025;
opX0cQQyoVZN;3000001475;8000;7;thanhdt6;VND;Ng?n h?n;5,5;29/09/2025;26/12/2025;29/09/2025;29/09/2025;
qSaO5lIKDy0V;3000001679;7200;8;thaoltt4;VND;Ng?n h?n;1,5;28/08/2025;02/03/2026;28/08/2025;28/08/2025;
1CSaWMEuPlQo;3000001632;6300;8;thienlt;VND;Ng?n h?n;13;27/10/2025;27/10/2026;30/10/2025;29/11/2025;
BBL9dvkbrT14;3000000332;8000;7;thoaict;VND;Ng?n h?n;7;06/10/2025;06/04/2026;06/10/2025;06/10/2025;
lNhiJdrVzO8D;3000000332;8000;7;thoaict;VND;Ng?n h?n;7,7;17/11/2025;18/05/2026;17/11/2025;17/11/2025;
tkrEBK45ZaBR;3000000332;8000;7;thoaict;VND;Ng?n h?n;7;08/09/2025;09/03/2026;08/09/2025;08/09/2025;
JKInlwjEOv7Q;3000000332;8000;7;thoaict;VND;Ng?n h?n;7;18/07/2025;19/01/2026;18/07/2025;18/07/2025;
XZPFhSPObIpa;3000000332;8000;7;thoaict;VND;Ng?n h?n;6,8;17/10/2025;17/04/2026;17/10/2025;17/10/2025;
aBv59AhecxCr;3000000332;8000;7;thoaict;VND;Ng?n h?n;7,7;18/11/2025;18/05/2026;18/11/2025;18/11/2025;
H7krZ4G4NopP;3000000332;8000;7;thoaict;VND;Ng?n h?n;7;06/08/2025;06/02/2026;06/08/2025;06/08/2025;
DzO1Ss3LiZXU;3000000332;8000;7;thoaict;VND;Ng?n h?n;7,3;04/11/2025;04/05/2026;04/11/2025;04/11/2025;
U8g0ovCsmMtC;3000000332;8000;7;thoaict;VND;Ng?n h?n;7;28/08/2025;02/03/2026;28/08/2025;28/08/2025;
N4oKOv7Xyxc6;3000000332;8000;7;thoaict;VND;Ng?n h?n;7,7;20/11/2025;20/05/2026;20/11/2025;20/11/2025;
tpMxyoxIVgHA;3000000332;8000;7;thoaict;VND;Ng?n h?n;7;06/06/2025;08/12/2025;06/06/2025;06/06/2025;
PCK1f750vmJu;3000000332;8000;7;thoaict;VND;Ng?n h?n;7;19/06/2025;19/12/2025;19/06/2025;19/06/2025;
n4kWWB792Gac;3000000346;8000;7;thoaict;VND;Ng?n h?n;7;30/05/2025;02/03/2026;30/05/2025;30/05/2025;
lJhC5Bt92IGX;3000000346;8000;7;thoaict;VND;Ng?n h?n;7;27/06/2025;27/03/2026;27/06/2025;27/06/2025;
94VNAUz25JtM;3000000346;8000;7;thoaict;VND;Ng?n h?n;6,9;11/07/2025;13/04/2026;11/07/2025;11/07/2025;
p9rJYHQoRwik;3000000346;8000;7;thoaict;VND;Ng?n h?n;6,9;07/10/2025;07/07/2026;07/10/2025;07/10/2025;
zfb44MWu6WeT;3000000346;8000;7;thoaict;VND;Ng?n h?n;6,7;13/10/2025;13/04/2026;13/10/2025;13/10/2025;
DOz8wINodgCr;3000000346;8000;7;thoaict;VND;Ng?n h?n;7,2;26/03/2025;26/12/2025;26/03/2025;26/03/2025;
lAYDIf2GNjk1;3000000346;8000;7;thoaict;VND;Ng?n h?n;7;27/05/2025;27/02/2026;27/05/2025;27/05/2025;
TOs8X9Q2Gd05;3000000346;8000;7;thoaict;VND;Ng?n h?n;6,9;19/08/2025;19/05/2026;19/08/2025;19/08/2025;
Gggfz7dpY3tQ;3000000346;8000;7;thoaict;VND;Ng?n h?n;6,9;05/09/2025;05/06/2026;05/09/2025;05/09/2025;
3PxSIO6Je5vf;3000000346;8000;7;thoaict;VND;Ng?n h?n;8,4;18/11/2025;18/08/2026;18/11/2025;18/11/2025;
0ZoPWLJTP4Cx;3000000346;8000;7;thoaict;VND;Ng?n h?n;6,9;12/09/2025;12/06/2026;12/09/2025;12/09/2025;
LVXN2SXXj1SN;3000000346;8000;7;thoaict;VND;Ng?n h?n;6,9;10/07/2025;10/04/2026;10/07/2025;10/07/2025;
lnqR4WdHa4Te;3000000346;8000;7;thoaict;VND;Ng?n h?n;7,9;27/10/2025;27/07/2026;27/10/2025;27/10/2025;
ZC4RYEzz3gxV;3000000346;8000;7;thoaict;VND;Ng?n h?n;7,9;11/11/2025;11/05/2026;11/11/2025;11/11/2025;
ipSixuJlAYPh;3000000346;8000;7;thoaict;VND;Ng?n h?n;6,9;18/07/2025;20/04/2026;18/07/2025;18/07/2025;
oDmqTCl7zEBO;3000000346;8000;7;thoaict;VND;Ng?n h?n;6,6;05/08/2025;05/02/2026;05/08/2025;05/08/2025;
WNSxPycDVFCo;3000000346;8000;7;thoaict;VND;Ng?n h?n;6,9;17/09/2025;17/06/2026;17/09/2025;17/09/2025;
v76FhzKuuHTv;3000000346;8000;7;thoaict;VND;Ng?n h?n;7,9;31/10/2025;31/07/2026;31/10/2025;31/10/2025;
hzpzgMUzEuLi;3000000346;8000;7;thoaict;VND;Ng?n h?n;6,9;31/07/2025;30/04/2026;31/07/2025;31/07/2025;
jyaOOGj5JKMU;3000000346;8000;7;thoaict;VND;Ng?n h?n;6,9;11/09/2025;11/06/2026;11/09/2025;11/09/2025;
dAcs6mYd4ihm;3000000346;8000;7;thoaict;VND;Ng?n h?n;8,4;28/11/2025;28/08/2026;28/11/2025;28/11/2025;
R7siw33eITCm;3000000346;8000;7;thoaict;VND;Ng?n h?n;6,9;30/07/2025;30/04/2026;30/07/2025;30/07/2025;
BRNPsX6oETfY;3000000346;8000;7;thoaict;VND;Ng?n h?n;6,9;22/08/2025;22/05/2026;22/08/2025;22/08/2025;
ThrnFBn58m7e;3000000346;8000;7;thoaict;VND;Ng?n h?n;7;19/05/2025;19/02/2026;19/05/2025;19/05/2025;
wboxTvF8QQyu;3000000346;8000;7;thoaict;VND;Ng?n h?n;7;30/06/2025;30/03/2026;30/06/2025;30/06/2025;
0oonU0TXFg1j;3000000350;8000;7;thoaict;VND;Ng?n h?n;6,1;01/10/2025;02/02/2026;01/10/2025;01/10/2025;
b3qgzAOd69ud;3000000350;8000;7;thoaict;VND;Ng?n h?n;7;05/11/2025;05/03/2026;05/11/2025;05/11/2025;
snrkEUK9Sm2g;3000000350;8000;7;thoaict;VND;Ng?n h?n;7;30/10/2025;02/03/2026;30/10/2025;30/10/2025;
wiC738r632AK;3000000350;8000;7;thoaict;VND;Ng?n h?n;6,1;07/10/2025;09/02/2026;07/10/2025;07/10/2025;
egqNpkHeizK7;3000000350;8000;7;thoaict;VND;Ng?n h?n;7,2;12/11/2025;12/03/2026;12/11/2025;12/11/2025;
3iJxKtHRDLnk;3000000350;8000;7;thoaict;VND;Ng?n h?n;7,2;28/11/2025;30/03/2026;28/11/2025;28/11/2025;
CLo5UZKGZGfg;3000000351;8000;7;thoaict;VND;Ng?n h?n;5,8;30/09/2025;30/03/2026;30/09/2025;30/09/2025;
FEFkrDb6aGlF;3000000417;8000;7;thoaict;VND;Ng?n h?n;6,5;18/09/2025;18/03/2026;18/09/2025;18/09/2025;
pOykJxXNLRSU;3000000417;8000;7;thoaict;VND;Ng?n h?n;8;21/11/2025;21/05/2026;21/11/2025;21/11/2025;
e5yfuqk1p8Pw;3000000417;8000;7;thoaict;VND;Ng?n h?n;7,3;07/11/2025;07/05/2026;07/11/2025;07/11/2025;
NyKp1OBWkVSs;3000000417;8000;7;thoaict;VND;Ng?n h?n;8;11/11/2025;11/05/2026;11/11/2025;11/11/2025;
imA35AKlE4LX;3000000417;8000;7;thoaict;VND;Ng?n h?n;8;12/11/2025;12/05/2026;12/11/2025;12/11/2025;
y87RRCmiAzqc;3000000417;8000;7;thoaict;VND;Ng?n h?n;7,3;23/10/2025;23/04/2026;23/10/2025;23/10/2025;
Fy5FffcTShGt;3000000417;8000;7;thoaict;VND;Ng?n h?n;7,3;27/10/2025;27/04/2026;27/10/2025;27/10/2025;
lS0PBMKkZCmy;3000000417;8000;7;thoaict;VND;Ng?n h?n;6,5;25/09/2025;25/03/2026;25/09/2025;25/09/2025;
mroatc6KpekR;3000000417;8000;7;thoaict;VND;Ng?n h?n;6,5;01/10/2025;01/04/2026;01/10/2025;01/10/2025;
KDJT85akeWGl;3000000417;8000;7;thoaict;VND;Ng?n h?n;6,5;04/09/2025;04/03/2026;04/09/2025;04/09/2025;
GD7X9f0CT1rL;3000000417;8000;7;thoaict;VND;Ng?n h?n;6,5;23/09/2025;23/03/2026;23/09/2025;23/09/2025;
wyLap4mBqeuI;3000000417;8000;7;thoaict;VND;Ng?n h?n;6,5;09/10/2025;09/04/2026;09/10/2025;09/10/2025;
dGvFCL26Wt9v;3000000417;8000;7;thoaict;VND;Ng?n h?n;6,5;19/08/2025;19/02/2026;19/08/2025;19/08/2025;
ECwt0ky4Axue;3000000417;8000;7;thoaict;VND;Ng?n h?n;6,5;05/08/2025;05/02/2026;05/08/2025;05/08/2025;
biELnDg3FJ1N;3000000417;8000;7;thoaict;VND;Ng?n h?n;6,5;08/10/2025;08/04/2026;08/10/2025;08/10/2025;
BX8UbSjHA5LY;3000000403;8000;5;thonna;VND;Ng?n h?n;6;10/07/2025;12/01/2026;10/07/2025;10/07/2025;
tDxBrRT4lYT3;3000000403;8000;5;thonna;VND;Ng?n h?n;6;28/08/2025;02/03/2026;28/08/2025;28/08/2025;
BZBIkrIANxqv;3000000403;8000;5;thonna;VND;Ng?n h?n;7,3;10/11/2025;11/05/2026;10/11/2025;10/11/2025;
44LDsC4ozO8a;3000000403;8000;5;thonna;VND;Ng?n h?n;5,6;30/05/2025;01/12/2025;30/05/2025;30/05/2025;
Ifrw84HJTLhH;3000000403;8000;5;thonna;VND;Ng?n h?n;6;30/07/2025;30/01/2026;30/07/2025;30/07/2025;
keOBscU3krEJ;3000000403;8000;5;thonna;VND;Ng?n h?n;7,3;21/10/2025;21/04/2026;21/10/2025;21/10/2025;
FVcRBC8OKxNg;3000000403;8000;5;thonna;VND;Ng?n h?n;7,3;13/11/2025;13/05/2026;13/11/2025;13/11/2025;
jQQBEYDECGi6;3000000403;8000;5;thonna;VND;Ng?n h?n;6;30/06/2025;30/12/2025;30/06/2025;30/06/2025;
Nm0Wiaw5uOve;3000000403;8000;5;thonna;VND;Ng?n h?n;6;15/07/2025;15/01/2026;15/07/2025;15/07/2025;
VvgATPGr25vt;3000000403;8000;5;thonna;VND;Ng?n h?n;6;03/10/2025;03/04/2026;03/10/2025;03/10/2025;
5FhfeI0QuiTY;3000000403;8000;5;thonna;VND;Ng?n h?n;7,3;06/11/2025;06/05/2026;06/11/2025;06/11/2025;
LwmUuOEPTlr9;3000000403;8000;5;thonna;VND;Ng?n h?n;5,6;30/05/2025;01/12/2025;30/05/2025;30/05/2025;
FhC9p8vjxyFR;3000000403;8000;5;thonna;VND;Ng?n h?n;6;24/06/2025;24/12/2025;24/06/2025;24/06/2025;
4kAdqhLWnxZn;3000000403;8000;5;thonna;VND;Ng?n h?n;6;14/08/2025;16/02/2026;14/08/2025;14/08/2025;
DW3EvXEdPHiq;3000000403;8000;5;thonna;VND;Ng?n h?n;6;15/09/2025;16/03/2026;15/09/2025;15/09/2025;
CtxZOmQqBjJo;3000000403;8000;5;thonna;VND;Ng?n h?n;7;14/10/2025;14/04/2026;14/10/2025;14/10/2025;
n2WlwRVcUhHk;3000000403;8000;5;thonna;VND;Ng?n h?n;7,3;27/10/2025;27/04/2026;27/10/2025;27/10/2025;
LmdAAjH65uJn;3000000403;8000;5;thonna;VND;Ng?n h?n;6,5;25/11/2025;25/05/2026;25/11/2025;25/11/2025;
AdEHjhvc0VWl;3000000403;8056;5;thonna;VND;Trung h?n;8,3;06/06/2024;25/05/2029;06/06/2024;14/11/2024;
SFABoqhxB4sG;3000000403;8000;5;thonna;VND;Ng?n h?n;6;13/06/2025;15/12/2025;13/06/2025;13/06/2025;
7ulYNyrlR1ap;3000000403;8000;5;thonna;VND;Ng?n h?n;6;19/08/2025;19/02/2026;19/08/2025;19/08/2025;
CEgLMm0KC1zk;3000000403;8000;5;thonna;VND;Ng?n h?n;6;05/09/2025;05/03/2026;05/09/2025;05/09/2025;
45AxawpEiGg8;3000000403;8000;5;thonna;VND;Ng?n h?n;6;12/09/2025;12/03/2026;12/09/2025;12/09/2025;
0njZRCSN5rua;3000000403;8000;5;thonna;VND;Ng?n h?n;6;26/09/2025;26/03/2026;26/09/2025;26/09/2025;
eu0qjb2c5f6M;3000000403;8000;5;thonna;VND;Ng?n h?n;6,5;26/11/2025;26/05/2026;26/11/2025;26/11/2025;
pVxQmnGgJMOc;3000000403;8000;5;thonna;VND;Ng?n h?n;5,6;30/05/2025;01/12/2025;30/05/2025;30/05/2025;
lEnOW9BAj5W9;3000000403;8000;5;thonna;VND;Ng?n h?n;6;16/06/2025;16/12/2025;16/06/2025;16/06/2025;
SPDT5uKRBSg7;3000000403;8000;5;thonna;VND;Ng?n h?n;6;04/07/2025;05/01/2026;04/07/2025;04/07/2025;
PSkSrXITFY1G;3000000403;8000;5;thonna;VND;Ng?n h?n;6;15/08/2025;16/02/2026;15/08/2025;15/08/2025;
cofxxHMmHNzO;3000000403;8000;5;thonna;VND;Ng?n h?n;6;12/09/2025;12/03/2026;12/09/2025;12/09/2025;
ATyO3OGsEht9;3000000403;8000;5;thonna;VND;Ng?n h?n;6;30/09/2025;30/03/2026;30/09/2025;30/09/2025;
URFE5ljZxlOL;3000000403;8000;5;thonna;VND;Ng?n h?n;7,3;13/11/2025;13/05/2026;13/11/2025;13/11/2025;
56xSmH6ASaU8;3000000403;8056;5;thonna;VND;Trung h?n;8,3;05/06/2024;25/05/2029;05/06/2024;18/09/2024;
nwJjRbiAlMpO;3000000403;8000;5;thonna;VND;Ng?n h?n;6;10/06/2025;10/12/2025;10/06/2025;10/06/2025;
7QWn1zt7RxSC;3000000403;8000;5;thonna;VND;Ng?n h?n;6;15/07/2025;15/01/2026;15/07/2025;15/07/2025;
QDD1EBt4qzIr;3000000403;8000;5;thonna;VND;Ng?n h?n;6;18/07/2025;19/01/2026;18/07/2025;18/07/2025;
OxyKMdHBOO5v;3000000403;8000;5;thonna;VND;Ng?n h?n;6;08/09/2025;09/03/2026;08/09/2025;08/09/2025;
1PY5VIHRIMtK;3000000403;8000;5;thonna;VND;Ng?n h?n;6;24/09/2025;24/03/2026;24/09/2025;24/09/2025;
ODolutBxqD7X;3000000403;8000;5;thonna;VND;Ng?n h?n;6;25/09/2025;25/03/2026;25/09/2025;25/09/2025;
6ahU1IForC3G;3000000403;8000;5;thonna;VND;Ng?n h?n;7;14/10/2025;14/04/2026;14/10/2025;14/10/2025;
QgrKcCwCvgry;3000000403;8057;5;thonna;VND;Dài h?n;12,5;22/06/2021;19/06/2028;22/06/2021;22/06/2021;
eAKRqMr8o5wV;3000000403;8056;5;thonna;VND;Trung h?n;8,3;13/05/2024;14/05/2029;13/05/2024;30/07/2024;
GR8eLF7GXteR;3000000403;8000;5;thonna;VND;Ng?n h?n;6;06/06/2025;08/12/2025;06/06/2025;06/06/2025;
FtuAFvzdrsuL;3000000403;8000;5;thonna;VND;Ng?n h?n;6;16/06/2025;16/12/2025;16/06/2025;16/06/2025;
wIVnZCvXHpev;3000000403;8000;5;thonna;VND;Ng?n h?n;7;16/10/2025;16/04/2026;16/10/2025;16/10/2025;
Xu2cI2oru1ZM;3000000403;8000;5;thonna;VND;Ng?n h?n;7,3;14/11/2025;14/05/2026;14/11/2025;14/11/2025;
0z1aSys0B4Or;3000000403;8000;5;thonna;VND;Ng?n h?n;6;04/07/2025;05/01/2026;04/07/2025;04/07/2025;
dx054KCKWfRz;3000000403;8000;5;thonna;VND;Ng?n h?n;6;22/08/2025;23/02/2026;22/08/2025;22/08/2025;
d62032LX0QHR;3000000403;8000;5;thonna;VND;Ng?n h?n;6;09/09/2025;09/03/2026;09/09/2025;09/09/2025;
s7BFR78NsbwQ;3000000403;8000;5;thonna;VND;Ng?n h?n;6;24/07/2025;26/01/2026;24/07/2025;24/07/2025;
e70mOBpeKBJo;3000000403;8000;5;thonna;VND;Ng?n h?n;6;06/08/2025;06/02/2026;06/08/2025;06/08/2025;
t8H9VL4LxJve;3000000403;8000;5;thonna;VND;Ng?n h?n;6;10/09/2025;10/03/2026;10/09/2025;10/09/2025;
DqHvokkotX35;3000000403;8000;5;thonna;VND;Ng?n h?n;6;25/09/2025;25/03/2026;25/09/2025;25/09/2025;
4Q3teiOTB5Bc;3000000403;8000;5;thonna;VND;Ng?n h?n;6;30/09/2025;30/03/2026;30/09/2025;30/09/2025;
6IKHzi43QX9y;3000000403;8000;5;thonna;VND;Ng?n h?n;6;03/10/2025;03/04/2026;03/10/2025;03/10/2025;
5TkikfbMbfY4;3000000478;8001;5;thonna;USD;Ng?n h?n;3,9;06/10/2025;06/04/2026;06/10/2025;06/10/2025;
ZCd8HBY9IFHi;3000000478;8001;5;thonna;USD;Ng?n h?n;3,9;27/06/2025;29/12/2025;27/06/2025;27/06/2025;
Y6yNkPaE6WfX;3000000478;8001;5;thonna;USD;Ng?n h?n;3,9;15/09/2025;16/03/2026;15/09/2025;15/09/2025;
PxQaSXpAgsFP;3000000478;8001;5;thonna;USD;Ng?n h?n;4;22/10/2025;22/04/2026;22/10/2025;22/10/2025;
WY6XOiwPVCCl;3000000478;8001;5;thonna;USD;Ng?n h?n;3,9;22/09/2025;23/03/2026;22/09/2025;22/09/2025;
GhCKGpsfOOx8;3000000478;8001;5;thonna;USD;Ng?n h?n;3,9;29/09/2025;30/03/2026;29/09/2025;29/09/2025;
oVZOJdIaZaZQ;3000000480;8000;5;thonna;VND;Ng?n h?n;4,3;15/10/2025;16/02/2026;15/10/2025;15/10/2025;
ZuSFRgRIwqYU;3000001638;8057;5;thonna;VND;Dài h?n;6;28/11/2025;28/11/2039;28/11/2025;28/11/2025;
BRfqB37ywkAE;3000000341;8001;5;thundm;USD;Ng?n h?n;5,4;27/06/2025;27/03/2026;27/06/2025;27/06/2025;
k9Mh96tK9zHI;3000000341;8000;5;thundm;VND;Ng?n h?n;5,7;30/10/2025;30/04/2026;30/10/2025;30/10/2025;
mubWYGQW8elW;3000000341;8001;5;thundm;USD;Ng?n h?n;5,4;20/05/2025;20/02/2026;20/05/2025;20/05/2025;
i81YZvN1ss5S;3000000341;8001;5;thundm;USD;Ng?n h?n;5,4;23/05/2025;23/02/2026;23/05/2025;23/05/2025;
EXGzfpjwWQu4;3000000341;8001;5;thundm;USD;Ng?n h?n;5,4;10/06/2025;10/03/2026;10/06/2025;10/06/2025;
EdkAvPe4BhC2;3000000341;8001;5;thundm;USD;Ng?n h?n;5;15/07/2025;15/04/2026;15/07/2025;15/07/2025;
SVR3W73bDgDE;3000000341;8001;5;thundm;USD;Ng?n h?n;5;13/10/2025;13/07/2026;13/10/2025;13/10/2025;
oTCJBGlrcZCa;3000000341;8001;5;thundm;USD;Ng?n h?n;5;04/11/2025;04/08/2026;04/11/2025;04/11/2025;
oSRgasGnCnVz;3000000341;8001;5;thundm;USD;Ng?n h?n;5,4;15/05/2025;16/02/2026;15/05/2025;15/05/2025;
p8zR2uuSCWO9;3000000341;8001;5;thundm;USD;Ng?n h?n;5,4;30/06/2025;30/03/2026;30/06/2025;30/06/2025;
9IAIeK6XsgJD;3000000341;8001;5;thundm;USD;Ng?n h?n;5;16/07/2025;16/04/2026;16/07/2025;16/07/2025;
rj1mciqAKAc4;3000000341;8000;5;thundm;VND;Ng?n h?n;4,4;11/08/2025;11/02/2026;11/08/2025;11/08/2025;
kISHayjWmG7w;3000000341;8001;5;thundm;USD;Ng?n h?n;5;18/09/2025;18/06/2026;18/09/2025;18/09/2025;
Ls3vFK2hBuYI;3000000341;8001;5;thundm;USD;Ng?n h?n;5;17/10/2025;17/07/2026;17/10/2025;17/10/2025;
38NVuAHZcbcA;3000000341;8001;5;thundm;USD;Ng?n h?n;5,4;11/06/2025;11/03/2026;11/06/2025;11/06/2025;
35srimBJBzte;3000000341;8000;5;thundm;VND;Ng?n h?n;4,5;30/09/2025;30/03/2026;30/09/2025;30/09/2025;
JqV0OuejACqU;3000000341;8001;5;thundm;USD;Ng?n h?n;5,4;29/05/2025;02/03/2026;29/05/2025;29/05/2025;
RwXZh3GyZnG6;3000000341;8001;5;thundm;USD;Ng?n h?n;5;08/09/2025;08/06/2026;08/09/2025;08/09/2025;
ImKOZva6V1RH;3000000341;8001;5;thundm;USD;Ng?n h?n;5;04/07/2025;06/04/2026;04/07/2025;04/07/2025;
wiB6vZOBGS2D;3000000341;8001;5;thundm;USD;Ng?n h?n;5;24/07/2025;24/04/2026;24/07/2025;24/07/2025;
jLbQ4tWBi6QV;3000000341;8001;5;thundm;USD;Ng?n h?n;5;23/07/2025;23/04/2026;23/07/2025;23/07/2025;
WRAyzGpYfcm1;3000000341;8001;5;thundm;USD;Ng?n h?n;5;26/08/2025;26/05/2026;26/08/2025;26/08/2025;
c8Ptpe5cXiGb;3000000341;8001;5;thundm;USD;Ng?n h?n;5,4;04/06/2025;04/03/2026;04/06/2025;04/06/2025;
uyv2pSDRjxPV;3000000341;8001;5;thundm;USD;Ng?n h?n;5,4;12/06/2025;12/03/2026;12/06/2025;12/06/2025;
DqQ63dRhqCVG;3000000341;8001;5;thundm;USD;Ng?n h?n;5;15/07/2025;15/04/2026;15/07/2025;15/07/2025;
ZOldDa6laZyp;3000000341;8001;5;thundm;USD;Ng?n h?n;5;15/10/2025;15/07/2026;15/10/2025;15/10/2025;
14sikkfAZKy4;3000000341;8001;5;thundm;USD;Ng?n h?n;5;30/10/2025;30/07/2026;30/10/2025;30/10/2025;
zTPEddOOHlXJ;3000000341;8000;5;thundm;VND;Ng?n h?n;5,7;30/10/2025;30/04/2026;30/10/2025;30/10/2025;
ASedrp7q6CKA;3000000341;8001;5;thundm;USD;Ng?n h?n;5;19/08/2025;19/05/2026;19/08/2025;19/08/2025;
7zpb5evuJpls;3000000341;8000;5;thundm;VND;Ng?n h?n;4,4;28/08/2025;02/03/2026;28/08/2025;28/08/2025;
TODMrHtYZ1WK;3000000437;8001;5;thundm;USD;Ng?n h?n;4,6;19/09/2025;19/01/2026;19/09/2025;19/09/2025;
uUvgXaVDTtX7;3000000437;8001;5;thundm;USD;Ng?n h?n;4,6;04/09/2025;05/01/2026;04/09/2025;04/09/2025;
GLzFEmQJDbpE;3000000437;8001;5;thundm;USD;Ng?n h?n;4,6;05/09/2025;05/01/2026;05/09/2025;05/09/2025;
qJK1fNBO1H16;3000000437;8001;5;thundm;USD;Ng?n h?n;4,6;08/09/2025;08/01/2026;08/09/2025;08/09/2025;
RAtD85jkgKYl;3000000449;8057;5;thundm;VND;Dài h?n;7,7;14/12/2022;04/10/2035;14/12/2022;25/06/2024;
sYAkC8XTBXL8;3000000449;8057;5;thundm;VND;Dài h?n;7,8;20/11/2025;25/09/2031;20/11/2025;20/11/2025;
4wo4QQ81Jdzp;3000000449;8057;5;thundm;VND;Dài h?n;7,7;05/10/2021;04/10/2035;05/10/2021;25/11/2022;
5a25Hvi2FwlT;3000000449;8057;5;thundm;VND;Dài h?n;7,8;30/10/2023;26/09/2031;30/10/2023;30/10/2023;
YTpvAQEtCbEF;3000000449;8057;5;thundm;VND;Dài h?n;7,7;27/10/2025;04/10/2035;27/10/2025;27/10/2025;
xQMxS3ez7FcH;3000000449;8057;5;thundm;VND;Dài h?n;7,8;27/09/2019;26/09/2031;27/09/2019;19/01/2022;
NNlMRTahK2q1;3000000002;5508;17;thuongtt4;VND;Dài h?n;8,5;11/04/2024;11/04/2039;11/04/2024;11/04/2024;
26HyYJbYO7uo;3000000002;5508;17;thuongtt4;VND;Dài h?n;8,5;11/04/2024;11/04/2039;11/04/2024;11/04/2024;
E6byGuWv50G2;3000000077;5558;17;thuongtt4;VND;Dài h?n;4,9;16/05/2025;25/04/2035;16/05/2025;16/05/2025;
CPpJvuSpH2N0;3000000077;5508;17;thuongtt4;VND;Dài h?n;4,4;26/04/2022;25/04/2042;26/04/2022;26/04/2022;
9YAHx5vgFN7r;3000000077;5558;17;thuongtt4;VND;Dài h?n;4,9;09/05/2025;25/04/2035;09/05/2025;09/05/2025;
eBdiiD4uCB7I;3000000169;5508;17;thuongtt4;VND;Dài h?n;6,8;01/07/2024;27/10/2031;01/07/2024;01/07/2024;
piYnwvMNQXoA;3000000169;5501;17;thuongtt4;VND;Trung h?n;6,8;01/07/2024;25/06/2029;01/07/2024;01/07/2024;
BlzbbveQjiz0;3000000169;5558;17;thuongtt4;VND;Dài h?n;6,8;01/07/2024;25/07/2030;01/07/2024;01/07/2024;
LmWg5a17ahGU;3000000169;5508;17;thuongtt4;VND;Dài h?n;6,8;01/07/2024;27/10/2031;01/07/2024;01/07/2024;
KSa4ypCrkbtH;3000000169;5508;17;thuongtt4;VND;Dài h?n;6,8;01/07/2024;25/11/2031;01/07/2024;01/07/2024;
Jknz8AfcghYr;3000000197;5508;17;thuongtt4;VND;Dài h?n;4,9;03/10/2024;25/03/2058;03/10/2024;03/10/2024;
VGhIGzxpBtw6;3000000270;5513;17;thuongtt4;VND;Dài h?n;6,5;16/10/2024;20/07/2054;16/10/2024;16/10/2024;
CiP8aRn9vCS3;3000000270;5513;17;thuongtt4;VND;Dài h?n;6,7;31/07/2024;20/07/2054;31/07/2024;31/07/2024;
OsTvqCXRLRCb;3000000287;5508;17;thuongtt4;VND;Dài h?n;6;21/11/2024;21/11/2044;21/11/2024;21/11/2024;
GOzX6K6qR0HW;3000000294;5513;17;thuongtt4;VND;Dài h?n;4,9;25/10/2023;25/09/2052;25/10/2023;25/10/2023;
PLIO9ygNSJvu;3000000294;5558;17;thuongtt4;VND;Dài h?n;4,9;04/05/2024;04/05/2044;04/05/2024;04/05/2024;
BCAIxJZRWRvd;3000000420;5513;17;thuongtt4;VND;Dài h?n;5,5;19/02/2021;05/02/2041;19/02/2021;19/02/2021;
RdDu7HAOfyYa;3000000429;5508;17;thuongtt4;VND;Dài h?n;6,8;05/12/2024;25/04/2042;05/12/2024;05/12/2024;
fTKEishttDYi;3000000492;5508;17;thuongtt4;VND;Dài h?n;11;13/10/2020;15/10/2040;13/10/2020;13/10/2020;
iUmZPHrDCuNk;3000000515;5513;17;thuongtt4;VND;Dài h?n;6,7;20/06/2024;20/06/2056;20/06/2024;20/06/2024;
tiGJyWhI2iUb;3000000515;5513;17;thuongtt4;VND;Dài h?n;6,7;08/10/2024;08/06/2056;08/10/2024;08/10/2024;
PDpSdU6WvJWq;3000000641;5508;17;thuongtt4;VND;Dài h?n;6,5;23/05/2025;21/05/2055;23/05/2025;23/05/2025;
ANHHX6haabIG;3000000663;5558;17;thuongtt4;VND;Dài h?n;7;25/07/2025;25/07/2035;25/07/2025;25/07/2025;
mpFnkhETcBGq;3000000663;5501;17;thuongtt4;VND;Trung h?n;7,5;23/05/2024;14/01/2028;23/05/2024;23/05/2024;
lGZtOq5b4OGh;3000000663;5508;17;thuongtt4;VND;Dài h?n;7,5;23/05/2024;25/07/2039;23/05/2024;23/05/2024;
Rhwqq1KCysOO;3000000663;5508;17;thuongtt4;VND;Dài h?n;7,5;23/05/2024;20/12/2038;23/05/2024;23/05/2024;
y2gKCDScPGyv;3000000663;5501;17;thuongtt4;VND;Trung h?n;7,5;23/05/2024;23/04/2029;23/05/2024;23/05/2024;
zkHPQWB1zGSR;3000000664;8000;17;thuongtt4;VND;Ng?n h?n;7,5;14/10/2025;14/04/2026;14/10/2025;14/10/2025;
pj2JHFQUiF1X;3000000664;8000;17;thuongtt4;VND;Ng?n h?n;7;05/06/2025;05/12/2025;05/06/2025;05/06/2025;
k5MxyQJkeWT9;3000000664;8000;17;thuongtt4;VND;Ng?n h?n;7;03/07/2025;05/01/2026;03/07/2025;03/07/2025;
4FV515JvRGbz;3000000664;8000;17;thuongtt4;VND;Ng?n h?n;7;17/06/2025;17/12/2025;17/06/2025;17/06/2025;
CJ6ioMbFfuVB;3000000664;8000;17;thuongtt4;VND;Ng?n h?n;7,5;25/08/2025;25/02/2026;25/08/2025;25/08/2025;
42SrOcJIE835;3000000664;8000;17;thuongtt4;VND;Ng?n h?n;8,4;20/11/2025;20/05/2026;20/11/2025;20/11/2025;
VxpEerz2GZ1Q;3000000696;5508;17;thuongtt4;VND;Dài h?n;6;23/09/2024;23/09/2047;23/09/2024;23/09/2024;
o1UFWhHE6muJ;3000000702;5508;17;thuongtt4;VND;Dài h?n;11;08/09/2023;08/09/2053;08/09/2023;08/09/2023;
0JuSELTexDF5;3000000706;5508;17;thuongtt4;VND;Dài h?n;7;14/10/2025;27/09/2060;14/10/2025;14/10/2025;
3oOH3UXE82lB;3000000775;5508;17;thuongtt4;VND;Dài h?n;11;20/05/2022;20/05/2042;20/05/2022;20/05/2022;
ovjcTXm9BKPn;3000000793;5513;17;thuongtt4;VND;Dài h?n;7,2;11/11/2025;11/11/2055;11/11/2025;11/11/2025;
KKIcY1TvDCHm;3000000842;5513;17;thuongtt4;VND;Dài h?n;4,9;18/09/2023;18/09/2048;18/09/2023;18/09/2023;
JRktB0UhKQhX;3000000954;5508;17;thuongtt4;VND;Dài h?n;11;29/08/2022;26/08/2052;29/08/2022;29/08/2022;
YUzOtFAkk69t;3000000969;8000;17;thuongtt4;VND;Ng?n h?n;7,5;23/09/2025;23/02/2026;23/09/2025;23/09/2025;
CnczDKD2LW23;3000000969;8000;17;thuongtt4;VND;Ng?n h?n;9;12/11/2025;13/04/2026;12/11/2025;12/11/2025;
qx7nYeSN3fg6;3000000969;8000;17;thuongtt4;VND;Ng?n h?n;9;18/11/2025;20/04/2026;18/11/2025;18/11/2025;
EGW3xyAWhr1p;3000000969;8000;17;thuongtt4;VND;Ng?n h?n;7,5;03/07/2025;03/12/2025;03/07/2025;03/07/2025;
bKG3Dynvi8e7;3000000969;8000;17;thuongtt4;VND;Ng?n h?n;9;28/11/2025;28/04/2026;28/11/2025;28/11/2025;
4EE76pdfcqJQ;3000000969;8000;17;thuongtt4;VND;Ng?n h?n;7,5;02/07/2025;02/12/2025;02/07/2025;02/07/2025;
0W3M8N6wJkZZ;3000000969;8000;17;thuongtt4;VND;Ng?n h?n;7,5;06/10/2025;06/03/2026;06/10/2025;06/10/2025;
5tWHaxifTRzS;3000000969;8000;17;thuongtt4;VND;Ng?n h?n;9;14/11/2025;14/04/2026;14/11/2025;14/11/2025;
Fowvr2aGvPCc;3000000969;8000;17;thuongtt4;VND;Ng?n h?n;9;13/11/2025;13/04/2026;13/11/2025;13/11/2025;
CnBuhUXV6fpE;3000000969;8000;17;thuongtt4;VND;Ng?n h?n;9;27/11/2025;27/04/2026;27/11/2025;27/11/2025;
u0CONtPd5ECG;3000000969;8000;17;thuongtt4;VND;Ng?n h?n;9;10/11/2025;10/04/2026;10/11/2025;10/11/2025;
VKMnPxhY3koC;3000000969;8000;17;thuongtt4;VND;Ng?n h?n;7,5;04/07/2025;04/12/2025;04/07/2025;04/07/2025;
mSJBSbKBkGLj;3000000969;8000;17;thuongtt4;VND;Ng?n h?n;7,5;21/10/2025;23/03/2026;21/10/2025;21/10/2025;
uGoZgHGcsQZG;3000000971;5508;17;thuongtt4;VND;Dài h?n;4,9;28/08/2024;31/07/2059;28/08/2024;28/08/2024;
iO4p5JwOqYRs;3000000971;5508;17;thuongtt4;VND;Dài h?n;4,9;26/09/2024;25/07/2059;26/09/2024;26/09/2024;
OjTvASbAEBbc;3000000997;5508;17;thuongtt4;VND;Dài h?n;6,8;05/09/2024;25/08/2059;05/09/2024;05/09/2024;
dLcYTc0KPv67;3000000997;5508;17;thuongtt4;VND;Dài h?n;6,7;09/12/2024;25/11/2059;09/12/2024;09/12/2024;
lbGnlnsUl3cc;3000000997;5508;17;thuongtt4;VND;Dài h?n;6,7;09/12/2024;25/11/2059;09/12/2024;09/12/2024;
Nd9CSIH37ksI;3000001038;5508;17;thuongtt4;VND;Dài h?n;7;13/08/2024;05/08/2059;13/08/2024;13/08/2024;
caDj4F1yWVGN;3000001083;8000;17;thuongtt4;VND;Ng?n h?n;7,5;09/09/2025;09/03/2026;09/09/2025;09/09/2025;
ihgvONBXnyiw;3000001083;8000;17;thuongtt4;VND;Ng?n h?n;7,5;26/09/2025;26/03/2026;26/09/2025;26/09/2025;
sxk2oFzdFODp;3000001083;8000;17;thuongtt4;VND;Ng?n h?n;7,5;02/10/2025;02/04/2026;02/10/2025;02/10/2025;
k2sNQEfL4cJE;3000001083;8000;17;thuongtt4;VND;Ng?n h?n;7,5;09/10/2025;09/04/2026;09/10/2025;09/10/2025;
dPaCRTlB7fWt;3000001083;8000;17;thuongtt4;VND;Ng?n h?n;6,4;24/07/2025;26/01/2026;24/07/2025;24/07/2025;
YILhNBQL3J9A;3000001083;8000;17;thuongtt4;VND;Ng?n h?n;7,5;24/09/2025;24/03/2026;24/09/2025;24/09/2025;
3Y5XkHx3Au6b;3000001083;8000;17;thuongtt4;VND;Ng?n h?n;6,4;22/07/2025;22/01/2026;22/07/2025;22/07/2025;
djalm7kofxzZ;3000001083;8000;17;thuongtt4;VND;Ng?n h?n;7,5;29/09/2025;30/03/2026;29/09/2025;29/09/2025;
d8o7dBl4gpgB;3000001083;8000;17;thuongtt4;VND;Ng?n h?n;7,8;24/10/2025;24/04/2026;24/10/2025;24/10/2025;
Nd1uspNqJ467;3000001087;5508;17;thuongtt4;VND;Dài h?n;11;23/02/2023;22/02/2058;23/02/2023;23/02/2023;
btFZRAcQEH2E;3000001143;5508;17;thuongtt4;VND;Dài h?n;11;26/09/2023;28/09/2043;26/09/2023;26/09/2023;
o8xCdwkWDDFn;3000001169;5513;17;thuongtt4;VND;Dài h?n;8,3;06/11/2023;06/11/2053;06/11/2023;06/11/2023;
41cCxho2OGrD;3000001609;7228;17;thuongtt4;VND;Ng?n h?n;7;29/10/2025;21/01/2026;29/10/2025;29/10/2025;
cmRlptcKyZ7U;3000001640;5558;17;thuongtt4;VND;Dài h?n;6,5;14/05/2025;25/04/2035;14/05/2025;14/05/2025;
9fL1DV07iVF9;3000001640;5508;17;thuongtt4;VND;Dài h?n;6,5;20/05/2025;14/05/2055;20/05/2025;20/05/2025;
LdAZCXiWZjo5;3000001655;8000;17;thuongtt4;VND;Ng?n h?n;7,5;30/09/2025;30/01/2026;30/09/2025;30/09/2025;
ExvTuSmONBry;3000001662;5513;17;thuongtt4;VND;Dài h?n;6,7;13/08/2025;13/08/2059;13/08/2025;13/08/2025;
aIftWKqAituc;3000001664;5508;17;thuongtt4;VND;Dài h?n;6,5;21/07/2025;21/07/2053;21/07/2025;21/07/2025;
bEmeCGzBHIPg;3000001666;5513;17;thuongtt4;VND;Dài h?n;6,5;22/08/2025;20/08/2055;22/08/2025;22/08/2025;
V2KMqwKe8Jwg;3000001689;5513;17;thuongtt4;VND;Dài h?n;6,5;26/09/2025;26/09/2057;26/09/2025;26/09/2025;
SiZc1wNIcMUZ;3000001723;5508;17;thuongtt4;VND;Dài h?n;7,2;11/10/2024;11/10/2044;11/10/2024;11/10/2024;
Y4XDYgvIPKzn;3000000398;8000;12;thuyhtt2;VND;Ng?n h?n;5,5;21/08/2025;23/02/2026;21/08/2025;21/08/2025;
BsyErdbyy3XH;3000000398;8000;12;thuyhtt2;VND;Ng?n h?n;5,5;14/08/2025;16/02/2026;14/08/2025;14/08/2025;
Irxa1QIp1g9y;3000000398;8000;12;thuyhtt2;VND;Ng?n h?n;5,5;19/09/2025;19/03/2026;19/09/2025;19/09/2025;
yCUB0hRKroWU;3000000398;8000;12;thuyhtt2;VND;Ng?n h?n;5,5;12/09/2025;12/03/2026;12/09/2025;12/09/2025;
zLhvw4GRmCLe;3000000398;8000;12;thuyhtt2;VND;Ng?n h?n;5,5;26/09/2025;26/03/2026;26/09/2025;26/09/2025;
oBchV0nQUI6j;3000000398;8000;12;thuyhtt2;VND;Ng?n h?n;5,5;29/08/2025;02/03/2026;29/08/2025;29/08/2025;
Gnvav1b3yY2d;3000000398;8000;12;thuyhtt2;VND;Ng?n h?n;5,6;24/06/2025;24/12/2025;24/06/2025;24/06/2025;
Di8GFNwFrx1w;3000000398;8000;12;thuyhtt2;VND;Ng?n h?n;5,5;27/08/2025;27/02/2026;27/08/2025;27/08/2025;
dPCm8AH4btyf;3000000398;8000;12;thuyhtt2;VND;Ng?n h?n;5,5;18/09/2025;18/03/2026;18/09/2025;18/09/2025;
PZKaoqEXq7rL;3000000398;8000;12;thuyhtt2;VND;Ng?n h?n;5,6;20/06/2025;22/12/2025;20/06/2025;20/06/2025;
nDWiKThHmmQx;3000000398;8000;12;thuyhtt2;VND;Ng?n h?n;5,5;08/09/2025;09/03/2026;08/09/2025;08/09/2025;
rCluSXj7aXJa;3000000398;8000;12;thuyhtt2;VND;Ng?n h?n;5,5;19/08/2025;19/02/2026;19/08/2025;19/08/2025;
8f9U67Q3CSug;3000000398;8000;12;thuyhtt2;VND;Ng?n h?n;5,5;20/08/2025;20/02/2026;20/08/2025;20/08/2025;
iwjLoRwkRLoR;3000000398;8000;12;thuyhtt2;VND;Ng?n h?n;5,5;16/10/2025;16/04/2026;16/10/2025;16/10/2025;
rP9Cc3wJMhqw;3000000398;8000;12;thuyhtt2;VND;Ng?n h?n;5,6;26/06/2025;26/12/2025;26/06/2025;26/06/2025;
w7Dan6QYQZvn;3000000398;8000;12;thuyhtt2;VND;Ng?n h?n;5,5;21/08/2025;23/02/2026;21/08/2025;21/08/2025;
1Pcfu0plun5Z;3000000398;8000;12;thuyhtt2;VND;Ng?n h?n;5,5;03/09/2025;03/03/2026;03/09/2025;03/09/2025;
twQZywt0pIAF;3000000431;8001;12;thuyhtt2;USD;Ng?n h?n;5,3;29/09/2025;30/03/2026;29/09/2025;29/09/2025;
gRNP9JgMJH8F;3000000431;8001;12;thuyhtt2;USD;Ng?n h?n;5,3;07/11/2025;07/05/2026;07/11/2025;07/11/2025;
5xpXUQqpmsFs;3000000431;8001;12;thuyhtt2;USD;Ng?n h?n;5,3;02/10/2025;02/04/2026;02/10/2025;02/10/2025;
bEE2J7zaYVpa;3000000326;8000;6;thuyttt11;VND;Ng?n h?n;6,3;20/08/2025;20/02/2026;20/08/2025;20/08/2025;
SnXsaFKWMYo3;3000000326;8000;6;thuyttt11;VND;Ng?n h?n;6,3;21/08/2025;23/02/2026;21/08/2025;21/08/2025;
EogFyvCpq91y;3000000326;8000;6;thuyttt11;VND;Ng?n h?n;6,3;03/10/2025;03/04/2026;03/10/2025;03/10/2025;
rSdhlYiFwcff;3000000326;8000;6;thuyttt11;VND;Ng?n h?n;6,3;13/10/2025;13/04/2026;13/10/2025;13/10/2025;
lw0VgtRn0sx3;3000000326;8000;6;thuyttt11;VND;Ng?n h?n;6,3;12/11/2025;12/05/2026;12/11/2025;12/11/2025;
O6S5f9SxFMlQ;3000000326;8000;6;thuyttt11;VND;Ng?n h?n;6,3;18/11/2025;18/05/2026;18/11/2025;18/11/2025;
13TAH353dofh;3000000326;8000;6;thuyttt11;VND;Ng?n h?n;6,3;22/08/2025;23/02/2026;22/08/2025;22/08/2025;
i7xn5xSFo1Rv;3000000326;8000;6;thuyttt11;VND;Ng?n h?n;6,3;09/10/2025;09/04/2026;09/10/2025;09/10/2025;
PxZ6S373uXHE;3000000326;8000;6;thuyttt11;VND;Ng?n h?n;6,3;30/10/2025;04/05/2026;30/10/2025;30/10/2025;
mfH2Mcf5GBZQ;3000000326;8000;6;thuyttt11;VND;Ng?n h?n;6,3;10/11/2025;11/05/2026;10/11/2025;10/11/2025;
2SI8w7x6DGSz;3000000326;8000;6;thuyttt11;VND;Ng?n h?n;6,3;18/11/2025;18/05/2026;18/11/2025;18/11/2025;
q5cTPEPD6jQP;3000000326;8000;6;thuyttt11;VND;Ng?n h?n;6,3;19/11/2025;19/05/2026;19/11/2025;19/11/2025;
KdByyvyU1vX5;3000000326;8000;6;thuyttt11;VND;Ng?n h?n;6,3;26/08/2025;26/02/2026;26/08/2025;26/08/2025;
5lcTp9zVk7RD;3000000326;8000;6;thuyttt11;VND;Ng?n h?n;6,3;30/09/2025;30/03/2026;30/09/2025;30/09/2025;
r89RAStbYZl0;3000000326;8000;6;thuyttt11;VND;Ng?n h?n;6,3;06/10/2025;06/04/2026;06/10/2025;06/10/2025;
ojo89gubeQM1;3000000326;8000;6;thuyttt11;VND;Ng?n h?n;6,3;21/10/2025;21/04/2026;21/10/2025;21/10/2025;
3enPu5mV8Cfc;3000000326;8000;6;thuyttt11;VND;Ng?n h?n;6,3;24/10/2025;24/04/2026;24/10/2025;24/10/2025;
VriAh0z6Eh3Z;3000000326;8000;6;thuyttt11;VND;Ng?n h?n;6,3;05/11/2025;05/05/2026;05/11/2025;05/11/2025;
zfCzllENGmVU;3000000326;8000;6;thuyttt11;VND;Ng?n h?n;6,3;10/11/2025;11/05/2026;10/11/2025;10/11/2025;
ImrZbMj2GaKb;3000000326;8000;6;thuyttt11;VND;Ng?n h?n;6,3;11/11/2025;11/05/2026;11/11/2025;11/11/2025;
HBHWF2CdGW3z;3000000326;8000;6;thuyttt11;VND;Ng?n h?n;6,3;28/08/2025;02/03/2026;28/08/2025;28/08/2025;
3cBEARNRSw2G;3000000326;8000;6;thuyttt11;VND;Ng?n h?n;6,3;30/09/2025;30/03/2026;30/09/2025;30/09/2025;
eVF9pAH7v0J7;3000000326;8000;6;thuyttt11;VND;Ng?n h?n;6,3;02/10/2025;02/04/2026;02/10/2025;02/10/2025;
hwJefMTYtXms;3000000326;8000;6;thuyttt11;VND;Ng?n h?n;6,3;09/10/2025;09/04/2026;09/10/2025;09/10/2025;
jOycxFEnmjXr;3000000326;8000;6;thuyttt11;VND;Ng?n h?n;6,3;29/10/2025;29/04/2026;29/10/2025;29/10/2025;
J9Dogy0e56s1;3000000326;8000;6;thuyttt11;VND;Ng?n h?n;6,3;21/11/2025;21/05/2026;21/11/2025;21/11/2025;
9WmRkFXArPyL;3000000326;8000;6;thuyttt11;VND;Ng?n h?n;6,3;26/08/2025;26/02/2026;26/08/2025;26/08/2025;
FmQeFp1goNxN;3000000326;8000;6;thuyttt11;VND;Ng?n h?n;6,3;05/09/2025;05/03/2026;05/09/2025;05/09/2025;
4Y0UDQtHyUF2;3000000326;8000;6;thuyttt11;VND;Ng?n h?n;6,3;07/10/2025;07/04/2026;07/10/2025;07/10/2025;
Pg7ZFeTWbZoy;3000000326;8000;6;thuyttt11;VND;Ng?n h?n;6,3;14/10/2025;14/04/2026;14/10/2025;14/10/2025;
WqdxZVrKpfLN;3000000326;8000;6;thuyttt11;VND;Ng?n h?n;6,3;20/10/2025;20/04/2026;20/10/2025;20/10/2025;
jkqhyMgNecP3;3000000326;8000;6;thuyttt11;VND;Ng?n h?n;6,3;29/10/2025;29/04/2026;29/10/2025;29/10/2025;
CnnVE3ZBeG2C;3000000326;8000;6;thuyttt11;VND;Ng?n h?n;6,3;11/11/2025;11/05/2026;11/11/2025;11/11/2025;
BpN1cAoksmmv;3000000326;8000;6;thuyttt11;VND;Ng?n h?n;6,3;24/11/2025;25/05/2026;24/11/2025;24/11/2025;
GauiJUEvzrFS;3000000326;8000;6;thuyttt11;VND;Ng?n h?n;6,3;26/11/2025;26/05/2026;26/11/2025;26/11/2025;
0qof7gjDezER;3000000326;8000;6;thuyttt11;VND;Ng?n h?n;6,3;18/08/2025;18/02/2026;18/08/2025;18/08/2025;
qRaE6MmJD2Qf;3000000326;8000;6;thuyttt11;VND;Ng?n h?n;6,3;21/08/2025;23/02/2026;21/08/2025;21/08/2025;
tZNAltPDvT3p;3000000326;8000;6;thuyttt11;VND;Ng?n h?n;6,3;26/08/2025;26/02/2026;26/08/2025;26/08/2025;
0jK1lbuMq8b0;3000000326;8000;6;thuyttt11;VND;Ng?n h?n;6,3;27/08/2025;27/02/2026;27/08/2025;27/08/2025;
tTdIFM2Ei3Mo;3000000326;8000;6;thuyttt11;VND;Ng?n h?n;6,3;03/09/2025;03/03/2026;03/09/2025;03/09/2025;
R3C6b36STa4D;3000000326;8000;6;thuyttt11;VND;Ng?n h?n;6,3;21/10/2025;21/04/2026;21/10/2025;21/10/2025;
AjPYxlAXJDs8;3000000326;8000;6;thuyttt11;VND;Ng?n h?n;6,3;04/11/2025;04/05/2026;04/11/2025;04/11/2025;
M3Zxp1mfU2t7;3000000326;8000;6;thuyttt11;VND;Ng?n h?n;6,3;13/11/2025;13/05/2026;13/11/2025;13/11/2025;
G3rGMy8CHTmb;3000000326;8000;6;thuyttt11;VND;Ng?n h?n;6,3;14/11/2025;14/05/2026;14/11/2025;14/11/2025;
NsXXdLj5GVae;3000000326;8000;6;thuyttt11;VND;Ng?n h?n;6,3;18/08/2025;18/02/2026;18/08/2025;18/08/2025;
g1F6WyUnH0rH;3000000326;8000;6;thuyttt11;VND;Ng?n h?n;6,3;20/08/2025;20/02/2026;20/08/2025;20/08/2025;
YqpFfOBr2obV;3000000326;8000;6;thuyttt11;VND;Ng?n h?n;6,3;20/08/2025;20/02/2026;20/08/2025;20/08/2025;
H2KhHD8BFl9A;3000000326;8000;6;thuyttt11;VND;Ng?n h?n;6,3;20/08/2025;20/02/2026;20/08/2025;20/08/2025;
fXBattFIIsmh;3000000326;8000;6;thuyttt11;VND;Ng?n h?n;6,3;29/08/2025;02/03/2026;29/08/2025;29/08/2025;
J4W0DfxwCDB0;3000000326;8000;6;thuyttt11;VND;Ng?n h?n;6,3;06/10/2025;06/04/2026;06/10/2025;06/10/2025;
v3ZoG4T2CG7v;3000000326;8000;6;thuyttt11;VND;Ng?n h?n;6,3;14/10/2025;14/04/2026;14/10/2025;14/10/2025;
5piMO4JCLVRo;3000000326;8000;6;thuyttt11;VND;Ng?n h?n;6,3;15/08/2025;16/02/2026;15/08/2025;15/08/2025;
ywv7IXWSLsBm;3000000326;8000;6;thuyttt11;VND;Ng?n h?n;6,3;18/08/2025;18/02/2026;18/08/2025;18/08/2025;
9vMOVqlY5dph;3000000326;8000;6;thuyttt11;VND;Ng?n h?n;6,3;22/08/2025;23/02/2026;22/08/2025;22/08/2025;
lvAHHBdAwr0c;3000000326;8000;6;thuyttt11;VND;Ng?n h?n;6,3;25/08/2025;25/02/2026;25/08/2025;25/08/2025;
A7EIc88USGPD;3000000326;8000;6;thuyttt11;VND;Ng?n h?n;6,3;15/10/2025;15/04/2026;15/10/2025;15/10/2025;
HoBiU91QnVkm;3000000326;8000;6;thuyttt11;VND;Ng?n h?n;6,3;20/10/2025;20/04/2026;20/10/2025;20/10/2025;
apcq9p2JsGyP;3000000326;8000;6;thuyttt11;VND;Ng?n h?n;6,3;20/10/2025;20/04/2026;20/10/2025;20/10/2025;
UI1grx7BWbyo;3000000326;8000;6;thuyttt11;VND;Ng?n h?n;6,3;17/11/2025;18/05/2026;17/11/2025;17/11/2025;
AqoxnSSZF5Za;3000000326;8000;6;thuyttt11;VND;Ng?n h?n;6,3;25/11/2025;25/05/2026;25/11/2025;25/11/2025;
nQFvwCmHyxr9;3000000326;8000;6;thuyttt11;VND;Ng?n h?n;6,3;27/11/2025;27/05/2026;27/11/2025;27/11/2025;
bGkUfMxn70Ux;3000000326;8000;6;thuyttt11;VND;Ng?n h?n;6,3;21/08/2025;23/02/2026;21/08/2025;21/08/2025;
xfPohkYSDS0z;3000000326;8000;6;thuyttt11;VND;Ng?n h?n;6,3;29/09/2025;30/03/2026;29/09/2025;29/09/2025;
u4EuEWEgQFMX;3000000326;8000;6;thuyttt11;VND;Ng?n h?n;6,3;22/10/2025;22/04/2026;22/10/2025;22/10/2025;
mlkKAGotKkP1;3000000326;8000;6;thuyttt11;VND;Ng?n h?n;6,3;27/10/2025;27/04/2026;27/10/2025;27/10/2025;
nG0XfLC5OVxl;3000000326;8000;6;thuyttt11;VND;Ng?n h?n;6,3;03/11/2025;04/05/2026;03/11/2025;03/11/2025;
dCHU2W4EPa8W;3000000326;8000;6;thuyttt11;VND;Ng?n h?n;6,3;06/11/2025;06/05/2026;06/11/2025;06/11/2025;
axDomDZMcfwp;3000000326;8000;6;thuyttt11;VND;Ng?n h?n;6,3;10/11/2025;11/05/2026;10/11/2025;10/11/2025;
tGXbyyoC1mOv;3000000326;8000;6;thuyttt11;VND;Ng?n h?n;6,3;19/08/2025;19/02/2026;19/08/2025;19/08/2025;
VOfG77zhv9Df;3000000326;8000;6;thuyttt11;VND;Ng?n h?n;6,3;29/08/2025;02/03/2026;29/08/2025;29/08/2025;
0kf2gn87mkKn;3000000326;8000;6;thuyttt11;VND;Ng?n h?n;6,3;03/09/2025;03/03/2026;03/09/2025;03/09/2025;
b1BeOB4gRi69;3000000326;8000;6;thuyttt11;VND;Ng?n h?n;6,3;10/10/2025;10/04/2026;10/10/2025;10/10/2025;
RDDDBrxnCeaS;3000000326;8000;6;thuyttt11;VND;Ng?n h?n;6,3;23/10/2025;23/04/2026;23/10/2025;23/10/2025;
BYF9S4ATMk85;3000000326;8000;6;thuyttt11;VND;Ng?n h?n;6,3;07/11/2025;07/05/2026;07/11/2025;07/11/2025;
YjuhJEsFJtJc;3000000369;8000;6;thuyttt11;VND;Ng?n h?n;4,1;13/10/2025;02/12/2025;13/10/2025;13/10/2025;
VfPA5m3vBYcv;3000000369;8000;6;thuyttt11;VND;Ng?n h?n;4,4;16/10/2025;05/12/2025;16/10/2025;16/10/2025;
prqjZHywsci5;3000000392;8000;6;thuyttt11;VND;Ng?n h?n;6,3;26/09/2025;26/03/2026;26/09/2025;26/09/2025;
pJqKIhC0TWoM;3000000392;8000;6;thuyttt11;VND;Ng?n h?n;6,3;28/10/2025;28/04/2026;28/10/2025;28/10/2025;
byqPXuO158Xd;3000000392;8000;6;thuyttt11;VND;Ng?n h?n;6,3;27/11/2025;27/05/2026;27/11/2025;27/11/2025;
i5jrAsIOsrgd;3000000392;8000;6;thuyttt11;VND;Ng?n h?n;6,3;11/07/2025;12/01/2026;11/07/2025;11/07/2025;
RpCWOISbP58B;3000000392;8000;6;thuyttt11;VND;Ng?n h?n;6,3;14/08/2025;16/02/2026;14/08/2025;14/08/2025;
JKyHtbOmV7H0;3000000392;8000;6;thuyttt11;VND;Ng?n h?n;6,3;03/10/2025;03/04/2026;03/10/2025;03/10/2025;
MT4EeqNBhszJ;3000000392;8000;6;thuyttt11;VND;Ng?n h?n;6,3;07/10/2025;07/04/2026;07/10/2025;07/10/2025;
vORycKWZNVM7;3000000392;8000;6;thuyttt11;VND;Ng?n h?n;6,3;13/10/2025;13/04/2026;13/10/2025;13/10/2025;
rDTBnFKhXvvM;3000000392;8000;6;thuyttt11;VND;Ng?n h?n;6,3;30/10/2025;30/04/2026;30/10/2025;30/10/2025;
sCFqpoeHbQlr;3000000392;8000;6;thuyttt11;VND;Ng?n h?n;6,3;28/07/2025;28/01/2026;28/07/2025;28/07/2025;
sAtCkYdwTMG3;3000000392;8000;6;thuyttt11;VND;Ng?n h?n;6,3;12/09/2025;12/03/2026;12/09/2025;12/09/2025;
4yXa6pMFeXpF;3000000392;8000;6;thuyttt11;VND;Ng?n h?n;6,3;03/11/2025;04/05/2026;03/11/2025;03/11/2025;
OI5iJ9inBq2Q;3000000392;8000;6;thuyttt11;VND;Ng?n h?n;6,3;17/11/2025;18/05/2026;17/11/2025;17/11/2025;
11BZSDsi0j8U;3000000392;8000;6;thuyttt11;VND;Ng?n h?n;6,3;03/07/2025;05/01/2026;03/07/2025;03/07/2025;
oJTFpmsYvETr;3000000392;8000;6;thuyttt11;VND;Ng?n h?n;6,3;25/07/2025;26/01/2026;25/07/2025;25/07/2025;
PA4kXdMTu6Z3;3000000392;8000;6;thuyttt11;VND;Ng?n h?n;6,3;15/09/2025;16/03/2026;15/09/2025;15/09/2025;
qlikXaLbW1xr;3000000392;8000;6;thuyttt11;VND;Ng?n h?n;6,3;24/10/2025;24/04/2026;24/10/2025;24/10/2025;
2HDsQZk38B2B;3000000392;8000;6;thuyttt11;VND;Ng?n h?n;6,3;24/11/2025;25/05/2026;24/11/2025;24/11/2025;
tzyIsvBsUfSu;3000000392;8000;6;thuyttt11;VND;Ng?n h?n;6,3;04/08/2025;04/02/2026;04/08/2025;04/08/2025;
T1YR0nM1Lep2;3000000392;8000;6;thuyttt11;VND;Ng?n h?n;6,3;22/10/2025;22/04/2026;22/10/2025;22/10/2025;
Qr97FA710XVn;3000000392;8000;6;thuyttt11;VND;Ng?n h?n;6,3;11/09/2025;11/03/2026;11/09/2025;11/09/2025;
P1H4XvWNWlF9;3000000392;8000;6;thuyttt11;VND;Ng?n h?n;6,3;19/09/2025;19/03/2026;19/09/2025;19/09/2025;
h8R9eVzrk0HQ;3000000392;8000;6;thuyttt11;VND;Ng?n h?n;6,3;23/09/2025;23/03/2026;23/09/2025;23/09/2025;
H8TjkVxB9Hk8;3000000392;8000;6;thuyttt11;VND;Ng?n h?n;6,3;25/11/2025;25/05/2026;25/11/2025;25/11/2025;
UZTbYPaYZUIw;3000000392;8000;6;thuyttt11;VND;Ng?n h?n;6,3;15/08/2025;16/02/2026;15/08/2025;15/08/2025;
DX2ludVIrI9q;3000000392;8000;6;thuyttt11;VND;Ng?n h?n;6,3;18/11/2025;18/05/2026;18/11/2025;18/11/2025;
KdxSfrnFqKxK;3000000392;8000;6;thuyttt11;VND;Ng?n h?n;6,3;21/10/2025;21/04/2026;21/10/2025;21/10/2025;
xi01KUAB15kd;3000000392;8000;6;thuyttt11;VND;Ng?n h?n;6,3;18/09/2025;18/03/2026;18/09/2025;18/09/2025;
lbSEH7ikplHw;3000000392;8000;6;thuyttt11;VND;Ng?n h?n;6,3;23/09/2025;23/03/2026;23/09/2025;23/09/2025;
VsCC8eQkx3S9;3000000392;8000;6;thuyttt11;VND;Ng?n h?n;6,3;18/08/2025;18/02/2026;18/08/2025;18/08/2025;
FNagrhtzZOgn;3000000392;8000;6;thuyttt11;VND;Ng?n h?n;6,3;18/09/2025;18/03/2026;18/09/2025;18/09/2025;
99QsvDqunLXn;3000000392;8000;6;thuyttt11;VND;Ng?n h?n;6,3;22/09/2025;23/03/2026;22/09/2025;22/09/2025;
QbI8MbajoR5d;3000000392;8000;6;thuyttt11;VND;Ng?n h?n;6,3;30/09/2025;30/03/2026;30/09/2025;30/09/2025;
oFWYPF11xDJe;3000000392;8000;6;thuyttt11;VND;Ng?n h?n;6,3;13/11/2025;13/05/2026;13/11/2025;13/11/2025;
uiR0nJOfjTVb;3000000102;5513;16;tienvm4;VND;Dài h?n;6,7;14/10/2024;04/12/2043;14/10/2024;14/10/2024;
hrnReG6qIA6E;3000000124;8609;16;tienvm4;VND;Ng?n h?n;5,8;23/09/2025;23/03/2026;23/09/2025;23/09/2025;
b0mAIp3hvxyr;3000000124;8609;16;tienvm4;VND;Ng?n h?n;5,8;22/09/2025;23/03/2026;22/09/2025;22/09/2025;
ZGWSbM0LuTCk;3000000136;7200;16;tienvm4;VND;Ng?n h?n;4,3;12/11/2025;12/05/2026;12/11/2025;12/11/2025;
INoCS7ns82zc;3000000139;8609;16;tienvm4;VND;Ng?n h?n;6;19/09/2025;19/03/2026;19/09/2025;19/09/2025;
vTCdnKn8GfxS;3000000139;8609;16;tienvm4;VND;Ng?n h?n;6;24/09/2025;24/03/2026;24/09/2025;24/09/2025;
NJlVpE8fDMiX;3000000139;8609;16;tienvm4;VND;Ng?n h?n;6;22/09/2025;23/03/2026;22/09/2025;22/09/2025;
GWi1LFWEdlyK;3000000139;8609;16;tienvm4;VND;Ng?n h?n;6;01/10/2025;01/04/2026;01/10/2025;01/10/2025;
6iNCJyGfXzJx;3000000139;8609;16;tienvm4;VND;Ng?n h?n;6;03/10/2025;03/04/2026;03/10/2025;03/10/2025;
rzUXSmnc2Ukf;3000000139;8609;16;tienvm4;VND;Ng?n h?n;6;12/09/2025;12/03/2026;12/09/2025;12/09/2025;
skFep68d1G36;3000000139;8609;16;tienvm4;VND;Ng?n h?n;6;26/09/2025;26/03/2026;26/09/2025;26/09/2025;
oLLZI4QzuYBO;3000000139;8609;16;tienvm4;VND;Ng?n h?n;6;29/09/2025;30/03/2026;29/09/2025;29/09/2025;
ztzVB7uzHDWd;3000000139;8609;16;tienvm4;VND;Ng?n h?n;6;02/10/2025;02/04/2026;02/10/2025;02/10/2025;
BQVyCj5NYmiE;3000000139;8609;16;tienvm4;VND;Ng?n h?n;6;15/09/2025;16/03/2026;15/09/2025;15/09/2025;
Ot76tKEui436;3000000175;8721;16;tienvm4;VND;Dài h?n;11;14/03/2022;14/03/2034;14/03/2022;14/03/2022;
RNIRDEuhzIRk;3000000194;5508;16;tienvm4;VND;Dài h?n;6,7;04/04/2024;04/04/2034;04/04/2024;04/04/2024;
NITxVtkhHLaN;3000000211;8615;16;tienvm4;VND;Ng?n h?n;6,7;05/03/2025;05/12/2025;05/03/2025;05/03/2025;
MjuqVefSrzDe;3000000211;8615;16;tienvm4;VND;Ng?n h?n;6,7;18/03/2025;18/12/2025;18/03/2025;18/03/2025;
92YCcKhQnjFr;3000000255;8609;16;tienvm4;VND;Ng?n h?n;5,5;09/10/2025;09/04/2026;09/10/2025;09/10/2025;
Hhlj4XWCSHfO;3000000255;8609;16;tienvm4;VND;Ng?n h?n;5,5;15/10/2025;15/04/2026;15/10/2025;15/10/2025;
THUGtCKHzpmk;3000000255;8609;16;tienvm4;VND;Ng?n h?n;5,5;14/10/2025;14/04/2026;14/10/2025;14/10/2025;
VoAqJ62Jyrd0;3000000637;8609;16;tienvm4;VND;Ng?n h?n;5,5;14/07/2025;14/01/2026;14/07/2025;14/07/2025;
bJbEBmdH8yUk;3000000637;8609;16;tienvm4;VND;Ng?n h?n;5,5;15/07/2025;15/01/2026;15/07/2025;15/07/2025;
9I5xxjrGvUj5;3000000637;8609;16;tienvm4;VND;Ng?n h?n;5,5;16/07/2025;16/01/2026;16/07/2025;16/07/2025;
pBC68yj8a6hc;3000000637;8609;16;tienvm4;VND;Ng?n h?n;5,5;17/07/2025;19/01/2026;17/07/2025;17/07/2025;
WNduYHMHKoFO;3000000640;5508;16;tienvm4;VND;Dài h?n;9,8;20/05/2021;20/05/2041;20/05/2021;20/05/2021;
zvuyuzaLIVc5;3000000694;5508;16;tienvm4;VND;Dài h?n;4,9;22/08/2025;22/08/2052;22/08/2025;22/08/2025;
49vIyKvmAgtG;3000000704;8609;16;tienvm4;VND;Ng?n h?n;6;09/10/2025;09/04/2026;09/10/2025;09/10/2025;
cTrOSugqkHF6;3000000704;8609;16;tienvm4;VND;Ng?n h?n;6;08/10/2025;08/04/2026;08/10/2025;08/10/2025;
wxAp1FAkWK2S;3000000716;5501;16;tienvm4;VND;Trung h?n;6,7;24/04/2024;24/04/2029;24/04/2024;24/04/2024;
3009fk91uHd0;3000000716;8606;16;tienvm4;VND;Dài h?n;12,5;22/01/2020;22/01/2027;22/01/2020;22/01/2020;
EMmJOQn66rWI;3000000716;8720;16;tienvm4;VND;Trung h?n;11;10/04/2023;20/03/2028;10/04/2023;10/04/2023;
7RkvAjhIRSR4;3000000754;5513;16;tienvm4;VND;Dài h?n;7;12/12/2023;10/12/2038;12/12/2023;12/12/2023;
v5lmgd2y45o7;3000000762;8609;16;tienvm4;VND;Ng?n h?n;7,5;27/11/2025;27/05/2026;27/11/2025;27/11/2025;
W7IqXb9QaNXi;3000000790;5513;16;tienvm4;VND;Dài h?n;7;12/12/2023;04/12/2043;12/12/2023;12/12/2023;
xiG8DbyMkPzO;3000000798;8609;16;tienvm4;VND;Ng?n h?n;5;16/06/2025;16/12/2025;16/06/2025;16/06/2025;
RMNE8AWPC7HW;3000000803;5513;16;tienvm4;VND;Dài h?n;7;12/12/2023;06/12/2058;12/12/2023;12/12/2023;
GES8YE5TTLYS;3000000805;8609;16;tienvm4;VND;Ng?n h?n;7;10/11/2025;11/05/2026;10/11/2025;10/11/2025;
ei9Aj1gYf5e8;3000000834;5513;16;tienvm4;VND;Dài h?n;6,7;25/11/2024;12/12/2053;25/11/2024;25/11/2024;
ObhQTREo7PMP;3000000834;5513;16;tienvm4;VND;Dài h?n;7;19/12/2023;12/12/2053;19/12/2023;19/12/2023;
HvK6GhNcLaar;3000000933;5513;16;tienvm4;VND;Dài h?n;4,9;18/04/2025;18/04/2045;18/04/2025;18/04/2025;
PHs5cNTbaWlX;3000000933;5513;16;tienvm4;VND;Dài h?n;4,9;06/09/2024;06/09/2044;06/09/2024;06/09/2024;
qfqGir9EvyxB;3000000935;7200;16;tienvm4;VND;Ng?n h?n;3;07/10/2025;07/04/2026;07/10/2025;07/10/2025;
eKSFQL0z93xZ;3000000962;8609;16;tienvm4;VND;Ng?n h?n;5,5;29/08/2025;02/03/2026;29/08/2025;29/08/2025;
MCwcMznF5GNH;3000000962;8609;16;tienvm4;VND;Ng?n h?n;6,5;20/10/2025;20/04/2026;20/10/2025;20/10/2025;
cX55SXNBvjDX;3000000962;8609;16;tienvm4;VND;Ng?n h?n;6;18/09/2025;18/03/2026;18/09/2025;18/09/2025;
FQ4ofH359QfX;3000000962;8609;16;tienvm4;VND;Ng?n h?n;5,5;30/09/2025;30/03/2026;30/09/2025;30/09/2025;
96ORjlxmKM7e;3000001016;5513;16;tienvm4;VND;Dài h?n;6,7;24/10/2024;26/07/2044;24/10/2024;24/10/2024;
SfHDWOWqwnW6;3000001016;5513;16;tienvm4;VND;Dài h?n;6,7;26/07/2024;26/07/2044;26/07/2024;26/07/2024;
ao86qIqmKUm3;3000001030;8000;16;tienvm4;VND;Ng?n h?n;6,5;16/10/2025;16/04/2026;16/10/2025;16/10/2025;
lEmiLUtMohmV;3000001030;8000;16;tienvm4;VND;Ng?n h?n;7,4;03/11/2025;03/02/2026;03/11/2025;03/11/2025;
DZe0VNxgcWfA;3000001033;8615;16;tienvm4;VND;Ng?n h?n;9;03/11/2025;04/05/2026;03/11/2025;03/11/2025;
QgsFIBwCl8NU;3000001062;5522;16;tienvm4;VND;Trung h?n;6,7;10/05/2024;10/05/2029;10/05/2024;10/05/2024;
N461V8zKgblz;3000001063;7228;16;tienvm4;VND;Ng?n h?n;7;12/11/2025;04/02/2026;12/11/2025;12/11/2025;
nDoSCpIXhC4e;3000001073;7228;16;tienvm4;VND;Ng?n h?n;7;13/10/2025;22/01/2026;13/10/2025;13/10/2025;
px7dJdhADD5u;3000001073;7228;16;tienvm4;VND;Ng?n h?n;10;13/10/2025;30/01/2026;13/10/2025;13/10/2025;
4zSGq7WznEDM;3000001084;5513;16;tienvm4;VND;Dài h?n;11;02/03/2023;26/02/2038;02/03/2023;02/03/2023;
sRkoLolh0LP1;3000001277;5513;16;tienvm4;VND;Dài h?n;6,7;12/11/2024;18/10/2049;12/11/2024;12/11/2024;
qbiM2PoCawXY;3000001289;5513;16;tienvm4;VND;Dài h?n;7;26/12/2023;24/12/2053;26/12/2023;26/12/2023;
NXlYltRocGOF;3000001289;5513;16;tienvm4;VND;Dài h?n;6,7;18/11/2024;24/12/2053;18/11/2024;18/11/2024;
dNmgdqzuHnoE;3000001305;5513;16;tienvm4;VND;Dài h?n;7;17/01/2024;14/01/2059;17/01/2024;17/01/2024;
pJRpBgMzUxz4;3000001667;5502;16;tienvm4;VND;Dài h?n;6,7;22/07/2025;23/07/2035;22/07/2025;22/07/2025;
MTOmjLEUHFl4;3000000750;8001;12;toannt4;USD;Ng?n h?n;4,8;17/06/2025;17/12/2025;17/06/2025;17/06/2025;
4qjhF6IzoHvR;3000000750;8001;12;toannt4;USD;Ng?n h?n;4,8;24/07/2025;26/01/2026;24/07/2025;24/07/2025;
pNEPLy6c1fDX;3000000750;8001;12;toannt4;USD;Ng?n h?n;4,8;07/08/2025;09/02/2026;07/08/2025;07/08/2025;
B9eYtoYZCEVW;3000000750;8001;12;toannt4;USD;Ng?n h?n;4,8;16/09/2025;16/03/2026;16/09/2025;16/09/2025;
3tXHPqBzzK8G;3000000750;8001;12;toannt4;USD;Ng?n h?n;4,8;09/10/2025;09/04/2026;09/10/2025;09/10/2025;
jpm0FwDAOUZK;3000000750;8001;12;toannt4;USD;Ng?n h?n;4,8;06/11/2025;06/05/2026;06/11/2025;06/11/2025;
cLNfDxlqlpFf;3000000750;8001;12;toannt4;USD;Ng?n h?n;4,8;10/11/2025;11/05/2026;10/11/2025;10/11/2025;
5u1LaFwDHrB3;3000000750;8001;12;toannt4;USD;Ng?n h?n;4,8;27/11/2025;27/05/2026;27/11/2025;27/11/2025;
4s58PCQe5NYz;3000000750;8001;12;toannt4;USD;Ng?n h?n;4,8;16/06/2025;16/12/2025;16/06/2025;16/06/2025;
FX8mL9POauxH;3000000750;8001;12;toannt4;USD;Ng?n h?n;4,8;29/07/2025;29/01/2026;29/07/2025;29/07/2025;
RhPrEmgEARFm;3000000750;8001;12;toannt4;USD;Ng?n h?n;4,8;21/08/2025;23/02/2026;21/08/2025;21/08/2025;
M922m5h7CF7O;3000000750;8001;12;toannt4;USD;Ng?n h?n;4,8;13/06/2025;15/12/2025;13/06/2025;13/06/2025;
GpGqFXBhTxXb;3000000750;8001;12;toannt4;USD;Ng?n h?n;4,8;26/06/2025;26/12/2025;26/06/2025;26/06/2025;
2gTmeESfoA6g;3000000750;8001;12;toannt4;USD;Ng?n h?n;4,8;30/07/2025;30/01/2026;30/07/2025;30/07/2025;
nVmt6abzdK5c;3000000750;8001;12;toannt4;USD;Ng?n h?n;4,8;16/10/2025;16/04/2026;16/10/2025;16/10/2025;
LQS2qfiI2xsC;3000000750;8001;12;toannt4;USD;Ng?n h?n;4,8;23/10/2025;23/04/2026;23/10/2025;23/10/2025;
jDcYXOxWgFFT;3000000750;8001;12;toannt4;USD;Ng?n h?n;4,8;24/10/2025;24/04/2026;24/10/2025;24/10/2025;
YBGDyQHaFsNf;3000000750;8001;12;toannt4;USD;Ng?n h?n;4,8;05/11/2025;05/05/2026;05/11/2025;05/11/2025;
6ytvu1E3hn87;3000000750;8001;12;toannt4;USD;Ng?n h?n;4,8;13/11/2025;13/05/2026;13/11/2025;13/11/2025;
9aDxHvIRe6Pn;3000000750;8001;12;toannt4;USD;Ng?n h?n;4,8;09/07/2025;09/01/2026;09/07/2025;09/07/2025;
BgJmkD9Aqo3T;3000000750;8001;12;toannt4;USD;Ng?n h?n;4,8;03/11/2025;04/05/2026;03/11/2025;03/11/2025;
QgSYKBhXuy9M;3000000750;8001;12;toannt4;USD;Ng?n h?n;4,8;15/10/2025;15/04/2026;15/10/2025;15/10/2025;
yBDTZQtaFfO3;3000000750;8001;12;toannt4;USD;Ng?n h?n;4,8;30/10/2025;30/04/2026;30/10/2025;30/10/2025;
frYzILaVDsUc;3000000750;8001;12;toannt4;USD;Ng?n h?n;4,8;01/08/2025;02/02/2026;01/08/2025;01/08/2025;
thecsPmUNFj9;3000000750;8001;12;toannt4;USD;Ng?n h?n;4,8;07/11/2025;07/05/2026;07/11/2025;07/11/2025;
xZHDuJv3Lxdw;3000000750;8001;12;toannt4;USD;Ng?n h?n;4,8;11/07/2025;12/01/2026;11/07/2025;11/07/2025;
eq4XkN15TEHG;3000000750;8001;12;toannt4;USD;Ng?n h?n;4,8;04/08/2025;04/02/2026;04/08/2025;04/08/2025;
8x1svfhUPrtP;3000000750;8001;12;toannt4;USD;Ng?n h?n;4,8;29/08/2025;02/03/2026;29/08/2025;29/08/2025;
7U8Rj0J9CYTK;3000000750;8001;12;toannt4;USD;Ng?n h?n;4,8;17/07/2025;19/01/2026;17/07/2025;17/07/2025;
mHZlnGq3M6PR;3000000750;8001;12;toannt4;USD;Ng?n h?n;4,8;14/08/2025;16/02/2026;14/08/2025;14/08/2025;
WFZf69owjm3S;3000000750;8001;12;toannt4;USD;Ng?n h?n;4,8;28/10/2025;28/04/2026;28/10/2025;28/10/2025;
IrFQv1ULDu2x;3000000750;8001;12;toannt4;USD;Ng?n h?n;4,8;04/11/2025;04/05/2026;04/11/2025;04/11/2025;
rlBt6ZXtSnO7;3000000750;8001;12;toannt4;USD;Ng?n h?n;4,8;14/11/2025;14/05/2026;14/11/2025;14/11/2025;
hzfntOemDyM0;3000000750;8001;12;toannt4;USD;Ng?n h?n;4,8;20/11/2025;20/05/2026;20/11/2025;20/11/2025;
ZVGnMM3vKfJi;3000000808;8000;12;toannt4;VND;Ng?n h?n;6,5;08/07/2025;08/01/2026;08/07/2025;08/07/2025;
bJdAFbZHh5PQ;3000000808;8000;12;toannt4;VND;Ng?n h?n;6,5;14/08/2025;16/02/2026;14/08/2025;14/08/2025;
XcLPNpk3kdiK;3000000808;8000;12;toannt4;VND;Ng?n h?n;6,5;05/09/2025;05/03/2026;05/09/2025;05/09/2025;
5fyA7Axt7DCC;3000000808;8000;12;toannt4;VND;Ng?n h?n;6,5;26/09/2025;26/03/2026;26/09/2025;26/09/2025;
3vwasYf3AN7i;3000000808;8000;12;toannt4;VND;Ng?n h?n;6,5;25/11/2025;25/05/2026;25/11/2025;25/11/2025;
9UqjVHkzSFbk;3000000808;8000;12;toannt4;VND;Ng?n h?n;6,5;16/06/2025;16/12/2025;16/06/2025;16/06/2025;
4YeLD9bEyKtC;3000000808;8000;12;toannt4;VND;Ng?n h?n;6,5;27/06/2025;29/12/2025;27/06/2025;27/06/2025;
j0iYFvd8F1Gl;3000000808;8000;12;toannt4;VND;Ng?n h?n;6,5;11/08/2025;11/02/2026;11/08/2025;11/08/2025;
l5XgvndWGLoa;3000000808;8000;12;toannt4;VND;Ng?n h?n;6,5;25/08/2025;25/02/2026;25/08/2025;25/08/2025;
Xw4kSVcctmNU;3000000808;8000;12;toannt4;VND;Ng?n h?n;6,5;18/09/2025;18/03/2026;19/09/2025;19/09/2025;
fRLGw3AG4Rre;3000000808;8000;12;toannt4;VND;Ng?n h?n;6,5;17/07/2025;19/01/2026;17/07/2025;17/07/2025;
bxZSV5atVeBR;3000000808;8000;12;toannt4;VND;Ng?n h?n;6,5;18/07/2025;19/01/2026;18/07/2025;18/07/2025;
LEK0fo68p2K7;3000000808;8000;12;toannt4;VND;Ng?n h?n;6,5;19/11/2025;19/05/2026;19/11/2025;19/11/2025;
HRiHV50Y3vgN;3000000808;8000;12;toannt4;VND;Ng?n h?n;6,5;30/07/2025;30/01/2026;30/07/2025;30/07/2025;
HpB4mLKC6p4m;3000000808;8000;12;toannt4;VND;Ng?n h?n;6,5;10/09/2025;10/03/2026;10/09/2025;10/09/2025;
cQqRg92ZCdOj;3000000808;8000;12;toannt4;VND;Ng?n h?n;6,5;25/11/2025;25/05/2026;25/11/2025;25/11/2025;
Lk5Xxy8OTiGq;3000000808;8000;12;toannt4;VND;Ng?n h?n;6,5;19/06/2025;19/12/2025;19/06/2025;19/06/2025;
a9Q2Luih3t98;3000000808;8000;12;toannt4;VND;Ng?n h?n;6,5;07/08/2025;09/02/2026;07/08/2025;07/08/2025;
4B78kvCuSxx3;3000000808;8000;12;toannt4;VND;Ng?n h?n;6,5;29/08/2025;02/03/2026;29/08/2025;29/08/2025;
qSDfmeTBU1Cf;3000000808;8000;12;toannt4;VND;Ng?n h?n;6,5;05/09/2025;05/03/2026;05/09/2025;05/09/2025;
43ufNctE62UN;3000000808;8000;12;toannt4;VND;Ng?n h?n;6,5;05/09/2025;05/03/2026;05/09/2025;05/09/2025;
5nobMV6nJpMb;3000000808;8000;12;toannt4;VND;Ng?n h?n;6,5;11/09/2025;11/03/2026;11/09/2025;11/09/2025;
07CDf8zVNjDo;3000000808;8000;12;toannt4;VND;Ng?n h?n;6,5;09/07/2025;09/01/2026;09/07/2025;09/07/2025;
0af8CxOToC9D;3000000808;8000;12;toannt4;VND;Ng?n h?n;6,5;24/07/2025;26/01/2026;24/07/2025;24/07/2025;
8uNdfbhgXLMW;3000000808;8000;12;toannt4;VND;Ng?n h?n;6,5;30/07/2025;30/01/2026;30/07/2025;30/07/2025;
mxprimFJxGeB;3000000808;8000;12;toannt4;VND;Ng?n h?n;6,5;21/08/2025;23/02/2026;21/08/2025;21/08/2025;
zG6X1YjktY2V;3000000808;8000;12;toannt4;VND;Ng?n h?n;6,5;26/09/2025;26/03/2026;26/09/2025;26/09/2025;
iOUzypDKNQZq;3000000808;8000;12;toannt4;VND;Ng?n h?n;6,5;18/11/2025;18/05/2026;18/11/2025;18/11/2025;
3WT05phrOIx9;3000000808;8000;12;toannt4;VND;Ng?n h?n;6,5;20/11/2025;20/05/2026;20/11/2025;20/11/2025;
wYKB1ZR3YsKY;3000000808;8000;12;toannt4;VND;Ng?n h?n;6,5;20/11/2025;20/05/2026;20/11/2025;20/11/2025;
IvYdegHrcAfR;3000000808;8000;12;toannt4;VND;Ng?n h?n;6,5;21/11/2025;21/05/2026;21/11/2025;21/11/2025;
jBCkspasRNTG;3000000808;8000;12;toannt4;VND;Ng?n h?n;6,5;28/11/2025;28/05/2026;28/11/2025;28/11/2025;
EbGFKQEaDZpe;3000000808;8000;12;toannt4;VND;Ng?n h?n;6,5;19/06/2025;19/12/2025;19/06/2025;19/06/2025;
LZOZRVTmmU6i;3000000808;8000;12;toannt4;VND;Ng?n h?n;6,5;29/07/2025;29/01/2026;29/07/2025;29/07/2025;
6xguKAqTKCAh;3000000808;8000;12;toannt4;VND;Ng?n h?n;6,5;31/07/2025;02/02/2026;31/07/2025;31/07/2025;
Hf8PxiTDaDDr;3000000808;8000;12;toannt4;VND;Ng?n h?n;6,5;01/08/2025;02/02/2026;01/08/2025;01/08/2025;
Q2wwzxFVn4TA;3000000808;8000;12;toannt4;VND;Ng?n h?n;6,5;10/09/2025;10/03/2026;10/09/2025;10/09/2025;
sR2TAUWgRIHf;3000000808;8000;12;toannt4;VND;Ng?n h?n;6,5;27/11/2025;27/05/2026;27/11/2025;27/11/2025;
qzy1yfIRzfk2;3000000808;8000;12;toannt4;VND;Ng?n h?n;6,5;12/06/2025;12/12/2025;12/06/2025;12/06/2025;
NfxH9zcly2ct;3000000808;8000;12;toannt4;VND;Ng?n h?n;6,5;13/06/2025;15/12/2025;13/06/2025;13/06/2025;
kWqGF03Be24l;3000000808;8000;12;toannt4;VND;Ng?n h?n;6,5;04/07/2025;05/01/2026;04/07/2025;04/07/2025;
Nn8CfMqc2ggv;3000000808;8000;12;toannt4;VND;Ng?n h?n;6,5;16/07/2025;16/01/2026;16/07/2025;16/07/2025;
FlYvgdtEKyGk;3000000808;8000;12;toannt4;VND;Ng?n h?n;6,5;20/11/2025;20/05/2026;20/11/2025;20/11/2025;
O5ynD7GLjZrd;3000000808;8000;12;toannt4;VND;Ng?n h?n;6,5;26/06/2025;26/12/2025;26/06/2025;26/06/2025;
bvrxVPXHssUR;3000000808;8000;12;toannt4;VND;Ng?n h?n;6,5;10/07/2025;12/01/2026;10/07/2025;10/07/2025;
BIZbZBX9zbkK;3000000808;8000;12;toannt4;VND;Ng?n h?n;6,5;11/07/2025;12/01/2026;11/07/2025;11/07/2025;
lEip54JSUsOX;3000000808;8000;12;toannt4;VND;Ng?n h?n;6,5;18/07/2025;19/01/2026;18/07/2025;18/07/2025;
nEzZJPTLRNGM;3000000808;8000;12;toannt4;VND;Ng?n h?n;6,5;16/09/2025;16/03/2026;16/09/2025;16/09/2025;
yG7ouf858HMU;3000000808;8000;12;toannt4;VND;Ng?n h?n;6,5;24/11/2025;25/05/2026;24/11/2025;24/11/2025;
jt6wbnVHNmA4;3000001343;8057;12;toannt4;VND;Dài h?n;7,2;25/07/2024;25/07/2036;25/07/2024;25/07/2024;
THytAYWr06ZL;3000000122;7200;8;trangdtt13;VND;Ng?n h?n;0,8;27/03/2025;27/03/2026;27/03/2025;27/03/2025;
EGmebSdBvWK9;3000001700;7200;8;trangdtt13;VND;Ng?n h?n;1,3;23/09/2025;23/03/2026;23/09/2025;23/09/2025;
mSfBSHkuFJ57;3000001759;7228;8;trangdtt13;VND;Ng?n h?n;7;26/11/2025;11/05/2026;26/11/2025;26/11/2025;
8hn9nHBGYY5D;3000001684;7200;8;tranglnh;VND;Ng?n h?n;1;10/09/2025;10/03/2026;10/09/2025;10/09/2025;
dulDpzfXbJTs;3000001684;7200;8;tranglnh;VND;Ng?n h?n;1;15/09/2025;16/03/2026;15/09/2025;15/09/2025;
8c5Ea053Ttc9;3000000327;8000;5;trangnt9;VND;Ng?n h?n;4,4;05/08/2025;05/02/2026;05/08/2025;05/08/2025;
jFRXoavaLGJZ;3000000327;8000;5;trangnt9;VND;Ng?n h?n;4,4;08/08/2025;09/02/2026;08/08/2025;08/08/2025;
DiPlfQpELIU7;3000000327;8000;5;trangnt9;VND;Ng?n h?n;4,4;11/08/2025;11/02/2026;11/08/2025;11/08/2025;
DIpSNpyc8Pu5;3000000327;8000;5;trangnt9;VND;Ng?n h?n;4,4;14/08/2025;16/02/2026;14/08/2025;14/08/2025;
ShodYIbZLkrM;3000000327;8000;5;trangnt9;VND;Ng?n h?n;4,4;05/09/2025;05/03/2026;05/09/2025;05/09/2025;
TPSE5dJAFeXd;3000000327;8000;5;trangnt9;VND;Ng?n h?n;4,6;10/09/2025;10/03/2026;10/09/2025;10/09/2025;
XEOwDMeeGFRs;3000000327;8000;5;trangnt9;VND;Ng?n h?n;4,6;26/09/2025;26/03/2026;26/09/2025;26/09/2025;
zj3grVWzQCUf;3000000327;8000;5;trangnt9;VND;Ng?n h?n;5,7;07/11/2025;07/05/2026;07/11/2025;07/11/2025;
vtQRIHlxjVTz;3000000327;8000;5;trangnt9;VND;Ng?n h?n;4,4;01/07/2025;01/01/2026;01/07/2025;01/07/2025;
NNuq2DAwAUWy;3000000327;8000;5;trangnt9;VND;Ng?n h?n;4,4;30/07/2025;30/01/2026;30/07/2025;30/07/2025;
M8L9pFj1TxCX;3000000327;8000;5;trangnt9;VND;Ng?n h?n;4,4;06/08/2025;06/02/2026;06/08/2025;06/08/2025;
wR3tav5fllCh;3000000327;8000;5;trangnt9;VND;Ng?n h?n;4,4;29/08/2025;02/03/2026;29/08/2025;29/08/2025;
RKIrz91VnbWC;3000000327;8000;5;trangnt9;VND;Ng?n h?n;4,7;09/10/2025;09/04/2026;09/10/2025;09/10/2025;
qfobDOuQ3INm;3000000327;8000;5;trangnt9;VND;Ng?n h?n;4,4;03/07/2025;05/01/2026;03/07/2025;03/07/2025;
VKxMq4XRc1uC;3000000327;8000;5;trangnt9;VND;Ng?n h?n;4,4;23/07/2025;23/01/2026;23/07/2025;23/07/2025;
506O9V5iCcQb;3000000327;8000;5;trangnt9;VND;Ng?n h?n;4,4;25/07/2025;26/01/2026;25/07/2025;25/07/2025;
6zXyG4xfdOEf;3000000327;8000;5;trangnt9;VND;Ng?n h?n;4,4;01/08/2025;02/02/2026;01/08/2025;01/08/2025;
XyNsXlcfElil;3000000327;8000;5;trangnt9;VND;Ng?n h?n;4,4;08/08/2025;09/02/2026;08/08/2025;08/08/2025;
c01C7DxqE4JB;3000000327;8000;5;trangnt9;VND;Ng?n h?n;4,4;15/08/2025;16/02/2026;15/08/2025;15/08/2025;
15K4cO3eWXd6;3000000327;8000;5;trangnt9;VND;Ng?n h?n;4,4;29/08/2025;02/03/2026;29/08/2025;29/08/2025;
9maKcNQojEkj;3000000327;8000;5;trangnt9;VND;Ng?n h?n;4,6;12/09/2025;12/03/2026;12/09/2025;12/09/2025;
1FTrxlvGr5gc;3000000327;8000;5;trangnt9;VND;Ng?n h?n;4,7;06/10/2025;06/04/2026;06/10/2025;06/10/2025;
HnEmr0ukQw75;3000000327;8000;5;trangnt9;VND;Ng?n h?n;4,4;10/07/2025;12/01/2026;10/07/2025;10/07/2025;
dBKwP9X40MD6;3000000327;8000;5;trangnt9;VND;Ng?n h?n;4,4;04/08/2025;04/02/2026;04/08/2025;04/08/2025;
6I1WNUh4vVc9;3000000327;8000;5;trangnt9;VND;Ng?n h?n;4,4;05/08/2025;05/02/2026;05/08/2025;05/08/2025;
xSvWiVw8BhKT;3000000327;8000;5;trangnt9;VND;Ng?n h?n;4,4;11/08/2025;11/02/2026;11/08/2025;11/08/2025;
QCm227afctau;3000000327;8000;5;trangnt9;VND;Ng?n h?n;4,4;20/08/2025;20/02/2026;20/08/2025;20/08/2025;
T5vVLI3wZANC;3000000327;8000;5;trangnt9;VND;Ng?n h?n;4,4;22/08/2025;23/02/2026;22/08/2025;22/08/2025;
AP32HAb2VBJA;3000000327;8000;5;trangnt9;VND;Ng?n h?n;4,4;06/08/2025;06/02/2026;06/08/2025;06/08/2025;
M7daVgBCGEov;3000000327;8000;5;trangnt9;VND;Ng?n h?n;4,4;27/08/2025;27/02/2026;27/08/2025;27/08/2025;
SBM44EIEs8jF;3000000327;8000;5;trangnt9;VND;Ng?n h?n;4,4;28/08/2025;02/03/2026;28/08/2025;28/08/2025;
uHNwXCRkE20W;3000000327;8000;5;trangnt9;VND;Ng?n h?n;4,6;29/09/2025;30/03/2026;29/09/2025;29/09/2025;
yCuWxQtKbo9Z;3000000327;8000;5;trangnt9;VND;Ng?n h?n;5,7;06/11/2025;06/05/2026;06/11/2025;06/11/2025;
0iICvidmCGGC;3000000327;8000;5;trangnt9;VND;Ng?n h?n;4,4;15/08/2025;16/02/2026;15/08/2025;15/08/2025;
3SvBTgzV4UpS;3000000327;8000;5;trangnt9;VND;Ng?n h?n;4,4;22/08/2025;23/02/2026;22/08/2025;22/08/2025;
IRhYTmnyAfW4;3000000327;8000;5;trangnt9;VND;Ng?n h?n;4,4;05/09/2025;05/03/2026;05/09/2025;05/09/2025;
Fpn9O54nnciq;3000000327;8000;5;trangnt9;VND;Ng?n h?n;4,6;10/09/2025;10/03/2026;10/09/2025;10/09/2025;
pBxDHGfFT4bC;3000000327;8000;5;trangnt9;VND;Ng?n h?n;4,6;11/09/2025;11/03/2026;11/09/2025;11/09/2025;
8DM4TcUTvhOA;3000000327;8000;5;trangnt9;VND;Ng?n h?n;4,4;25/06/2025;25/12/2025;25/06/2025;25/06/2025;
d7mS0M0LbWsJ;3000000327;8000;5;trangnt9;VND;Ng?n h?n;4,4;18/07/2025;19/01/2026;18/07/2025;18/07/2025;
jcViUBZVCd9p;3000000327;8000;5;trangnt9;VND;Ng?n h?n;4,4;06/08/2025;06/02/2026;06/08/2025;06/08/2025;
lBi73grYl2Dn;3000000327;8000;5;trangnt9;VND;Ng?n h?n;4,4;22/08/2025;23/02/2026;22/08/2025;22/08/2025;
ugKPSXhamBCQ;3000000327;8000;5;trangnt9;VND;Ng?n h?n;4,4;29/08/2025;02/03/2026;29/08/2025;29/08/2025;
0NcGyrtm3B9f;3000000327;8000;5;trangnt9;VND;Ng?n h?n;4,4;15/07/2025;15/01/2026;15/07/2025;15/07/2025;
D0nlJC2MZyOC;3000000327;8000;5;trangnt9;VND;Ng?n h?n;4,4;01/08/2025;02/02/2026;01/08/2025;01/08/2025;
aaA8AmykoDF6;3000000327;8000;5;trangnt9;VND;Ng?n h?n;4,4;04/08/2025;04/02/2026;04/08/2025;04/08/2025;
BSm0A0v1vQSJ;3000000327;8000;5;trangnt9;VND;Ng?n h?n;4,4;03/09/2025;03/03/2026;03/09/2025;03/09/2025;
pltzj5Owa8eK;3000000327;8000;5;trangnt9;VND;Ng?n h?n;4,6;11/09/2025;11/03/2026;11/09/2025;11/09/2025;
oKTpWsjlFIjO;3000000327;8000;5;trangnt9;VND;Ng?n h?n;4,6;15/09/2025;16/03/2026;15/09/2025;15/09/2025;
jpeg9N2t8wE3;3000000327;8000;5;trangnt9;VND;Ng?n h?n;4,4;27/08/2025;27/02/2026;27/08/2025;27/08/2025;
ul6TLS0AbEI2;3000000327;8000;5;trangnt9;VND;Ng?n h?n;4,4;29/08/2025;02/03/2026;29/08/2025;29/08/2025;
leCyVncgLtBv;3000000327;8000;5;trangnt9;VND;Ng?n h?n;4,6;08/09/2025;09/03/2026;08/09/2025;08/09/2025;
IasMoX9omYYN;3000000327;8000;5;trangnt9;VND;Ng?n h?n;4,6;09/09/2025;09/03/2026;09/09/2025;09/09/2025;
wvPohzbpCbrB;3000000327;8000;5;trangnt9;VND;Ng?n h?n;4,6;10/09/2025;10/03/2026;10/09/2025;10/09/2025;
DvPWjMe5lECr;3000000655;8057;5;trangnt9;VND;Dài h?n;11;20/10/2017;20/10/2027;20/10/2017;21/12/2018;
bmpOOKGzUyLY;3000000328;8057;12;trinhlhd;VND;Dài h?n;6,5;25/12/2024;29/10/2031;25/12/2024;15/01/2025;
n9BK78ZyLPto;3000000328;8000;12;trinhlhd;VND;Ng?n h?n;4,2;10/09/2025;10/03/2026;10/09/2025;10/09/2025;
yvEKyB21MHyp;3000000328;8000;12;trinhlhd;VND;Ng?n h?n;4,4;17/09/2025;17/03/2026;17/09/2025;17/09/2025;
FPWaiYX1pJ6u;3000000328;8057;12;trinhlhd;VND;Dài h?n;6,5;18/12/2024;29/10/2031;18/12/2024;18/12/2024;
zNqVQOLgrqeu;3000000328;8057;12;trinhlhd;VND;Dài h?n;6,5;19/03/2025;29/10/2031;19/03/2025;14/04/2025;
3DZt5LpdKJT5;3000000328;8001;12;trinhlhd;USD;Ng?n h?n;3,8;11/07/2025;12/01/2026;11/07/2025;11/07/2025;
hFyaYRqwWsET;3000000328;8057;12;trinhlhd;VND;Dài h?n;6,5;20/11/2024;29/10/2031;20/11/2024;11/12/2024;
tcMM5ANFkEKf;3000000328;8057;12;trinhlhd;VND;Dài h?n;6,5;06/02/2025;29/10/2031;06/02/2025;12/02/2025;
SzTm4nsr2pqG;3000000328;8057;12;trinhlhd;VND;Dài h?n;6,5;29/10/2024;29/10/2031;29/10/2024;29/10/2024;
XxppsmAwODA4;3000000328;8057;12;trinhlhd;VND;Dài h?n;6,5;19/02/2025;29/10/2031;19/02/2025;05/03/2025;
3aAwdtGhmNQo;3000000328;8000;12;trinhlhd;VND;Ng?n h?n;4;25/08/2025;25/12/2025;25/08/2025;25/08/2025;
vHPrzCCBBw7N;3000000328;8001;12;trinhlhd;USD;Ng?n h?n;3,8;08/08/2025;09/02/2026;08/08/2025;08/08/2025;
EzSCNZ8ixxcR;3000000328;8001;12;trinhlhd;USD;Ng?n h?n;3,7;22/10/2025;22/04/2026;22/10/2025;22/10/2025;
QuC8O25bBKYd;3000000328;8057;12;trinhlhd;VND;Dài h?n;6,5;28/10/2025;29/10/2031;28/10/2025;28/10/2025;
6wDDTsJ5uiVF;3000000385;8056;12;trinhlhd;VND;Trung h?n;7,7;15/04/2024;17/04/2028;15/04/2024;03/06/2024;
i0rm08TNCgUh;3000001423;8000;12;trinhlhd;VND;Ng?n h?n;5,3;25/09/2025;26/01/2026;25/09/2025;25/09/2025;
9pJQFlewWra6;3000001423;8000;12;trinhlhd;VND;Ng?n h?n;6,3;11/11/2025;11/03/2026;11/11/2025;11/11/2025;
ofCd50FgZ9Wr;3000001423;8000;12;trinhlhd;VND;Ng?n h?n;5,3;06/10/2025;06/02/2026;06/10/2025;06/10/2025;
5HDRlsMMrWdx;3000001423;8000;12;trinhlhd;VND;Ng?n h?n;6,3;04/11/2025;04/03/2026;04/11/2025;04/11/2025;
mkfFyFNstK4b;3000001423;8000;12;trinhlhd;VND;Ng?n h?n;6,6;25/11/2025;25/03/2026;25/11/2025;25/11/2025;
YyiaT7HLtbFb;3000001423;8000;12;trinhlhd;VND;Ng?n h?n;6,6;18/11/2025;18/03/2026;18/11/2025;18/11/2025;
7aalT9dzpVAZ;3000001423;8000;12;trinhlhd;VND;Ng?n h?n;5,3;08/08/2025;08/12/2025;08/08/2025;08/08/2025;
lSI2wGu7Qdzb;3000001423;8000;12;trinhlhd;VND;Ng?n h?n;5,3;16/09/2025;16/01/2026;16/09/2025;16/09/2025;
STkv4aUMeCeI;3000001423;8000;12;trinhlhd;VND;Ng?n h?n;5,3;22/08/2025;22/12/2025;22/08/2025;22/08/2025;
rd3KZBECfgAp;3000001423;8000;12;trinhlhd;VND;Ng?n h?n;5,3;13/10/2025;13/02/2026;13/10/2025;13/10/2025;
b2QzlIkj8WmL;3000000118;5508;8;tructt1;VND;Dài h?n;5;18/11/2021;27/10/2031;18/11/2021;18/11/2021;
q1S05ghtdYKB;3000000140;5513;8;tructt1;VND;Dài h?n;6,7;05/06/2024;05/06/2059;05/06/2024;05/06/2024;
csmZEMPBWI56;3000000140;5513;8;tructt1;VND;Dài h?n;6,7;09/10/2024;05/06/2059;09/10/2024;09/10/2024;
B1QVJeorOUcE;3000000145;5513;8;tructt1;VND;Dài h?n;7;08/03/2024;08/03/2045;08/03/2024;08/03/2024;
S4otNRQdrghe;3000000145;5513;8;tructt1;VND;Dài h?n;6,7;09/12/2024;08/03/2045;09/12/2024;09/12/2024;
FZZrLSE1rLfZ;3000000213;8609;8;tructt1;VND;Ng?n h?n;6,8;30/10/2025;30/04/2026;30/10/2025;30/10/2025;
y6JNRY6JGpr9;3000000231;5513;8;tructt1;VND;Dài h?n;7;11/12/2023;11/12/2034;11/12/2023;11/12/2023;
NHqMNstrsgGe;3000000231;5513;8;tructt1;VND;Dài h?n;6,7;14/11/2024;11/12/2034;14/11/2024;14/11/2024;
1r3cNxrJUqaI;3000000309;5513;8;tructt1;VND;Dài h?n;11;09/08/2024;10/08/2048;09/08/2024;09/08/2024;
XTPPlsFVzxHj;3000000309;5513;8;tructt1;VND;Dài h?n;11;31/10/2024;10/08/2048;31/10/2024;31/10/2024;
MTvFW6CZOCqC;3000000521;5513;8;tructt1;VND;Dài h?n;6,7;26/09/2024;19/09/2059;26/09/2024;26/09/2024;
RoXlhOe8j9h4;3000000521;5513;8;tructt1;VND;Dài h?n;6,7;09/10/2024;19/09/2059;09/10/2024;09/10/2024;
EwbW0AcAir25;3000000532;5513;8;tructt1;VND;Dài h?n;11;01/08/2024;20/06/2052;01/08/2024;01/08/2024;
TfEi3eBKL4ix;3000000532;5513;8;tructt1;VND;Dài h?n;11;27/06/2024;20/06/2052;27/06/2024;27/06/2024;
tTVSLjoZVhBT;3000000561;5513;8;tructt1;VND;Dài h?n;6,7;20/11/2024;20/11/2059;20/11/2024;20/11/2024;
bEa3VyKAEVjG;3000000567;5513;8;tructt1;VND;Dài h?n;7;07/12/2023;05/12/2058;07/12/2023;07/12/2023;
3q1ox8qopKDA;3000000567;5513;8;tructt1;VND;Dài h?n;6,7;19/12/2024;05/12/2058;19/12/2024;19/12/2024;
G7svBqW6VCFP;3000000576;5513;8;tructt1;VND;Dài h?n;6,5;22/10/2024;20/10/2059;22/10/2024;22/10/2024;
ZFfMiNzFHWpS;3000000592;5513;8;tructt1;VND;Dài h?n;6,7;21/11/2024;07/07/2059;21/11/2024;21/11/2024;
ylDQ6YbpAvZB;3000000592;5513;8;tructt1;VND;Dài h?n;6,7;16/07/2024;07/07/2059;16/07/2024;16/07/2024;
yGz3XB0WHQxb;3000000593;5513;8;tructt1;VND;Dài h?n;9;23/08/2022;25/08/2042;23/08/2022;23/08/2022;
rC3J8yZWhhqQ;3000000601;5513;8;tructt1;VND;Dài h?n;6,7;11/10/2024;15/08/2059;11/10/2024;11/10/2024;
Jf52mbVJWR0b;3000000601;5513;8;tructt1;VND;Dài h?n;6,7;16/08/2024;15/08/2059;16/08/2024;16/08/2024;
IouR7hVDWNo2;3000000607;5513;8;tructt1;VND;Dài h?n;6,5;16/10/2024;03/10/2034;16/10/2024;16/10/2024;
j2ssx113byVi;3000000607;5513;8;tructt1;VND;Dài h?n;6,7;07/10/2024;03/10/2034;07/10/2024;07/10/2024;
HsNOYjhBsEwI;3000000608;5513;8;tructt1;VND;Dài h?n;11;17/05/2021;25/04/2041;17/05/2021;17/05/2021;
ybkqYBBBENyV;3000000626;5508;8;tructt1;VND;Dài h?n;5;13/11/2019;14/11/2039;13/11/2019;13/11/2019;
TRLM8VCiuDsU;3000000729;5513;8;tructt1;VND;Dài h?n;7;08/12/2023;05/12/2051;08/12/2023;08/12/2023;
coWdWFR9E0YU;3000000729;5513;8;tructt1;VND;Dài h?n;6,7;20/12/2024;05/12/2051;20/12/2024;20/12/2024;
Lc80nLxtyI0J;3000000729;5513;8;tructt1;VND;Dài h?n;6,7;11/11/2024;05/12/2051;11/11/2024;11/11/2024;
tnqU6Vqgs2mj;3000000729;5513;8;tructt1;VND;Dài h?n;7;08/12/2023;05/12/2051;08/12/2023;08/12/2023;
Ufez28g6U9t1;3000000763;5558;8;tructt1;VND;Dài h?n;9;23/05/2022;23/05/2042;24/05/2022;24/05/2022;
3hS0DfXMqIEf;3000000781;5513;8;tructt1;VND;Dài h?n;6,5;04/12/2024;04/12/2059;04/12/2024;04/12/2024;
RIgkfUeedoG9;3000000801;5513;8;tructt1;VND;Dài h?n;6,7;06/08/2024;06/08/2059;06/08/2024;06/08/2024;
EHYMberBoWMk;3000000801;5513;8;tructt1;VND;Dài h?n;6,7;04/09/2024;06/08/2059;04/09/2024;04/09/2024;
2BeFuguZmJsI;3000000818;5513;8;tructt1;VND;Dài h?n;11;08/11/2024;18/11/2058;08/11/2024;08/11/2024;
M7B5pyPdH5vz;3000000847;5513;8;tructt1;VND;Dài h?n;4,9;12/11/2021;12/11/2041;12/11/2021;12/11/2021;
IPxi1syIY4Ae;3000000847;5537;8;tructt1;VND;Dài h?n;4,9;10/06/2025;25/05/2035;10/06/2025;10/06/2025;
lg7ynUSUog1U;3000000863;5508;8;tructt1;VND;Dài h?n;9;13/02/2020;13/02/2040;13/02/2020;13/02/2020;
3CYXbCuqMAke;3000000863;5518;8;tructt1;VND;Dài h?n;6,7;06/06/2025;25/05/2045;06/06/2025;06/06/2025;
Prmd4AhEMq2S;3000000863;5508;8;tructt1;VND;Dài h?n;9;22/12/2021;23/12/2041;22/12/2021;22/12/2021;
wgFYpnBSkDyS;3000000897;5508;8;tructt1;VND;Dài h?n;6,7;18/09/2024;18/09/2059;18/09/2024;18/09/2024;
EDK6ncySqQ8D;3000000914;8609;8;tructt1;VND;Ng?n h?n;5,6;09/09/2025;09/03/2026;09/09/2025;09/09/2025;
dFDZBY4lBVI0;3000000992;7200;8;tructt1;VND;Ng?n h?n;1,5;24/09/2025;24/03/2026;24/09/2025;24/09/2025;
UuceK5EhaSoa;3000001017;5513;8;tructt1;VND;Dài h?n;6,3;27/02/2025;11/01/2058;27/02/2025;27/02/2025;
rfo73CaOQNav;3000001017;5513;8;tructt1;VND;Dài h?n;6,3;13/01/2025;11/01/2058;13/01/2025;13/01/2025;
3S71qYUgYHqD;3000001043;5513;8;tructt1;VND;Dài h?n;11;27/06/2023;26/08/2042;27/06/2023;27/06/2023;
ocXBBdz17XrR;3000001043;5513;8;tructt1;VND;Dài h?n;11;29/08/2022;05/08/2042;29/08/2022;29/08/2022;
bgt5lDufGoUK;3000001088;5523;8;tructt1;VND;Dài h?n;6,7;17/12/2024;16/12/2032;17/12/2024;17/12/2024;
RF9gGrZsvAZP;3000001115;5513;8;tructt1;VND;Dài h?n;6,7;10/03/2025;15/02/2035;10/03/2025;10/03/2025;
8joUHNp6MlP5;3000001132;5513;8;tructt1;VND;Dài h?n;11;07/09/2023;07/09/2033;07/09/2023;07/09/2023;
SMPz2pqs8bJN;3000001163;5513;8;tructt1;VND;Dài h?n;6,5;19/12/2024;19/12/2039;19/12/2024;19/12/2024;
YVUW7OqCMZyQ;3000001238;5513;8;tructt1;VND;Dài h?n;7;11/12/2023;05/12/2058;11/12/2023;11/12/2023;
ErfKKrKZ0rRd;3000001238;5513;8;tructt1;VND;Dài h?n;6,7;21/10/2024;05/12/2058;21/10/2024;21/10/2024;
nz2EqHouAgx8;3000001264;5513;8;tructt1;VND;Dài h?n;7;08/12/2023;05/12/2050;08/12/2023;08/12/2023;
rIM1TafdM6RN;3000001264;5513;8;tructt1;VND;Dài h?n;6,7;06/11/2024;05/12/2050;06/11/2024;06/11/2024;
kDrlGExRoK97;3000001287;5513;8;tructt1;VND;Dài h?n;6,7;20/12/2024;27/12/2058;20/12/2024;20/12/2024;
t0qWVeOvPSFo;3000001287;5513;8;tructt1;VND;Dài h?n;7;27/12/2023;27/12/2058;27/12/2023;27/12/2023;
hsUwZDRYsxD3;3000001297;5513;8;tructt1;VND;Dài h?n;11;12/01/2024;13/01/2059;12/01/2024;12/01/2024;
dS6DIVeSA0FD;3000001309;5513;8;tructt1;VND;Dài h?n;7;16/01/2024;05/01/2051;16/01/2024;16/01/2024;
W0L65hOQg4E7;3000001309;5513;8;tructt1;VND;Dài h?n;6,7;20/12/2024;05/01/2051;20/12/2024;20/12/2024;
A84kv14O5gKZ;3000001340;5513;8;tructt1;VND;Dài h?n;6,7;24/07/2024;20/07/2050;24/07/2024;24/07/2024;
1XKwAwv3P5g4;3000001340;5513;8;tructt1;VND;Dài h?n;6,7;11/10/2024;20/07/2050;11/10/2024;11/10/2024;
dB4uB4JduqdX;3000001372;5513;8;tructt1;VND;Dài h?n;7;17/04/2024;17/04/2051;17/04/2024;17/04/2024;
NHIk5TkYY1CA;3000001409;5513;8;tructt1;VND;Dài h?n;6,7;11/10/2024;20/05/2059;11/10/2024;11/10/2024;
TQaVAMFf86nb;3000001409;5513;8;tructt1;VND;Dài h?n;6,7;28/05/2024;20/05/2059;28/05/2024;28/05/2024;
sFsTF15vWKhY;3000001415;5513;8;tructt1;VND;Dài h?n;6,7;09/10/2024;13/06/2034;09/10/2024;09/10/2024;
ekdkVmgDM9Bw;3000001415;5513;8;tructt1;VND;Dài h?n;6,7;13/06/2024;13/06/2034;13/06/2024;13/06/2024;
wb9INFagUEiB;3000001421;5508;8;tructt1;VND;Dài h?n;7,5;11/11/2025;25/10/2050;11/11/2025;11/11/2025;
S5igEZ30GpiA;3000001439;5513;8;tructt1;VND;Dài h?n;6,7;09/10/2024;20/06/2058;09/10/2024;09/10/2024;
9IVwtlUqjGyz;3000001439;5513;8;tructt1;VND;Dài h?n;6,7;25/06/2024;20/06/2058;25/06/2024;25/06/2024;
74q055sQlVCu;3000001440;5513;8;tructt1;VND;Dài h?n;6,7;09/10/2024;20/06/2059;09/10/2024;09/10/2024;
tca403YrMjPG;3000001440;5513;8;tructt1;VND;Dài h?n;6,7;26/06/2024;20/06/2059;26/06/2024;26/06/2024;
xGIoDSdvxBbA;3000001456;5513;8;tructt1;VND;Dài h?n;6,7;09/10/2024;15/07/2059;09/10/2024;09/10/2024;
GlacCo5tElie;3000001456;5513;8;tructt1;VND;Dài h?n;6,7;15/07/2024;15/07/2059;15/07/2024;15/07/2024;
EBoQQnh5oDFD;3000001461;5513;8;tructt1;VND;Dài h?n;6,7;11/10/2024;19/07/2049;11/10/2024;11/10/2024;
ixoh0oL0pHGk;3000001461;5513;8;tructt1;VND;Dài h?n;6,7;19/07/2024;19/07/2049;19/07/2024;19/07/2024;
vtEc5ZiM0FU0;3000001470;5513;8;tructt1;VND;Dài h?n;6,7;30/07/2024;20/07/2049;30/07/2024;30/07/2024;
Hqxyc2gZzF0E;3000001472;5513;8;tructt1;VND;Dài h?n;6,7;14/10/2024;21/07/2059;14/10/2024;14/10/2024;
N6gTlHYQHen5;3000001489;5513;8;tructt1;VND;Dài h?n;6,7;13/08/2024;14/08/2051;13/08/2024;13/08/2024;
CC49laWXAJKN;3000001489;5513;8;tructt1;VND;Dài h?n;6,5;16/10/2024;14/08/2051;16/10/2024;16/10/2024;
2ZqpNmc9rR5e;3000001491;5513;8;tructt1;VND;Dài h?n;6,8;20/09/2024;19/09/2059;20/09/2024;20/09/2024;
E0NQvrJdi8AA;3000001512;5513;8;tructt1;VND;Dài h?n;6;29/10/2024;25/09/2048;29/10/2024;29/10/2024;
mCqmLGzy88kg;3000001513;5513;8;tructt1;VND;Dài h?n;6,7;10/10/2024;18/09/2057;10/10/2024;10/10/2024;
pWBdN9ZBGQvR;3000001513;5513;8;tructt1;VND;Dài h?n;6,7;18/09/2024;18/09/2057;18/09/2024;18/09/2024;
TXfh1KibajTP;3000001526;5513;8;tructt1;VND;Dài h?n;6,7;24/09/2024;19/09/2059;24/09/2024;24/09/2024;
xbr2FgAB7qeF;3000001526;5513;8;tructt1;VND;Dài h?n;6,7;11/10/2024;19/09/2059;11/10/2024;11/10/2024;
IBrpy8AGc9Va;3000001552;5513;8;tructt1;VND;Dài h?n;6,5;24/10/2024;21/10/2041;24/10/2024;24/10/2024;
yPKo6QccKjSB;3000001552;5513;8;tructt1;VND;Dài h?n;6,5;08/11/2024;21/10/2041;08/11/2024;08/11/2024;
SHHoSxsERhpu;3000001595;5513;8;tructt1;VND;Dài h?n;6,5;11/12/2024;11/12/2045;11/12/2024;11/12/2024;
ZXIouBBT7tj4;3000001635;5508;8;tructt1;VND;Dài h?n;6,5;25/04/2025;15/04/2052;25/04/2025;25/04/2025;
60iqNTGPa68N;3000001635;5508;8;tructt1;VND;Dài h?n;6,5;18/08/2025;15/04/2052;18/08/2025;18/08/2025;
kljwWj77dLVY;3000001675;5508;8;tructt1;VND;Dài h?n;6,7;13/08/2025;09/08/2047;13/08/2025;13/08/2025;
aVmiDwLOA1wA;3000001694;5558;8;tructt1;VND;Dài h?n;7;22/10/2025;05/10/2032;22/10/2025;22/10/2025;
3xTITChrqbsU;3000000007;5508;15;tuannd4;VND;Dài h?n;4,9;09/06/2023;08/06/2043;09/06/2023;09/06/2023;
PEUafxHqHtB9;3000000007;5508;15;tuannd4;VND;Dài h?n;4,9;04/04/2023;06/04/2048;04/04/2023;04/04/2023;
X1C982ch9kIT;3000000032;5508;15;tuannd4;VND;Dài h?n;4,9;15/03/2024;25/02/2059;15/03/2024;15/03/2024;
KZTP2PAmQRM6;3000000131;5508;15;tuannd4;VND;Dài h?n;6,5;21/07/2025;21/07/2045;21/07/2025;21/07/2025;
Gi84GB1gxUcc;3000000146;5508;15;tuannd4;VND;Dài h?n;4,9;19/01/2024;19/01/2054;19/01/2024;19/01/2024;
FRn3U6yZaQ2x;3000000187;5513;15;tuannd4;VND;Dài h?n;5;08/02/2022;27/01/2042;08/02/2022;08/02/2022;
Bs3VRpDg5qYD;3000000193;5508;15;tuannd4;VND;Dài h?n;5;26/03/2021;26/03/2041;26/03/2021;26/03/2021;
u01yOhA3pw29;3000000217;5508;15;tuannd4;VND;Dài h?n;5,5;11/03/2022;11/03/2042;11/03/2022;11/03/2022;
WROFUtRH4KeV;3000000230;5508;15;tuannd4;VND;Dài h?n;7,5;09/10/2023;09/10/2037;09/10/2023;09/10/2023;
v3uL9yq0QlbS;3000000232;5558;15;tuannd4;VND;Dài h?n;4,9;20/08/2024;10/08/2044;20/08/2024;20/08/2024;
iHqEwjZ96ZfF;3000000232;5558;15;tuannd4;VND;Dài h?n;4,9;16/08/2024;10/08/2044;16/08/2024;16/08/2024;
0Sbgaw3ZBepP;3000000232;5508;15;tuannd4;VND;Dài h?n;4,9;28/03/2024;25/03/2049;28/03/2024;28/03/2024;
GMJ77QihQhB2;3000000233;5508;15;tuannd4;VND;Dài h?n;5;29/08/2018;30/08/2038;29/08/2018;29/08/2018;
3sSHEu9Si2ho;3000000267;5508;15;tuannd4;VND;Dài h?n;6,7;18/09/2024;25/08/2039;18/09/2024;18/09/2024;
U0jvqyIc6Y8Q;3000000298;5513;15;tuannd4;VND;Dài h?n;4,9;07/09/2023;28/10/2047;07/09/2023;07/09/2023;
vWyPuOaOOEIP;3000000358;5513;15;tuannd4;VND;Dài h?n;11;29/01/2024;20/01/2050;29/01/2024;29/01/2024;
Rp8EOaDIbama;3000000358;5513;15;tuannd4;VND;Dài h?n;11;29/01/2024;20/01/2050;29/01/2024;29/01/2024;
O2LdsGoASFmT;3000000400;5508;15;tuannd4;VND;Dài h?n;13;23/03/2017;23/03/2037;23/03/2017;;
eBUP45poum2C;3000000471;8000;15;tuannd4;VND;Ng?n h?n;7,1;03/06/2025;03/03/2026;03/06/2025;03/06/2025;
bYBwJOfPbs1R;3000000471;8000;15;tuannd4;VND;Ng?n h?n;7,5;04/09/2025;04/03/2026;04/09/2025;04/09/2025;
KJu5sbaUX3hM;3000000471;8065;15;tuannd4;VND;Trung h?n;7,5;12/07/2024;25/06/2029;12/07/2024;12/07/2024;
wpBClfFhetXq;3000000471;8000;15;tuannd4;VND;Ng?n h?n;7,1;09/07/2025;09/04/2026;09/07/2025;09/07/2025;
vYle6GpCd4T4;3000000493;5508;15;tuannd4;VND;Dài h?n;11;31/07/2023;31/07/2058;31/07/2023;31/07/2023;
LsNN8S1yH6n2;3000000497;5508;15;tuannd4;VND;Dài h?n;4,9;12/09/2025;26/08/2058;12/09/2025;12/09/2025;
AlG0Axv389aV;3000000497;5508;15;tuannd4;VND;Dài h?n;4,9;10/10/2023;10/10/2058;10/10/2023;10/10/2023;
NuL3UQ48fUJ9;3000000563;5508;15;tuannd4;VND;Dài h?n;6,5;17/12/2024;16/12/2049;17/12/2024;17/12/2024;
K13k70CMMMHD;3000000603;5508;15;tuannd4;VND;Dài h?n;11;02/04/2021;02/04/2041;02/04/2021;02/04/2021;
oHP7JuK48AL0;3000000606;5508;15;tuannd4;VND;Dài h?n;5,5;26/04/2022;25/04/2042;26/04/2022;26/04/2022;
MAXGcegBsE4a;3000000683;5508;15;tuannd4;VND;Dài h?n;4,9;11/11/2022;11/11/2047;11/11/2022;11/11/2022;
sB70qj0gbSDC;3000000698;5508;15;tuannd4;VND;Dài h?n;6,8;01/03/2024;01/03/2044;01/03/2024;01/03/2024;
IwlXUnX3yB45;3000000699;5513;15;tuannd4;VND;Dài h?n;4,9;28/04/2025;28/04/2050;28/04/2025;28/04/2025;
o5yg6AHHQre6;3000000699;5508;15;tuannd4;VND;Dài h?n;5;24/07/2020;09/07/2040;24/07/2020;24/07/2020;
GAotceDKHEdV;3000000699;5508;15;tuannd4;VND;Dài h?n;5;07/07/2020;09/07/2040;07/07/2020;07/07/2020;
sfr57nUxRSdC;3000000703;5513;15;tuannd4;VND;Dài h?n;6;09/07/2025;19/01/2054;09/07/2025;09/07/2025;
yDCS4XOjSrm4;3000000726;5518;15;tuannd4;VND;Dài h?n;7;06/11/2025;25/10/2045;06/11/2025;06/11/2025;
F0bvj6BDcBVJ;3000000755;5508;15;tuannd4;VND;Dài h?n;5,5;01/10/2020;01/10/2040;01/10/2020;01/10/2020;
5BPSqHjuSAjz;3000000755;5518;15;tuannd4;VND;Dài h?n;4,9;08/04/2024;02/04/2049;08/04/2024;08/04/2024;
HzQ9xC7J952k;3000000765;5508;15;tuannd4;VND;Dài h?n;5,5;25/04/2022;25/04/2057;25/04/2022;25/04/2022;
fplmYCUWi2AF;3000000830;5508;15;tuannd4;VND;Dài h?n;11;22/09/2023;22/09/2051;22/09/2023;22/09/2023;
7f8QPtyO4mOH;3000000891;5513;15;tuannd4;VND;Dài h?n;4,9;05/03/2025;20/02/2045;05/03/2025;05/03/2025;
mzIthBWfrWdd;3000000928;5508;15;tuannd4;VND;Dài h?n;11;17/08/2023;17/08/2048;17/08/2023;17/08/2023;
7O53g4JxAlcF;3000000946;5508;15;tuannd4;VND;Dài h?n;11;19/03/2021;19/03/2041;19/03/2021;19/03/2021;
RV26mgGcrT7n;3000000964;7228;15;tuannd4;VND;Ng?n h?n;7;21/11/2025;29/12/2025;21/11/2025;21/11/2025;
OlwYQAoMkTP6;3000000994;8609;15;tuannd4;VND;Ng?n h?n;6,8;05/06/2025;05/12/2025;05/06/2025;05/06/2025;
VJvip6Bw4T4w;3000000994;8609;15;tuannd4;VND;Ng?n h?n;6,8;03/06/2025;03/12/2025;03/06/2025;03/06/2025;
nRsmIAJOClcA;3000000994;8609;15;tuannd4;VND;Ng?n h?n;6,8;04/06/2025;04/12/2025;04/06/2025;04/06/2025;
iKW8Mbzmfcmo;3000001000;5508;15;tuannd4;VND;Dài h?n;11;27/01/2022;27/01/2032;27/01/2022;27/01/2022;
L6XccKQ3cGaO;3000001004;5508;15;tuannd4;VND;Dài h?n;11;02/03/2022;25/02/2042;02/03/2022;02/03/2022;
555QpfBN9Tg5;3000001040;8000;15;tuannd4;VND;Ng?n h?n;7,5;08/09/2025;09/03/2026;08/09/2025;08/09/2025;
Q3tOUCoUTue9;3000001050;5508;15;tuannd4;VND;Dài h?n;7,5;14/11/2023;14/11/2051;14/11/2023;14/11/2023;
MOc19wDIJWof;3000001051;5508;15;tuannd4;VND;Dài h?n;11;23/08/2022;25/08/2042;23/08/2022;23/08/2022;
ux3lSoKzLCYc;3000001081;5508;15;tuannd4;VND;Dài h?n;11;17/04/2023;17/04/2043;17/04/2023;17/04/2023;
W33QFCliCUAH;3000001362;5508;15;tuannd4;VND;Dài h?n;11;29/03/2024;25/03/2047;29/03/2024;29/03/2024;
vxZ8I1M8HAsK;3000001493;8000;15;tuannd4;VND;Ng?n h?n;7,8;17/09/2025;17/03/2026;17/09/2025;17/09/2025;
DiQ5MTyQTz8s;3000001493;8000;15;tuannd4;VND;Ng?n h?n;7,8;17/09/2025;17/03/2026;17/09/2025;17/09/2025;
NpnQyD4mQmxM;3000001608;7228;15;tuannd4;VND;Ng?n h?n;7;09/09/2025;06/03/2026;09/09/2025;09/09/2025;
bAAJ0v9k5pkD;3000001714;5508;15;tuannd4;VND;Dài h?n;6,8;11/11/2024;25/10/2039;11/11/2024;11/11/2024;
YCgKib8nCHZ9;3000001731;5508;15;tuannd4;VND;Dài h?n;6,7;25/09/2024;27/03/2056;25/09/2024;25/09/2024;
iJ3cCA7RFWEv;3000001731;5508;15;tuannd4;VND;Dài h?n;4,9;11/04/2024;27/03/2056;11/04/2024;11/04/2024;
ArWq6z56TPq8;3000001731;5508;15;tuannd4;VND;Dài h?n;6,7;11/04/2024;27/03/2056;11/04/2024;11/04/2024;
Oh3GraASPMXz;3000001733;5513;15;tuannd4;VND;Dài h?n;4,9;31/03/2025;25/03/2050;31/03/2025;31/03/2025;
FXTlTOjk3Y76;3000000338;8000;5;tuanpa10;VND;Ng?n h?n;6,3;12/09/2025;12/12/2025;12/09/2025;12/09/2025;
Gxw0EpM3up5D;3000000338;8000;5;tuanpa10;VND;Ng?n h?n;6,3;03/10/2025;05/01/2026;03/10/2025;03/10/2025;
D86U31KseUfd;3000000338;8000;5;tuanpa10;VND;Ng?n h?n;6,3;07/11/2025;09/02/2026;07/11/2025;07/11/2025;
V3TYBpNcH71x;3000000338;8000;5;tuanpa10;VND;Ng?n h?n;6,3;28/11/2025;02/03/2026;28/11/2025;28/11/2025;
kbIv4FcFamx6;3000000338;8000;5;tuanpa10;VND;Ng?n h?n;6,3;24/09/2025;24/12/2025;24/09/2025;24/09/2025;
z17gwdViLZeg;3000000338;8000;5;tuanpa10;VND;Ng?n h?n;6,3;29/09/2025;29/12/2025;29/09/2025;29/09/2025;
cK3jRQjJeRYx;3000000338;8000;5;tuanpa10;VND;Ng?n h?n;6,3;25/09/2025;25/12/2025;25/09/2025;25/09/2025;
SRclV1uOsWNe;3000000338;8000;5;tuanpa10;VND;Ng?n h?n;6,3;02/10/2025;02/01/2026;02/10/2025;02/10/2025;
wX2sTVrWDUwg;3000000338;8000;5;tuanpa10;VND;Ng?n h?n;6,3;16/09/2025;16/12/2025;16/09/2025;16/09/2025;
HLOa4KoAgMob;3000000338;8000;5;tuanpa10;VND;Ng?n h?n;6,3;24/11/2025;24/02/2026;24/11/2025;24/11/2025;
bYB4bZM5juGS;3000000338;8000;5;tuanpa10;VND;Ng?n h?n;6,3;10/09/2025;10/12/2025;10/09/2025;10/09/2025;
BdF6CgZkiDX6;3000000338;8000;5;tuanpa10;VND;Ng?n h?n;6,3;11/11/2025;11/02/2026;11/11/2025;11/11/2025;
2Nn1wVJFlRnE;3000000338;8000;5;tuanpa10;VND;Ng?n h?n;6,3;18/09/2025;18/12/2025;18/09/2025;18/09/2025;
ddXr070MxdWQ;3000000338;8000;5;tuanpa10;VND;Ng?n h?n;6,3;19/09/2025;19/12/2025;19/09/2025;19/09/2025;
fcn7gzqbxhmp;3000000338;8000;5;tuanpa10;VND;Ng?n h?n;6,3;19/11/2025;19/02/2026;19/11/2025;19/11/2025;
JPYLyYC8wtMH;3000000338;8000;5;tuanpa10;VND;Ng?n h?n;6,3;26/11/2025;26/02/2026;26/11/2025;26/11/2025;
Xn1duWzFodgL;3000000338;8000;5;tuanpa10;VND;Ng?n h?n;6,3;27/11/2025;27/02/2026;27/11/2025;27/11/2025;
R2eifWudWZju;3000000338;8000;5;tuanpa10;VND;Ng?n h?n;6,3;10/11/2025;10/02/2026;10/11/2025;10/11/2025;
pAG6gWwVOdud;3000000338;8000;5;tuanpa10;VND;Ng?n h?n;6,3;17/11/2025;17/02/2026;17/11/2025;17/11/2025;
MJdtTz3bWCm3;3000000338;8000;5;tuanpa10;VND;Ng?n h?n;6,3;20/11/2025;20/02/2026;20/11/2025;20/11/2025;
t8t3q4iiyusd;3000000338;8000;5;tuanpa10;VND;Ng?n h?n;6,3;21/11/2025;23/02/2026;21/11/2025;21/11/2025;
9aPW5uShfdYA;3000000338;8000;5;tuanpa10;VND;Ng?n h?n;6,3;26/09/2025;26/12/2025;26/09/2025;26/09/2025;
VXbBxFgwVq4S;3000000338;8000;5;tuanpa10;VND;Ng?n h?n;6,3;06/10/2025;06/01/2026;06/10/2025;06/10/2025;
nRNI9bAv417S;3000000338;8000;5;tuanpa10;VND;Ng?n h?n;6,3;14/11/2025;16/02/2026;14/11/2025;14/11/2025;
dBtkG55Y14Fs;3000000338;8000;5;tuanpa10;VND;Ng?n h?n;6,3;18/11/2025;18/02/2026;18/11/2025;18/11/2025;
4UEqrm2AyHqH;3000000391;8000;5;tuanpa10;VND;Ng?n h?n;4,75;17/06/2025;17/12/2025;17/06/2025;17/06/2025;
kbAx8KBERHgC;3000000391;8000;5;tuanpa10;VND;Ng?n h?n;4,75;18/08/2025;18/02/2026;18/08/2025;18/08/2025;
omN38dFqwgZx;3000000391;8000;5;tuanpa10;VND;Ng?n h?n;4,85;30/09/2025;30/03/2026;30/09/2025;30/09/2025;
P3asKG2Cbap5;3000000391;8000;5;tuanpa10;VND;Ng?n h?n;4,75;04/07/2025;05/01/2026;04/07/2025;04/07/2025;
ESbneeDNsvPy;3000000391;8000;5;tuanpa10;VND;Ng?n h?n;4,85;10/09/2025;10/03/2026;10/09/2025;10/09/2025;
z57W0z1NQXVR;3000000391;8000;5;tuanpa10;VND;Ng?n h?n;4,75;14/08/2025;16/02/2026;14/08/2025;14/08/2025;
my7wP5Tgnw8L;3000000391;8000;5;tuanpa10;VND;Ng?n h?n;4,75;05/09/2025;05/03/2026;05/09/2025;05/09/2025;
hFzYeYCVWLUJ;3000000391;8000;5;tuanpa10;VND;Ng?n h?n;4,85;15/09/2025;16/03/2026;15/09/2025;15/09/2025;
6UkW2WXFGjuR;3000000391;8000;5;tuanpa10;VND;Ng?n h?n;5,85;21/10/2025;21/04/2026;21/10/2025;21/10/2025;
Y33CrcXu2Qxk;3000000391;8000;5;tuanpa10;VND;Ng?n h?n;5,85;30/10/2025;04/05/2026;30/10/2025;30/10/2025;
jQ3ZgGedjRqx;3000000391;8000;5;tuanpa10;VND;Ng?n h?n;6,3;27/11/2025;27/05/2026;27/11/2025;27/11/2025;
1cuKSD5bNGTU;3000000391;8000;5;tuanpa10;VND;Ng?n h?n;4,75;29/07/2025;29/01/2026;29/07/2025;29/07/2025;
QQag3mKV3zIh;3000000391;8000;5;tuanpa10;VND;Ng?n h?n;4,75;25/08/2025;25/02/2026;25/08/2025;25/08/2025;
KBduntMP7BOV;3000000391;8000;5;tuanpa10;VND;Ng?n h?n;4,75;20/06/2025;22/12/2025;20/06/2025;20/06/2025;
vDIHqPTVlcxF;3000000391;8000;5;tuanpa10;VND;Ng?n h?n;4,75;29/08/2025;02/03/2026;29/08/2025;29/08/2025;
2Py9NzmWMfwF;3000000391;8000;5;tuanpa10;VND;Ng?n h?n;5,85;06/11/2025;06/05/2026;06/11/2025;06/11/2025;
QU4xYpKLREUh;3000000391;8000;5;tuanpa10;VND;Ng?n h?n;4,75;01/08/2025;02/02/2026;01/08/2025;01/08/2025;
DIrcbeWobhci;3000000391;8000;5;tuanpa10;VND;Ng?n h?n;4,75;17/07/2025;19/01/2026;17/07/2025;17/07/2025;
n6dY9C9WKYCo;3000000391;8000;5;tuanpa10;VND;Ng?n h?n;4,85;12/09/2025;12/03/2026;12/09/2025;12/09/2025;
3nFN2h2sf8i9;3000000391;8000;5;tuanpa10;VND;Ng?n h?n;6,3;17/11/2025;18/05/2026;17/11/2025;17/11/2025;
iBh3de1QM7YK;3000000391;8000;5;tuanpa10;VND;Ng?n h?n;6,3;14/11/2025;14/05/2026;14/11/2025;14/11/2025;
hWTgDOHHVN9T;3000000391;8000;5;tuanpa10;VND;Ng?n h?n;6,3;17/11/2025;18/05/2026;17/11/2025;17/11/2025;
LtDyKHec5pia;3000000391;8000;5;tuanpa10;VND;Ng?n h?n;6,3;25/11/2025;25/05/2026;25/11/2025;25/11/2025;
qcQQGWAFMeUE;3000000391;8000;5;tuanpa10;VND;Ng?n h?n;4,85;12/09/2025;12/03/2026;12/09/2025;12/09/2025;
CdOEjfnnU6Uj;3000000391;8000;5;tuanpa10;VND;Ng?n h?n;6;12/11/2025;12/05/2026;12/11/2025;12/11/2025;
LoDIqKvvtUjj;3000000771;8056;5;tuanpa10;VND;Trung h?n;14;27/01/2023;20/11/2024;27/01/2023;27/01/2023;
ABy1zcQ5J34v;3000000771;8056;5;tuanpa10;VND;Trung h?n;14;24/02/2023;20/11/2024;24/02/2023;09/03/2023;
zjwoitXPTJ9B;3000000771;8056;5;tuanpa10;VND;Trung h?n;14;27/02/2023;20/11/2024;27/02/2023;27/03/2023;
w8jqyUQbagQb;3000000771;8056;5;tuanpa10;VND;Trung h?n;14;03/08/2023;25/06/2025;03/08/2023;;
R5K8ZxQPkram;3000000771;8056;5;tuanpa10;VND;Trung h?n;14;04/05/2023;20/11/2024;04/05/2023;04/07/2023;
GAGFnKYhPjRy;3000000771;8056;5;tuanpa10;VND;Trung h?n;14;03/08/2023;25/06/2025;03/08/2023;;
FHSBk6WAReMM;3000000771;8056;5;tuanpa10;VND;Trung h?n;14;20/05/2022;20/11/2024;20/05/2022;26/12/2022;
1QhnbYlXeo3J;3000000771;8056;5;tuanpa10;VND;Trung h?n;14;03/08/2023;25/06/2025;03/08/2023;;
yb3SyjODDScK;3000000771;8056;5;tuanpa10;VND;Trung h?n;14;27/09/2022;20/11/2024;27/09/2022;27/09/2022;
byHkjTcsPQcH;3000000771;8056;5;tuanpa10;VND;Trung h?n;14;03/08/2023;25/06/2025;03/08/2023;;
dTUuJ7HmHJ9g;3000000771;8056;5;tuanpa10;VND;Trung h?n;14;03/08/2023;25/06/2025;03/08/2023;;
9T6Pm2iJMJUu;3000000855;8057;5;tuanpa10;VND;Dài h?n;5,6;28/04/2025;30/10/2034;28/04/2025;28/04/2025;
tQZqwen5GItG;3000000395;8057;7;tuntc14;VND;Dài h?n;6,5;05/12/2024;05/12/2031;05/12/2024;24/01/2025;
ul7UYFujbdWu;3000000395;8057;7;tuntc14;VND;Dài h?n;6,5;27/05/2025;05/12/2031;27/05/2025;15/08/2025;
RheRdXk4vD8e;3000000395;8057;7;tuntc14;VND;Dài h?n;6,5;22/08/2025;05/12/2031;22/08/2025;13/11/2025;
X747Dkfo6n1P;3000000395;8057;7;tuntc14;VND;Dài h?n;6,5;17/02/2025;05/12/2031;17/02/2025;17/02/2025;
LuaF1V0qEDWA;3000000395;8057;7;tuntc14;VND;Dài h?n;6,5;28/02/2025;05/12/2031;28/02/2025;12/05/2025;
jsDyTt9cL0mM;3000000444;8000;7;tuntc14;VND;Ng?n h?n;9;22/11/2024;24/03/2025;22/11/2024;22/11/2024;
bVZuKZp4d7jV;3000000444;8000;7;tuntc14;VND;Ng?n h?n;9;04/10/2024;04/02/2025;04/10/2024;04/10/2024;
GJaThjqrO9MR;3000000444;8000;7;tuntc14;VND;Ng?n h?n;9;17/10/2024;17/02/2025;17/10/2024;17/10/2024;
SsMIkmEbgK3a;3000000444;8000;7;tuntc14;VND;Ng?n h?n;9;25/11/2024;25/03/2025;25/11/2024;25/11/2024;
ZG1E6s6M591Y;3000000444;8000;7;tuntc14;VND;Ng?n h?n;9;06/12/2024;08/04/2025;06/12/2024;06/12/2024;
kvC4j4mxfQNe;3000000444;8000;7;tuntc14;VND;Ng?n h?n;9;12/11/2024;12/03/2025;12/11/2024;12/11/2024;
D7a45udKPq9I;3000000444;8000;7;tuntc14;VND;Ng?n h?n;9;13/11/2024;13/03/2025;13/11/2024;13/11/2024;
AXURFEJdnozd;3000000444;8000;7;tuntc14;VND;Ng?n h?n;9;08/11/2024;10/03/2025;08/11/2024;08/11/2024;
zsZ1C5CbR3Kl;3000001024;8000;7;tuntc14;VND;Ng?n h?n;9;01/11/2024;01/04/2025;01/11/2024;01/11/2024;
GCvqDIWkCdSf;3000001024;8000;7;tuntc14;VND;Ng?n h?n;9;22/10/2024;24/03/2025;22/10/2024;22/10/2024;
JbtNwXp5TGX4;3000001024;8000;7;tuntc14;VND;Ng?n h?n;9;04/11/2024;04/04/2025;04/11/2024;04/11/2024;
wYLDem0CI4aP;3000001045;8000;7;tuntc14;VND;Ng?n h?n;4,8;12/08/2025;12/01/2026;12/08/2025;12/08/2025;
mJHvT25PNgtc;3000001045;8000;7;tuntc14;VND;Ng?n h?n;4,8;20/08/2025;20/01/2026;20/08/2025;20/08/2025;
fQ2WtYPdet2Y;3000001045;8000;7;tuntc14;VND;Ng?n h?n;4,8;30/07/2025;30/12/2025;30/07/2025;30/07/2025;
joKpzdHbJeyh;3000001278;8000;7;tuntc14;VND;Ng?n h?n;7;05/08/2025;05/02/2026;05/08/2025;05/08/2025;
FHyk1czstxks;3000001278;8057;7;tuntc14;VND;Dài h?n;8,2;22/01/2025;23/12/2030;22/01/2025;05/03/2025;
naDJY0I6C1CP;3000001278;8000;7;tuntc14;VND;Ng?n h?n;7;18/07/2025;19/01/2026;18/07/2025;18/07/2025;
8i366lAUsUut;3000001278;8057;7;tuntc14;VND;Dài h?n;8,2;03/04/2025;23/12/2030;03/04/2025;03/04/2025;
a6oiUZgACtoc;3000001278;8000;7;tuntc14;VND;Ng?n h?n;7;23/07/2025;23/01/2026;23/07/2025;23/07/2025;
5Q4bwMmtAXBJ;3000001278;8000;7;tuntc14;VND;Ng?n h?n;7;25/07/2025;26/01/2026;25/07/2025;25/07/2025;
Ifj02zAQLXwn;3000001278;8057;7;tuntc14;VND;Dài h?n;8,2;21/12/2023;23/12/2030;21/12/2023;26/02/2024;
ARrFbJE8iqtt;3000001278;8000;7;tuntc14;VND;Ng?n h?n;7;15/07/2025;15/01/2026;15/07/2025;15/07/2025;
FxG4mUyxoMsm;3000001278;8000;7;tuntc14;VND;Ng?n h?n;7;30/07/2025;30/01/2026;30/07/2025;30/07/2025;
V3R0DOK5MFwL;3000001356;8000;7;tuntc14;VND;Ng?n h?n;6;21/07/2025;21/01/2026;21/07/2025;21/07/2025;
Yp3FNYGxMJvI;3000001356;8000;7;tuntc14;VND;Ng?n h?n;5,5;31/07/2025;02/02/2026;31/07/2025;31/07/2025;
HaBb6vrs113u;3000001356;8000;7;tuntc14;VND;Ng?n h?n;5,5;27/08/2025;27/02/2026;27/08/2025;27/08/2025;
rfp96scMUTc7;3000001356;8000;7;tuntc14;VND;Ng?n h?n;5,5;25/08/2025;25/02/2026;25/08/2025;25/08/2025;
OpZWJXYk1y9u;3000001356;8056;7;tuntc14;VND;Trung h?n;7,8;15/05/2024;15/05/2029;15/05/2024;15/05/2024;
ZmYdZv7nNAwb;3000001356;8000;7;tuntc14;VND;Ng?n h?n;6;22/08/2025;23/02/2026;22/08/2025;22/08/2025;
e3TZKFLLXbnt;3000001356;8000;7;tuntc14;VND;Ng?n h?n;5,5;02/07/2025;02/01/2026;02/07/2025;02/07/2025;
f64IxV6O7i6K;3000001356;8000;7;tuntc14;VND;Ng?n h?n;6;26/08/2025;26/02/2026;26/08/2025;26/08/2025;
RhZUWeaEWC2U;3000000398;8000;12;tuyendtn;VND;Ng?n h?n;5,5;24/09/2025;24/03/2026;24/09/2025;24/09/2025;
vYQWiBHCyBpl;3000000398;8000;12;tuyendtn;VND;Ng?n h?n;5,5;09/09/2025;09/03/2026;09/09/2025;09/09/2025;
BskNus3K0rCR;3000000431;8001;12;tuyendtn;USD;Ng?n h?n;5,3;10/07/2025;12/01/2026;10/07/2025;10/07/2025;
gX1SM8gFmFZ6;3000000646;8001;12;tuyendtn;USD;Ng?n h?n;4,7;19/08/2025;19/02/2026;19/08/2025;19/08/2025;
PBUiOcIwT1RZ;3000000646;8001;12;tuyendtn;USD;Ng?n h?n;4,7;09/09/2025;09/03/2026;09/09/2025;09/09/2025;
B8ugOp0RCSMk;3000000646;8001;12;tuyendtn;USD;Ng?n h?n;4,7;10/09/2025;10/03/2026;10/09/2025;10/09/2025;
CrzYH2D2xjYa;3000000646;8000;12;tuyendtn;VND;Ng?n h?n;5,3;02/10/2025;02/04/2026;02/10/2025;02/10/2025;
3xB7NZesjJN0;3000000646;8001;12;tuyendtn;USD;Ng?n h?n;4,7;17/10/2025;17/04/2026;17/10/2025;17/10/2025;
cFI38OjN9dWd;3000000646;8001;12;tuyendtn;USD;Ng?n h?n;4,8;24/11/2025;25/05/2026;24/11/2025;24/11/2025;
ylir9lLPHdR7;3000000646;8001;12;tuyendtn;USD;Ng?n h?n;4,7;29/08/2025;02/03/2026;29/08/2025;29/08/2025;
hQ5GIJjF7XIA;3000000646;8001;12;tuyendtn;USD;Ng?n h?n;4,7;16/09/2025;16/03/2026;16/09/2025;16/09/2025;
x2FeGNMe7oFm;3000000646;8000;12;tuyendtn;VND;Ng?n h?n;5,3;10/10/2025;10/04/2026;10/10/2025;10/10/2025;
qJ2gFtLAXvlS;3000000646;8001;12;tuyendtn;USD;Ng?n h?n;4,7;31/10/2025;04/05/2026;31/10/2025;31/10/2025;
hlbAdJ41pyUP;3000000646;8000;12;tuyendtn;VND;Ng?n h?n;5,3;30/09/2025;30/03/2026;30/09/2025;30/09/2025;
XMQgA6lW4Ifk;3000000646;8001;12;tuyendtn;USD;Ng?n h?n;4,8;18/11/2025;18/05/2026;18/11/2025;18/11/2025;
9owE2bPLA1fv;3000000646;8001;12;tuyendtn;USD;Ng?n h?n;4,7;15/09/2025;16/03/2026;15/09/2025;15/09/2025;
P7WZVv6cj4d7;3000000646;8001;12;tuyendtn;USD;Ng?n h?n;4,7;29/09/2025;30/03/2026;29/09/2025;29/09/2025;
RpSy4SdYIFw6;3000000646;8001;12;tuyendtn;USD;Ng?n h?n;4,7;29/08/2025;02/03/2026;29/08/2025;29/08/2025;
bt4thwJ0RbQT;3000000646;8001;12;tuyendtn;USD;Ng?n h?n;4,7;05/09/2025;05/03/2026;05/09/2025;05/09/2025;
FTBPoO4RpraY;3000000646;8001;12;tuyendtn;USD;Ng?n h?n;4,7;29/10/2025;29/04/2026;29/10/2025;29/10/2025;
yOXPkCB3141f;3000000646;8001;12;tuyendtn;USD;Ng?n h?n;4,7;25/08/2025;25/02/2026;25/08/2025;25/08/2025;
qrKALk2mAE7c;3000000646;8001;12;tuyendtn;USD;Ng?n h?n;4,7;25/09/2025;25/03/2026;25/09/2025;25/09/2025;
Tny9GJ5Qk1wN;3000000646;8000;12;tuyendtn;VND;Ng?n h?n;5,3;13/10/2025;13/04/2026;13/10/2025;13/10/2025;
gseYrDxjgvAG;3000000646;8001;12;tuyendtn;USD;Ng?n h?n;4,7;17/10/2025;17/04/2026;17/10/2025;17/10/2025;
bOV9SRAFZ7kQ;3000000646;8001;12;tuyendtn;USD;Ng?n h?n;4,7;26/08/2025;26/02/2026;26/08/2025;26/08/2025;
GZG9amUuTF70;3000000646;8001;12;tuyendtn;USD;Ng?n h?n;4,7;29/09/2025;30/03/2026;29/09/2025;29/09/2025;
rkqXwIKIlKTT;3000000646;8001;12;tuyendtn;USD;Ng?n h?n;4,7;24/10/2025;24/04/2026;24/10/2025;24/10/2025;
YfoupMqEWnj0;3000000646;8001;12;tuyendtn;USD;Ng?n h?n;4,7;26/08/2025;26/02/2026;26/08/2025;26/08/2025;
GMFVZ7FPp0M2;3000000646;8001;12;tuyendtn;USD;Ng?n h?n;4,7;23/10/2025;23/04/2026;23/10/2025;23/10/2025;
0tDmIrYayVaV;3000000646;8001;12;tuyendtn;USD;Ng?n h?n;4,7;29/10/2025;29/04/2026;29/10/2025;29/10/2025;
Xb7f9EuQa54f;3000000646;8001;12;tuyendtn;USD;Ng?n h?n;4,8;03/11/2025;04/05/2026;03/11/2025;03/11/2025;
EsCZ3qV1Xqrf;3000000646;8000;12;tuyendtn;VND;Ng?n h?n;6,3;10/11/2025;11/05/2026;10/11/2025;10/11/2025;
fsM8AblSQe8C;3000000646;8001;12;tuyendtn;USD;Ng?n h?n;4,8;18/11/2025;18/05/2026;18/11/2025;18/11/2025;
SU0K9oiG6qxK;3000000646;8001;12;tuyendtn;USD;Ng?n h?n;4,7;29/08/2025;02/03/2026;29/08/2025;29/08/2025;
xYsB9dcfvhcS;3000000646;8001;12;tuyendtn;USD;Ng?n h?n;4,7;03/10/2025;03/04/2026;03/10/2025;03/10/2025;
jXgGq7uBs8b3;3000000646;8001;12;tuyendtn;USD;Ng?n h?n;4,7;13/10/2025;13/04/2026;13/10/2025;13/10/2025;
DArhgPntkfhG;3000000646;8000;12;tuyendtn;VND;Ng?n h?n;6,3;06/11/2025;06/05/2026;06/11/2025;06/11/2025;
KdL6aaVvsxay;3000000646;8001;12;tuyendtn;USD;Ng?n h?n;4,8;25/11/2025;25/05/2026;25/11/2025;25/11/2025;
AVHo2TDGbvoz;3000001139;8057;12;tuyendtn;VND;Dài h?n;7,45;31/10/2023;25/10/2035;31/10/2023;28/10/2025;
qCYtKH0tqmKB;3000001322;8056;12;tuyendtn;VND;Trung h?n;8,5;15/08/2024;15/08/2029;15/08/2024;27/12/2024;
OBr0MaChEeBM;3000000078;5513;8;tuyenvnd;VND;Dài h?n;7;31/07/2025;30/07/2049;31/07/2025;31/07/2025;
mAp1TU10QeJF;3000000078;5513;8;tuyenvnd;VND;Dài h?n;7;31/07/2025;30/07/2049;31/07/2025;31/07/2025;
9cmoxHGUuqyv;3000000078;5513;8;tuyenvnd;VND;Dài h?n;7;31/07/2025;30/07/2049;31/07/2025;31/07/2025;
pT0FaviRf17O;3000000078;5513;8;tuyenvnd;VND;Dài h?n;7;31/07/2025;30/07/2049;31/07/2025;31/07/2025;
hqlhb6h9IIRn;3000000203;5513;8;tuyenvnd;VND;Dài h?n;6,5;15/11/2024;20/10/2044;15/11/2024;15/11/2024;
eaUATZPcQwSQ;3000000203;5513;8;tuyenvnd;VND;Dài h?n;6,5;24/10/2024;21/10/2044;24/10/2024;24/10/2024;
Cx1mzQcH9KxB;3000000214;5508;8;tuyenvnd;VND;Dài h?n;11;12/07/2016;14/07/2036;12/07/2016;;
MXwJmFPqR2qW;3000000297;5513;8;tuyenvnd;VND;Dài h?n;4,4;15/12/2021;25/11/2041;15/12/2021;15/12/2021;
H3pbdpMY3Fyj;3000000297;5558;8;tuyenvnd;VND;Dài h?n;4,9;16/09/2025;14/09/2035;16/09/2025;16/09/2025;
ULkGZswX1nZ5;3000000428;5513;8;tuyenvnd;VND;Dài h?n;5,5;21/08/2019;22/08/2039;22/08/2019;22/08/2019;
XMKV6oPkgOkl;3000000432;5513;8;tuyenvnd;VND;Dài h?n;6,7;20/03/2025;26/09/2050;20/03/2025;20/03/2025;
JejwIgMwMVdO;3000000441;5513;8;tuyenvnd;VND;Dài h?n;7;25/08/2025;25/08/2060;25/08/2025;25/08/2025;
Xu6D3FlCilG3;3000000504;5513;8;tuyenvnd;VND;Dài h?n;7;27/08/2025;27/08/2060;27/08/2025;27/08/2025;
mNL49FgaBOqP;3000000519;5513;8;tuyenvnd;VND;Dài h?n;6,3;14/01/2025;13/01/2060;14/01/2025;14/01/2025;
8CfnM4Tbyfkw;3000000519;5513;8;tuyenvnd;VND;Dài h?n;6,3;13/03/2025;13/01/2060;13/03/2025;13/03/2025;
W20ESHWcazYY;3000000577;5513;8;tuyenvnd;VND;Dài h?n;6,5;22/04/2025;22/04/2060;22/04/2025;22/04/2025;
zyEE5SCB1ZXD;3000000583;5508;8;tuyenvnd;VND;Dài h?n;5,5;26/01/2022;27/01/2042;26/01/2022;26/01/2022;
zsQw8E3Puzbu;3000000616;5508;8;tuyenvnd;VND;Dài h?n;4,9;25/07/2025;26/07/2055;25/07/2025;25/07/2025;
pTwzNKAWfGN7;3000000749;5513;8;tuyenvnd;VND;Dài h?n;7;22/08/2025;22/08/2047;22/08/2025;22/08/2025;
pGFIIpeOWbwx;3000000788;5513;8;tuyenvnd;VND;Dài h?n;6,3;10/03/2025;12/03/2035;10/03/2025;10/03/2025;
CbemZJcKJROt;3000000788;5513;8;tuyenvnd;VND;Dài h?n;6,3;13/03/2025;12/03/2035;13/03/2025;13/03/2025;
biY3ltFf1GPv;3000001108;5513;8;tuyenvnd;VND;Dài h?n;6,5;29/08/2025;26/08/2055;29/08/2025;29/08/2025;
nN13B84BHgFH;3000001542;5513;8;tuyenvnd;VND;Dài h?n;6,7;08/10/2024;08/10/2053;08/10/2024;08/10/2024;
Xof2MVC2p2hT;3000001542;5513;8;tuyenvnd;VND;Dài h?n;6,5;21/10/2024;08/10/2053;21/10/2024;21/10/2024;
J32WMnbsYn1r;3000001571;5513;8;tuyenvnd;VND;Dài h?n;6,5;22/11/2024;13/11/2054;22/11/2024;22/11/2024;
DDjHKz9EC7wz;3000001571;5513;8;tuyenvnd;VND;Dài h?n;6,5;14/11/2024;13/11/2054;14/11/2024;14/11/2024;
zBgZB32kLZ4d;3000001574;5513;8;tuyenvnd;VND;Dài h?n;6,5;18/11/2024;17/11/2056;18/11/2024;18/11/2024;
g1sHdAgaPzPL;3000001574;5513;8;tuyenvnd;VND;Dài h?n;6,5;20/11/2024;17/11/2056;20/11/2024;20/11/2024;
UaZUKNQWDBa7;3000001598;5513;8;tuyenvnd;VND;Dài h?n;6,5;12/12/2024;20/11/2054;12/12/2024;12/12/2024;
pgBJQqiPQ82I;3000001611;5513;8;tuyenvnd;VND;Dài h?n;6,3;13/05/2025;04/03/2060;13/05/2025;13/05/2025;
f1zBHOVJImWe;3000001611;5513;8;tuyenvnd;VND;Dài h?n;6,3;04/03/2025;04/03/2060;04/03/2025;04/03/2025;
yVoQF9OllrDY;3000001622;5513;8;tuyenvnd;VND;Dài h?n;6,7;25/03/2025;24/03/2055;25/03/2025;25/03/2025;
h56xu1NDHTqb;3000001644;5508;8;tuyenvnd;VND;Dài h?n;6,5;16/05/2025;14/05/2060;16/05/2025;16/05/2025;
Ba4R7NnUt78z;3000001645;5513;8;tuyenvnd;VND;Dài h?n;7;26/08/2025;26/08/2048;26/08/2025;26/08/2025;
yMlFgYoCrPEG;3000001651;5513;8;tuyenvnd;VND;Dài h?n;7;29/08/2025;29/08/2058;29/08/2025;29/08/2025;
KkmJseKtLkmR;3000001681;5513;8;tuyenvnd;VND;Dài h?n;7;29/08/2025;26/08/2060;29/08/2025;29/08/2025;
F3Z3g2mJDsz6;3000001738;5513;8;tuyenvnd;VND;Dài h?n;6,5;28/08/2025;26/08/2050;28/08/2025;28/08/2025;
0F03moaoLWfx;3000000354;8000;7;uyen.lp;VND;Ng?n h?n;8,2;10/09/2025;10/06/2026;10/09/2025;10/09/2025;
uysVq5Frw6Nb;3000000354;8000;7;uyen.lp;VND;Ng?n h?n;8,2;13/10/2025;13/07/2026;13/10/2025;13/10/2025;
73VQNFx5pGlb;3000000354;8000;7;uyen.lp;VND;Ng?n h?n;8,2;06/10/2025;06/07/2026;06/10/2025;06/10/2025;
BWQsYyjGaciV;3000000354;8000;7;uyen.lp;VND;Ng?n h?n;8,2;08/09/2025;08/06/2026;08/09/2025;08/09/2025;
AIipXVzkvhGC;3000000354;8000;7;uyen.lp;VND;Ng?n h?n;8,2;12/09/2025;12/06/2026;12/09/2025;12/09/2025;
O7A0exDD1gpw;3000000378;8057;7;uyen.lp;VND;Dài h?n;7,7;21/01/2020;21/01/2028;21/01/2020;21/01/2020;
E0bchAQ1H5mP;3000000378;8057;7;uyen.lp;VND;Dài h?n;7,5;29/08/2024;30/08/2032;29/08/2024;16/09/2025;
jyXKchCTdHpq;3000000378;8057;7;uyen.lp;VND;Dài h?n;7,7;17/10/2024;11/08/2031;17/10/2024;17/10/2024;
80uyjAuy8Qf5;3000000378;8000;7;uyen.lp;VND;Ng?n h?n;4;29/05/2025;01/12/2025;29/05/2025;29/05/2025;
yrl5FrkB4r43;3000000378;8057;7;uyen.lp;VND;Dài h?n;6,5;16/07/2025;11/08/2031;16/07/2025;16/07/2025;
BJXzAySwKqpk;3000000378;8000;7;uyen.lp;VND;Ng?n h?n;4;01/08/2025;02/02/2026;01/08/2025;01/08/2025;
o4EZZmG1kEgc;3000000378;8000;7;uyen.lp;VND;Ng?n h?n;4;19/08/2025;19/02/2026;19/08/2025;19/08/2025;
SguNqHBsQGRa;3000000378;8000;7;uyen.lp;VND;Ng?n h?n;4;15/09/2025;16/03/2026;15/09/2025;15/09/2025;
j5qxSFhp93MZ;3000000378;8000;7;uyen.lp;VND;Ng?n h?n;4;17/09/2025;17/03/2026;17/09/2025;17/09/2025;
srvAFEPwKV7r;3000000378;8000;7;uyen.lp;VND;Ng?n h?n;4;18/09/2025;18/03/2026;18/09/2025;18/09/2025;
VUcq2CALOupf;3000000378;8000;7;uyen.lp;VND;Ng?n h?n;4;30/09/2025;30/03/2026;30/09/2025;30/09/2025;
U7sn4LVJw43w;3000000378;8057;7;uyen.lp;VND;Dài h?n;7,7;09/08/2023;11/08/2031;09/08/2023;09/08/2023;
F2M7PI0hTt7k;3000000378;8057;7;uyen.lp;VND;Dài h?n;7,7;08/12/2023;11/08/2031;08/12/2023;11/07/2024;
Z3yoES5Ue04Q;3000000378;8000;7;uyen.lp;VND;Ng?n h?n;4;11/06/2025;11/12/2025;11/06/2025;11/06/2025;
dQUNPT4I0D0K;3000000378;8000;7;uyen.lp;VND;Ng?n h?n;4;15/07/2025;15/01/2026;15/07/2025;15/07/2025;
e2G3VAhe0HZg;3000000378;8000;7;uyen.lp;VND;Ng?n h?n;4;15/08/2025;16/02/2026;15/08/2025;15/08/2025;
xvAh8BKwH2w7;3000000378;8000;7;uyen.lp;VND;Ng?n h?n;4;21/08/2025;23/02/2026;21/08/2025;21/08/2025;
FhQIu9jpk83G;3000000378;8000;7;uyen.lp;VND;Ng?n h?n;4;29/08/2025;02/03/2026;29/08/2025;29/08/2025;
Y5kIWkkvsDOR;3000000378;8057;7;uyen.lp;VND;Dài h?n;7,7;25/10/2022;22/03/2027;25/10/2022;10/11/2022;
xBUaidtI3fAu;3000000378;8000;7;uyen.lp;VND;Ng?n h?n;4;13/06/2025;15/12/2025;13/06/2025;13/06/2025;
xvNvqEqTqzpt;3000000378;8000;7;uyen.lp;VND;Ng?n h?n;4;28/07/2025;28/01/2026;28/07/2025;28/07/2025;
WSGpJMviEcDa;3000000378;8057;7;uyen.lp;VND;Dài h?n;7,7;26/08/2024;11/08/2031;26/08/2024;26/08/2024;
x0DBqtmG3TGK;3000000378;8000;7;uyen.lp;VND;Ng?n h?n;4;04/06/2025;04/12/2025;04/06/2025;04/06/2025;
EaKVpedKUOlQ;3000000378;8000;7;uyen.lp;VND;Ng?n h?n;4;05/06/2025;05/12/2025;05/06/2025;05/06/2025;
NTzpylP6OqiY;3000000378;8000;7;uyen.lp;VND;Ng?n h?n;4;18/07/2025;19/01/2026;18/07/2025;18/07/2025;
E74tlCIAlYGd;3000000378;8000;7;uyen.lp;VND;Ng?n h?n;4;23/07/2025;23/01/2026;23/07/2025;23/07/2025;
1tY5hGxv2pEn;3000000378;8000;7;uyen.lp;VND;Ng?n h?n;4;27/08/2025;27/02/2026;27/08/2025;27/08/2025;
e0YwNXozSNgc;3000000378;8000;7;uyen.lp;VND;Ng?n h?n;4;02/10/2025;02/04/2026;02/10/2025;02/10/2025;
5BfrvEw0v1HF;3000000378;8057;7;uyen.lp;VND;Dài h?n;7,7;29/11/2021;26/03/2027;29/11/2021;29/11/2021;
lcEqO1PqU7q9;3000000378;8057;7;uyen.lp;VND;Dài h?n;7,7;09/08/2022;22/03/2027;09/08/2022;26/08/2022;
pdPCpruOb7Fo;3000000378;8000;7;uyen.lp;VND;Ng?n h?n;4;30/06/2025;30/12/2025;30/06/2025;30/06/2025;
Bx29myfMP9eW;3000000378;8000;7;uyen.lp;VND;Ng?n h?n;4;20/08/2025;20/02/2026;20/08/2025;20/08/2025;
EXT8oaBRpAGP;3000000378;8000;7;uyen.lp;VND;Ng?n h?n;4;20/06/2025;22/12/2025;20/06/2025;20/06/2025;
R7opa879kslT;3000000378;8000;7;uyen.lp;VND;Ng?n h?n;4;10/09/2025;10/03/2026;10/09/2025;10/09/2025;
5sgS0gz31AB7;3000000378;8057;7;uyen.lp;VND;Dài h?n;7,7;19/11/2021;26/03/2027;19/11/2021;19/11/2021;
TtgduP64H3ar;3000000378;8000;7;uyen.lp;VND;Ng?n h?n;4;26/06/2025;26/12/2025;26/06/2025;26/06/2025;
525NV0xw2FEr;3000000378;8000;7;uyen.lp;VND;Ng?n h?n;4;05/08/2025;05/02/2026;05/08/2025;05/08/2025;
YKYdVVBF5pgf;3000000378;8000;7;uyen.lp;VND;Ng?n h?n;4;22/08/2025;23/02/2026;22/08/2025;22/08/2025;
D1FSQRrws4gP;3000000378;8000;7;uyen.lp;VND;Ng?n h?n;4;25/09/2025;25/03/2026;25/09/2025;25/09/2025;
nSF8RNZm7Kkc;3000000378;8000;7;uyen.lp;VND;Ng?n h?n;4;15/10/2025;15/04/2026;15/10/2025;15/10/2025;
DswHKTNO3INW;3000000378;8057;7;uyen.lp;VND;Dài h?n;7,5;27/11/2025;30/08/2032;27/11/2025;27/11/2025;
GriFpsUb6psd;3000000378;8057;7;uyen.lp;VND;Dài h?n;7,7;31/03/2020;22/03/2027;31/03/2020;05/03/2021;
LMWozstJitOY;3000000378;8000;7;uyen.lp;VND;Ng?n h?n;4;10/06/2025;10/12/2025;10/06/2025;10/06/2025;
7EnOHCD7P66s;3000000378;8000;7;uyen.lp;VND;Ng?n h?n;4;18/08/2025;18/02/2026;18/08/2025;18/08/2025;
gZoPGq6ZJ8oh;3000000378;8000;7;uyen.lp;VND;Ng?n h?n;4;10/07/2025;12/01/2026;10/07/2025;10/07/2025;
f6OSflQncTcu;3000000378;8000;7;uyen.lp;VND;Ng?n h?n;4;05/09/2025;05/03/2026;05/09/2025;05/09/2025;
LTqHR1unuVWo;3000000378;8057;7;uyen.lp;VND;Dài h?n;7,7;27/12/2021;22/03/2027;27/12/2021;27/01/2022;
2vOuJ3LpsIp2;3000000378;8057;7;uyen.lp;VND;Dài h?n;7,7;29/03/2022;22/03/2027;29/03/2022;24/05/2022;
UKQ3SjPAbBQ2;3000000378;8000;7;uyen.lp;VND;Ng?n h?n;4;12/06/2025;12/12/2025;12/06/2025;12/06/2025;
oQgSdpv4SG14;3000000378;8000;7;uyen.lp;VND;Ng?n h?n;4;04/07/2025;05/01/2026;04/07/2025;04/07/2025;
zzxloEuFNzvI;3000000378;8000;7;uyen.lp;VND;Ng?n h?n;4;24/07/2025;26/01/2026;24/07/2025;24/07/2025;
seI7K8CS0HhH;3000000378;8000;7;uyen.lp;VND;Ng?n h?n;4;15/09/2025;16/03/2026;15/09/2025;15/09/2025;
ftX1uk7NkuY2;3000000378;8000;7;uyen.lp;VND;Ng?n h?n;4;19/09/2025;19/03/2026;19/09/2025;19/09/2025;
ORWLmdKRZMeW;3000000378;8000;7;uyen.lp;VND;Ng?n h?n;4;10/10/2025;10/04/2026;10/10/2025;10/10/2025;
4C33eDxXHFAF;3000000378;8000;7;uyen.lp;VND;Ng?n h?n;4;21/10/2025;21/04/2026;21/10/2025;21/10/2025;
peTc1dOnDDFg;3000000452;8001;7;uyen.lp;USD;Ng?n h?n;4;15/10/2025;15/04/2026;15/10/2025;15/10/2025;
9gIob7h36mJL;3000000452;8001;7;uyen.lp;USD;Ng?n h?n;4;20/10/2025;20/04/2026;20/10/2025;20/10/2025;
8RiSkPy3dM1o;3000000452;8001;7;uyen.lp;USD;Ng?n h?n;4,8;06/11/2025;06/05/2026;06/11/2025;06/11/2025;
d55468jRRVCY;3000000461;8000;7;uyen.lp;VND;Ng?n h?n;6,9;18/06/2025;18/12/2025;18/06/2025;18/06/2025;
FXcRZrBi5GNF;3000000461;8000;7;uyen.lp;VND;Ng?n h?n;6,9;14/08/2025;16/02/2026;14/08/2025;14/08/2025;
bdZ0qNDYPwBP;3000000461;8000;7;uyen.lp;VND;Ng?n h?n;7;28/11/2025;28/05/2026;28/11/2025;28/11/2025;
gyb5mNBK8zkH;3000000461;8000;7;uyen.lp;VND;Ng?n h?n;7;28/11/2025;28/05/2026;28/11/2025;28/11/2025;
qXoMrqB2dsNG;3000000461;8000;7;uyen.lp;VND;Ng?n h?n;6,9;07/07/2025;07/01/2026;07/07/2025;07/07/2025;
fewFeObmrldT;3000000461;8000;7;uyen.lp;VND;Ng?n h?n;6,9;25/08/2025;25/02/2026;25/08/2025;25/08/2025;
hxla4Q2rr1Gh;3000000461;8000;7;uyen.lp;VND;Ng?n h?n;7;28/11/2025;28/05/2026;28/11/2025;28/11/2025;
6C819HWBNxzD;3000000461;8000;7;uyen.lp;VND;Ng?n h?n;6,9;24/09/2025;24/03/2026;24/09/2025;24/09/2025;
7yOE4phZjxW2;3000000461;8000;7;uyen.lp;VND;Ng?n h?n;6,9;16/10/2025;16/04/2026;16/10/2025;16/10/2025;
UGRR5MHTSMur;3000000463;7200;7;uyen.lp;VND;Ng?n h?n;4,6;15/10/2025;15/01/2026;15/10/2025;15/10/2025;
hQ99FBPB4Vhf;3000000463;7200;7;uyen.lp;VND;Ng?n h?n;4,6;06/10/2025;06/01/2026;06/10/2025;06/10/2025;
IChYJGfo1sAV;3000000463;7200;7;uyen.lp;VND;Ng?n h?n;4,6;20/10/2025;20/01/2026;20/10/2025;20/10/2025;
M1NZkCBC8zqZ;3000000463;7200;7;uyen.lp;VND;Ng?n h?n;4,6;10/10/2025;12/01/2026;10/10/2025;10/10/2025;
rMnEgBq7SEwI;3000000463;7200;7;uyen.lp;VND;Ng?n h?n;4,6;08/10/2025;08/01/2026;08/10/2025;08/10/2025;
KMK6KLJ7ZQFz;3000000463;7200;7;uyen.lp;VND;Ng?n h?n;4,6;13/10/2025;13/01/2026;13/10/2025;13/10/2025;
erXGzFnNwMEX;3000000661;8000;7;uyen.lp;VND;Ng?n h?n;7,5;04/07/2025;05/01/2026;04/07/2025;04/07/2025;
DFttdl6eOZhP;3000000661;8000;7;uyen.lp;VND;Ng?n h?n;7,5;08/07/2025;08/01/2026;08/07/2025;08/07/2025;
OxQn7EbNXKAX;3000000004;5508;8;vidtt1;VND;Dài h?n;5;28/02/2022;28/02/2042;28/02/2022;28/02/2022;
DkKnF5QNGJCG;3000000021;5513;8;vidtt1;VND;Dài h?n;6,7;09/07/2024;09/07/2058;09/07/2024;09/07/2024;
ecwnJtgs1iEO;3000000021;5513;8;vidtt1;VND;Dài h?n;6,7;09/10/2024;09/07/2058;09/10/2024;09/10/2024;
Ak7zYO5aZxgb;3000000044;5508;8;vidtt1;VND;Dài h?n;5,5;13/06/2019;10/06/2039;13/06/2019;13/06/2019;
WgFC1ZeV67XC;3000000044;5518;8;vidtt1;VND;Dài h?n;4,9;02/02/2024;02/02/2044;02/02/2024;02/02/2024;
6QyF9MA8g5tA;3000000044;5513;8;vidtt1;VND;Dài h?n;5,5;02/01/2020;02/11/2037;02/01/2020;02/01/2020;
KbDICA6g7YvM;3000000065;5508;8;vidtt1;VND;Dài h?n;4,4;21/09/2020;23/01/2040;21/09/2020;21/09/2020;
xlhrJYPER4DZ;3000000065;5508;8;vidtt1;VND;Dài h?n;4,4;10/01/2017;10/01/2035;10/01/2017;;
yJ12MHHpfp2c;3000000065;5508;8;vidtt1;VND;Dài h?n;4,4;26/02/2021;24/02/2040;26/02/2021;26/02/2021;
ib2HRageOOdA;3000000065;5508;8;vidtt1;VND;Dài h?n;4,4;14/02/2017;14/02/2035;14/02/2017;;
OyDwd6JTRzEn;3000000065;5508;8;vidtt1;VND;Dài h?n;4,4;09/04/2018;09/04/2035;09/04/2018;09/04/2018;
cQBipJOdCjtg;3000000075;5508;8;vidtt1;VND;Dài h?n;5;17/03/2020;16/03/2040;17/03/2020;17/03/2020;
WJq2MdCxzpFM;3000000075;5508;8;vidtt1;VND;Dài h?n;5;30/03/2020;30/03/2040;30/03/2020;30/03/2020;
mrudNinkpkkM;3000000075;5508;8;vidtt1;VND;Dài h?n;5;20/05/2021;20/05/2041;20/05/2021;20/05/2021;
7T5lRo8jkkZW;3000000083;5513;8;vidtt1;VND;Dài h?n;6;16/07/2024;26/12/2046;16/07/2024;16/07/2024;
BR59NZht5BaQ;3000000172;5558;8;vidtt1;VND;Dài h?n;6,7;26/09/2025;26/09/2045;26/09/2025;26/09/2025;
nf1UabZlBKGA;3000000179;5513;8;vidtt1;VND;Dài h?n;6,7;28/08/2024;20/08/2057;28/08/2024;28/08/2024;
rmSJyBXs353w;3000000179;5513;8;vidtt1;VND;Dài h?n;6,7;10/10/2024;20/08/2057;10/10/2024;10/10/2024;
Wx0wGceUZaW3;3000000204;5513;8;vidtt1;VND;Dài h?n;6,7;30/10/2024;07/12/2057;30/10/2024;30/10/2024;
GnhG4iRIwYAG;3000000249;5513;8;vidtt1;VND;Dài h?n;4,9;19/02/2025;19/02/2037;19/02/2025;19/02/2025;
NlxiqYlXk9Dc;3000000249;5501;8;vidtt1;VND;Trung h?n;4,9;31/07/2025;22/07/2030;31/07/2025;31/07/2025;
N80C4uLIkJ3V;3000000251;5513;8;vidtt1;VND;Dài h?n;6,5;01/11/2024;20/10/2059;01/11/2024;01/11/2024;
2P6HeSI6Zep8;3000000251;5513;8;vidtt1;VND;Dài h?n;6,5;24/10/2024;20/10/2059;24/10/2024;24/10/2024;
NX4BePrHWsnJ;3000000262;5513;8;vidtt1;VND;Dài h?n;7,8;20/11/2025;20/11/2045;20/11/2025;20/11/2025;
VMwIJQ7YqgNE;3000000286;5523;8;vidtt1;VND;Dài h?n;6,7;25/04/2024;25/04/2031;25/04/2024;25/04/2024;
g5Wk1fRFBmQt;3000000367;5513;8;vidtt1;VND;Dài h?n;9;13/11/2024;29/11/2050;13/11/2024;13/11/2024;
a9Fo3PmHSChI;3000000367;5513;8;vidtt1;VND;Dài h?n;9;29/11/2023;29/11/2050;29/11/2023;29/11/2023;
Z6XqIkfS53EU;3000000370;5513;8;vidtt1;VND;Dài h?n;11;23/06/2023;20/06/2053;23/06/2023;23/06/2023;
QZ9qTP1I3P7W;3000000421;5513;8;vidtt1;VND;Dài h?n;11;20/11/2023;20/11/2058;20/11/2023;20/11/2023;
zsEEaPn9Uc81;3000000421;5513;8;vidtt1;VND;Dài h?n;11;18/11/2024;20/11/2058;18/11/2024;18/11/2024;
NaWUGGkOD5pF;3000000465;5513;8;vidtt1;VND;Dài h?n;7;12/12/2023;12/12/2046;12/12/2023;12/12/2023;
KqvVxFiMgdQG;3000000465;5513;8;vidtt1;VND;Dài h?n;6,7;03/12/2024;12/12/2046;03/12/2024;03/12/2024;
KJKDWYkMQaAC;3000000481;5513;8;vidtt1;VND;Dài h?n;11;26/09/2024;16/07/2058;26/09/2024;26/09/2024;
UoS9R7uvSlub;3000000495;5513;8;vidtt1;VND;Dài h?n;6,5;07/11/2024;19/09/2057;07/11/2024;07/11/2024;
t9OmSk77zjRH;3000000495;5513;8;vidtt1;VND;Dài h?n;6,7;19/09/2024;19/09/2057;19/09/2024;19/09/2024;
PJusinxkBq79;3000000543;5513;8;vidtt1;VND;Dài h?n;6,7;19/06/2024;19/06/2059;19/06/2024;19/06/2024;
0HAPGED6Wyd2;3000000543;5513;8;vidtt1;VND;Dài h?n;6,7;07/10/2024;19/06/2059;07/10/2024;07/10/2024;
DKHBKP14ls2I;3000000558;5513;8;vidtt1;VND;Dài h?n;9;11/11/2024;04/10/2058;11/11/2024;11/11/2024;
D7qt0q72p8dz;3000000558;5513;8;vidtt1;VND;Dài h?n;9;04/10/2023;04/10/2058;04/10/2023;04/10/2023;
BEaRMDSqV78j;3000000612;5513;8;vidtt1;VND;Dài h?n;6,7;08/10/2024;06/06/2059;08/10/2024;08/10/2024;
JjbeYGfpcrCu;3000000612;5513;8;vidtt1;VND;Dài h?n;6,7;06/06/2024;06/06/2059;06/06/2024;06/06/2024;
ApJw8ehKYw5Y;3000000631;5513;8;vidtt1;VND;Dài h?n;6,7;30/05/2024;30/05/2039;30/05/2024;30/05/2024;
XX0Xyf7NOUVG;3000000674;5513;8;vidtt1;VND;Dài h?n;11;26/07/2019;26/07/2039;26/07/2019;26/07/2019;
bZrMlNckQLUY;3000000691;5513;8;vidtt1;VND;Dài h?n;6,5;25/07/2025;25/07/2050;13/10/2025;;
IrvF66PGrO8i;3000000756;5513;8;vidtt1;VND;Dài h?n;6,7;07/08/2024;08/08/2050;07/08/2024;07/08/2024;
oFAIZrDgbUQM;3000000756;5513;8;vidtt1;VND;Dài h?n;6,7;07/10/2024;08/08/2050;07/10/2024;07/10/2024;
W0tFvawuIhtT;3000000757;5513;8;vidtt1;VND;Dài h?n;6,7;07/10/2024;11/07/2052;07/10/2024;07/10/2024;
haoNEdH5nSHw;3000000757;5513;8;vidtt1;VND;Dài h?n;6,7;11/07/2024;11/07/2052;11/07/2024;11/07/2024;
n4G5ONmWWGyV;3000000817;5513;8;vidtt1;VND;Dài h?n;7,5;08/09/2022;25/08/2031;08/09/2022;08/09/2022;
MaFTAXsWMFU6;3000000817;5513;8;vidtt1;VND;Dài h?n;7,5;15/09/2025;25/08/2031;15/09/2025;15/09/2025;
FQDdV2aMzONA;3000000817;5513;8;vidtt1;VND;Dài h?n;7,5;29/04/2025;25/08/2031;29/04/2025;29/04/2025;
WNMZ9LCZ1dCy;3000000865;5513;8;vidtt1;VND;Dài h?n;6,7;08/10/2024;21/08/2059;08/10/2024;08/10/2024;
VVdgo6Qjwi4L;3000000865;5513;8;vidtt1;VND;Dài h?n;6,7;21/08/2024;21/08/2059;21/08/2024;21/08/2024;
TEp9xVFZy2Gc;3000000871;8609;8;vidtt1;VND;Ng?n h?n;6,7;24/02/2025;24/02/2026;24/02/2025;24/02/2025;
6x7ubBn8OMcI;3000000871;8609;8;vidtt1;VND;Ng?n h?n;6,7;27/02/2025;27/02/2026;27/02/2025;27/02/2025;
RDJghtcmArKA;3000000890;5508;8;vidtt1;VND;Dài h?n;4,9;06/05/2024;06/05/2059;06/05/2024;06/05/2024;
4VbBEC6KNjNp;3000000890;5508;8;vidtt1;VND;Dài h?n;4,9;09/12/2024;11/11/2059;09/12/2024;09/12/2024;
hmvFlQ5cNnxE;3000000890;5508;8;vidtt1;VND;Dài h?n;4,9;11/11/2024;11/11/2059;11/11/2024;11/11/2024;
ECBzsWDkObyy;3000000926;5508;8;vidtt1;VND;Dài h?n;11;17/12/2020;17/12/2040;17/12/2020;17/12/2020;
mnUk6Z9ltRK3;3000000932;5508;8;vidtt1;VND;Dài h?n;4,9;05/06/2025;07/06/2060;05/06/2025;05/06/2025;
kYTffNEqjukf;3000001005;5513;8;vidtt1;VND;Dài h?n;6,7;11/12/2024;13/12/2055;12/12/2024;12/12/2024;
xUGScGFZJxSt;3000001005;5513;8;vidtt1;VND;Dài h?n;7;13/12/2023;13/12/2055;13/12/2023;13/12/2023;
ZBm1zUzFAAOY;3000001042;5513;8;vidtt1;VND;Dài h?n;6,7;25/10/2024;12/12/2042;25/10/2024;25/10/2024;
kleu45ntXFU8;3000001042;5513;8;vidtt1;VND;Dài h?n;7;12/12/2023;12/12/2042;12/12/2023;12/12/2023;
WmkRA6RmqEXN;3000001042;5513;8;vidtt1;VND;Dài h?n;7;26/08/2025;26/08/2042;26/08/2025;26/08/2025;
ZDgdd5ACCH7f;3000001100;5513;8;vidtt1;VND;Dài h?n;6,7;29/08/2024;22/08/2044;29/08/2024;29/08/2024;
CFlECL3AYQ8f;3000001100;5513;8;vidtt1;VND;Dài h?n;6,7;08/10/2024;22/08/2044;08/10/2024;08/10/2024;
H15gQFMI5dre;3000001113;5513;8;vidtt1;VND;Dài h?n;11;26/06/2023;20/06/2053;26/06/2023;26/06/2023;
BK7HeoT8yzPi;3000001113;5513;8;vidtt1;VND;Dài h?n;11;10/10/2024;20/06/2053;10/10/2024;10/10/2024;
BGE5AszHwdeR;3000001125;5588;8;vidtt1;VND;Dài h?n;7,5;12/07/2023;25/06/2058;12/07/2023;12/07/2023;
9BZACxlj04BB;3000001125;5558;8;vidtt1;VND;Dài h?n;11;24/11/2023;24/11/2043;24/11/2023;24/11/2023;
yrkHXIDVMSnn;3000001147;5513;8;vidtt1;VND;Dài h?n;11;29/09/2023;28/09/2051;29/09/2023;29/09/2023;
vXlFudEGWEHK;3000001171;5513;8;vidtt1;VND;Dài h?n;11;29/05/2024;29/05/2047;29/05/2024;29/05/2024;
VCZ6aPl2DCSf;3000001177;5513;8;vidtt1;VND;Dài h?n;11;15/11/2023;15/11/2058;15/11/2023;15/11/2023;
R9Z2xfrBVJrK;3000001177;5513;8;vidtt1;VND;Dài h?n;11;13/11/2024;15/11/2058;13/11/2024;13/11/2024;
UeXxkg9EVrPJ;3000001213;5513;8;vidtt1;VND;Dài h?n;6,7;15/10/2024;06/12/2046;15/10/2024;15/10/2024;
L7e8fCkrgi91;3000001249;5513;8;vidtt1;VND;Dài h?n;7;11/12/2023;11/12/2054;11/12/2023;11/12/2023;
DaYrtkIQbKWs;3000001249;5513;8;vidtt1;VND;Dài h?n;6,7;07/11/2024;11/12/2054;07/11/2024;07/11/2024;
LCezEdsFbOdh;3000001285;5513;8;vidtt1;VND;Dài h?n;6,7;25/11/2024;27/12/2055;25/11/2024;25/11/2024;
sp2mnUFk6aG3;3000001285;5513;8;vidtt1;VND;Dài h?n;7;26/12/2023;27/12/2055;26/12/2023;26/12/2023;
o2MyUnyD6iQ1;3000001294;5513;8;vidtt1;VND;Dài h?n;6,7;29/11/2024;05/01/2046;29/11/2024;29/11/2024;
Aa27nZdtD6E3;3000001294;5513;8;vidtt1;VND;Dài h?n;7;05/01/2024;05/01/2046;05/01/2024;05/01/2024;
iKIr6EiD0OYG;3000001315;5513;8;vidtt1;VND;Dài h?n;7;30/01/2024;30/01/2059;30/01/2024;30/01/2024;
0Ecgh3fQvGji;3000001315;5513;8;vidtt1;VND;Dài h?n;6,7;15/10/2024;30/01/2059;15/10/2024;15/10/2024;
xcZKGZNYyvlq;3000001370;5513;8;vidtt1;VND;Dài h?n;6;14/05/2024;14/12/2038;14/05/2024;14/05/2024;
0zbKVWGsV2Dy;3000001370;5513;8;vidtt1;VND;Dài h?n;6;14/05/2024;14/12/2038;14/05/2024;14/05/2024;
59YKhcRRtZQ5;3000001378;5513;8;vidtt1;VND;Dài h?n;6,7;07/05/2024;08/05/2051;07/05/2024;07/05/2024;
y0RkjT8lyJIK;3000001397;5513;8;vidtt1;VND;Dài h?n;6,7;08/10/2024;21/05/2035;08/10/2024;08/10/2024;
iAo8zLcAV5H1;3000001397;5513;8;vidtt1;VND;Dài h?n;6,7;21/05/2024;21/05/2035;21/05/2024;21/05/2024;
iY2pi5C2yaxY;3000001410;5513;8;vidtt1;VND;Dài h?n;6;28/05/2024;28/05/2046;28/05/2024;28/05/2024;
xiZi166YbZbf;3000001410;5513;8;vidtt1;VND;Dài h?n;6;12/08/2024;28/05/2046;12/08/2024;12/08/2024;
A0yzIks3brAd;3000001413;5513;8;vidtt1;VND;Dài h?n;6,7;19/06/2024;19/06/2059;19/06/2024;19/06/2024;
x8l6RhOjVKlK;3000001413;5513;8;vidtt1;VND;Dài h?n;6,7;07/10/2024;19/06/2059;07/10/2024;07/10/2024;
pLB7DB23zDMn;3000001417;5513;8;vidtt1;VND;Dài h?n;6,7;10/10/2024;04/06/2057;10/10/2024;10/10/2024;
jxlDbkt4ZJm9;3000001417;5513;8;vidtt1;VND;Dài h?n;6,7;04/06/2024;04/06/2057;04/06/2024;04/06/2024;
EqN5XRDnjD0U;3000001418;5513;8;vidtt1;VND;Dài h?n;6,7;04/06/2024;04/06/2053;04/06/2024;04/06/2024;
L3s62G2uhMwW;3000001418;5513;8;vidtt1;VND;Dài h?n;6,7;07/10/2024;04/06/2053;07/10/2024;07/10/2024;
HjWq1BCYT4E6;3000001422;5513;8;vidtt1;VND;Dài h?n;6,5;27/06/2024;28/06/2049;27/06/2024;27/06/2024;
p7WAF7I2MIJi;3000001422;5513;8;vidtt1;VND;Dài h?n;6,7;18/09/2024;28/06/2049;18/09/2024;18/09/2024;
VtW037mgXRDC;3000001425;5513;8;vidtt1;VND;Dài h?n;6,7;09/10/2024;13/06/2053;09/10/2024;09/10/2024;
JL9rmxpzG9Ii;3000001425;5513;8;vidtt1;VND;Dài h?n;6,7;13/06/2024;13/06/2053;13/06/2024;13/06/2024;
BXWs2PeLZeWq;3000001430;5513;8;vidtt1;VND;Dài h?n;6,7;09/10/2024;25/06/2058;09/10/2024;09/10/2024;
PhOAYwTAlvLm;3000001430;5513;8;vidtt1;VND;Dài h?n;6,7;25/06/2024;25/06/2058;25/06/2024;25/06/2024;
MDBFBIr4tsrw;3000001438;5513;8;vidtt1;VND;Dài h?n;6,7;25/06/2024;25/06/2059;25/06/2024;25/06/2024;
59tkihbCOyMj;3000001443;5513;8;vidtt1;VND;Dài h?n;6,7;04/07/2024;04/07/2059;04/07/2024;04/07/2024;
Im7HL4P8e8Ne;3000001443;5513;8;vidtt1;VND;Dài h?n;6,7;09/10/2024;04/07/2059;09/10/2024;09/10/2024;
Y8ZYLTNGrDmb;3000001447;5513;8;vidtt1;VND;Dài h?n;6,7;03/07/2024;05/07/2055;03/07/2024;03/07/2024;
HujHQxJXaPj9;3000001457;5513;8;vidtt1;VND;Dài h?n;6,7;03/12/2024;24/09/2055;03/12/2024;03/12/2024;
h6C04HCFwCz7;3000001501;5513;8;vidtt1;VND;Dài h?n;6,7;10/10/2024;20/08/2058;10/10/2024;10/10/2024;
SIO0X7AAtkRZ;3000001501;5513;8;vidtt1;VND;Dài h?n;6,7;27/08/2024;20/08/2058;27/08/2024;27/08/2024;
5SjrZZBoIAF5;3000001508;5513;8;vidtt1;VND;Dài h?n;6,7;06/09/2024;07/09/2054;06/09/2024;06/09/2024;
BMwsDe3oo7Cl;3000001508;5513;8;vidtt1;VND;Dài h?n;6,7;07/10/2024;07/09/2054;07/10/2024;07/10/2024;
Iwwmr1d0NPXP;3000001516;5513;8;vidtt1;VND;Dài h?n;6,7;06/03/2025;05/09/2051;06/03/2025;06/03/2025;
AEqNv2yVtBMU;3000001530;5513;8;vidtt1;VND;Dài h?n;6,7;08/10/2024;10/10/2044;08/10/2024;08/10/2024;
a2jbpkeOqTlV;3000001530;5513;8;vidtt1;VND;Dài h?n;6,7;26/09/2024;26/09/2059;26/09/2024;26/09/2024;
sqJh8ltMK1eM;3000001530;5513;8;vidtt1;VND;Dài h?n;6,5;05/12/2024;10/10/2044;05/12/2024;05/12/2024;
ekTjBrb2LeaS;3000001530;5513;8;vidtt1;VND;Dài h?n;6,7;08/10/2024;26/09/2059;08/10/2024;08/10/2024;
cOZqtA6I4QZH;3000001563;5513;8;vidtt1;VND;Dài h?n;6,5;07/11/2024;07/11/2039;07/11/2024;07/11/2024;
B1QEys9OAFGj;3000001597;5508;8;vidtt1;VND;Dài h?n;6,7;17/01/2025;25/12/2059;17/01/2025;17/01/2025;
KjvN0v5257L2;3000001597;5508;8;vidtt1;VND;Dài h?n;6;31/12/2024;25/12/2059;31/12/2024;31/12/2024;
GD9HTNPqExrS;3000001605;5513;8;vidtt1;VND;Dài h?n;6,5;10/01/2025;12/01/2054;10/01/2025;10/01/2025;
F8m1lF5dq6aY;3000001650;5513;8;vidtt1;VND;Dài h?n;6;30/05/2025;10/05/2060;30/05/2025;30/05/2025;
LGY7hDfcPLlq;3000001682;5508;8;vidtt1;VND;Dài h?n;7,5;11/11/2025;11/11/2055;11/11/2025;11/11/2025;
uBNFNB3baTci;3000001696;5513;8;vidtt1;VND;Dài h?n;6,5;03/11/2025;26/10/2045;03/11/2025;03/11/2025;
8uu5UYYXaBnb;3000001712;5508;8;vidtt1;VND;Dài h?n;4,9;30/09/2025;25/09/2045;30/09/2025;30/09/2025;
G4JKTjTHpUJc;3000001713;5558;8;vidtt1;VND;Dài h?n;4,9;04/12/2023;25/11/2043;04/12/2023;04/12/2023;
zQ4KmRfRqlXa;3000001754;5558;8;vidtt1;VND;Dài h?n;4,9;27/09/2024;26/09/2044;27/09/2024;27/09/2024;
C8K7U1tUsvFx;3000001773;5558;8;vidtt1;VND;Dài h?n;4,9;17/01/2025;26/12/2044;17/01/2025;17/01/2025;
EHL9Ve7MR0JF;3000001774;5513;8;vidtt1;VND;Dài h?n;11;22/03/2021;22/03/2041;22/03/2021;22/03/2021;
OvwmLeuWNybm;3000001779;5513;8;vidtt1;VND;Dài h?n;11;23/09/2019;23/09/2039;23/09/2019;23/09/2019;
D3o5UhShbFrq;3000001779;5513;8;vidtt1;VND;Dài h?n;11;31/12/2019;23/09/2039;31/12/2019;31/12/2019;
ufQYOObKUvKn;3000000869;8001;12;vinh;USD;Ng?n h?n;3,65;25/09/2025;25/03/2026;25/09/2025;25/09/2025;
tBaAl7Rjgi6e;3000000869;8001;12;vinh;USD;Ng?n h?n;3,75;10/10/2025;10/04/2026;10/10/2025;10/10/2025;
3BhqCXWKydfv;3000000869;8001;12;vinh;USD;Ng?n h?n;3,65;10/09/2025;10/03/2026;10/09/2025;10/09/2025;
UFZ4B5ICvNDs;3000000869;8057;12;vinh;VND;Dài h?n;5,6;08/04/2025;08/04/2033;08/04/2025;26/11/2025;
bqd6o5TuAV5m;3000000869;8001;12;vinh;USD;Ng?n h?n;3,65;19/09/2025;19/03/2026;19/09/2025;19/09/2025;
bRaQsxu83fTF;3000000869;8001;12;vinh;USD;Ng?n h?n;3,65;05/09/2025;05/03/2026;05/09/2025;05/09/2025;
jA610jyxtvNz;3000000869;8001;12;vinh;USD;Ng?n h?n;3,65;09/09/2025;09/03/2026;09/09/2025;09/09/2025;
98BnqR9U3LMf;3000000869;8001;12;vinh;USD;Ng?n h?n;3,65;22/08/2025;23/02/2026;22/08/2025;22/08/2025;
FUeXPGML5sd0;3000000875;8001;12;vinh;USD;Ng?n h?n;3,75;22/07/2025;22/01/2026;23/07/2025;23/07/2025;
sCEIVWWe9jau;3000000875;8001;12;vinh;USD;Ng?n h?n;3,8;19/08/2025;19/02/2026;19/08/2025;19/08/2025;
VTgCUePMYyb4;3000000875;8001;12;vinh;USD;Ng?n h?n;3,8;29/09/2025;30/03/2026;29/09/2025;29/09/2025;
oBQ5nYRtNetl;3000000875;8057;12;vinh;VND;Dài h?n;7,2;23/11/2021;23/11/2027;23/11/2021;01/06/2022;
ITUlFsoiB97T;3000000875;8057;12;vinh;VND;Dài h?n;7,2;30/06/2022;23/11/2027;30/06/2022;30/06/2022;
7B9eZRiJep9u;3000000875;8001;12;vinh;USD;Ng?n h?n;3,75;11/06/2025;11/12/2025;11/06/2025;11/06/2025;
vHsUiyWiQMAS;3000000875;8001;12;vinh;USD;Ng?n h?n;3,75;18/06/2025;18/12/2025;18/06/2025;18/06/2025;
RHrwB5tHTMfA;3000000875;8001;12;vinh;USD;Ng?n h?n;3,75;15/07/2025;15/01/2026;15/07/2025;15/07/2025;
qs9pLYFODtX1;3000001080;8057;12;vinh;VND;Dài h?n;7;31/07/2025;26/09/2031;31/07/2025;31/07/2025;
SV4iUjwDi8UB;3000001080;8057;12;vinh;VND;Dài h?n;7;26/09/2024;26/09/2031;26/09/2024;23/04/2025;
FNbB6BiDXYrf;3000001080;8001;12;vinh;USD;Ng?n h?n;3,8;09/10/2025;09/04/2026;09/10/2025;09/10/2025;
6dOPXwZItxmC;3000000477;8001;12;vintv;USD;Ng?n h?n;5,15;14/07/2025;14/01/2026;14/07/2025;14/07/2025;
kGmF3k7RMybc;3000000795;8001;12;vintv;USD;Ng?n h?n;5;04/07/2025;05/01/2026;04/07/2025;04/07/2025;
u3cpRbwbZEUV;3000000795;8001;12;vintv;USD;Ng?n h?n;4,8;31/07/2025;02/02/2026;31/07/2025;31/07/2025;
ok7LfCAa3cJI;3000000795;8001;12;vintv;USD;Ng?n h?n;4,8;08/08/2025;09/02/2026;08/08/2025;08/08/2025;
cRMJIT8zGuHu;3000000795;8001;12;vintv;USD;Ng?n h?n;4,8;29/08/2025;02/03/2026;29/08/2025;29/08/2025;
WAkMKFI3k480;3000000795;8001;12;vintv;USD;Ng?n h?n;4,8;15/10/2025;16/02/2026;15/10/2025;15/10/2025;
7XtSoYT23MpS;3000000795;8001;12;vintv;USD;Ng?n h?n;4,8;31/10/2025;30/04/2026;31/10/2025;31/10/2025;
EXL7qMMMY5lG;3000000795;8001;12;vintv;USD;Ng?n h?n;4,8;10/11/2025;11/05/2026;10/11/2025;10/11/2025;
NEJdAseCdHoK;3000000795;8001;12;vintv;USD;Ng?n h?n;4,8;28/11/2025;28/05/2026;28/11/2025;28/11/2025;
FL57HDIArDEy;3000000795;8001;12;vintv;USD;Ng?n h?n;5;10/06/2025;10/12/2025;10/06/2025;10/06/2025;
kOTemeUI6RSW;3000000795;8001;12;vintv;USD;Ng?n h?n;4,8;24/07/2025;26/01/2026;24/07/2025;24/07/2025;
G5vPmqvOd2Af;3000000795;8001;12;vintv;USD;Ng?n h?n;4,8;30/07/2025;30/01/2026;30/07/2025;30/07/2025;
vOqfrCSHXXBD;3000000795;8001;12;vintv;USD;Ng?n h?n;4,8;12/08/2025;12/02/2026;12/08/2025;12/08/2025;
dk7JtLJ2R7QM;3000000795;8001;12;vintv;USD;Ng?n h?n;4,8;27/08/2025;27/02/2026;27/08/2025;27/08/2025;
b93SsVrj8xfj;3000000795;8001;12;vintv;USD;Ng?n h?n;4,8;16/09/2025;16/03/2026;16/09/2025;16/09/2025;
YoNRETuS7T2B;3000000795;8001;12;vintv;USD;Ng?n h?n;4,8;23/10/2025;23/04/2026;23/10/2025;23/10/2025;
3oxchtCJaBSv;3000000795;8001;12;vintv;USD;Ng?n h?n;5;07/07/2025;07/01/2026;07/07/2025;07/07/2025;
Vst7IcWP3366;3000000795;8001;12;vintv;USD;Ng?n h?n;4,8;18/07/2025;19/01/2026;18/07/2025;18/07/2025;
BYMiFgdvb2Mn;3000000795;8001;12;vintv;USD;Ng?n h?n;4,8;04/08/2025;04/02/2026;04/08/2025;04/08/2025;
96T746u3921T;3000000795;8001;12;vintv;USD;Ng?n h?n;4,8;10/10/2025;10/04/2026;10/10/2025;10/10/2025;
DrsB0FO5howz;3000000795;8001;12;vintv;USD;Ng?n h?n;4,8;17/10/2025;17/04/2026;17/10/2025;17/10/2025;
nheozR3BMUUi;3000000795;8001;12;vintv;USD;Ng?n h?n;4,8;28/11/2025;28/01/2026;28/11/2025;28/11/2025;
aj6XE9837zoS;3000000795;8001;12;vintv;USD;Ng?n h?n;5;27/06/2025;29/12/2025;27/06/2025;27/06/2025;
Csc9OXXdV4N9;3000000795;8001;12;vintv;USD;Ng?n h?n;5;02/07/2025;02/01/2026;02/07/2025;02/07/2025;
eDqymBDt8NOq;3000000795;8001;12;vintv;USD;Ng?n h?n;4,8;21/07/2025;21/01/2026;21/07/2025;21/07/2025;
OUwZ2COBkEcz;3000000795;8001;12;vintv;USD;Ng?n h?n;4,8;05/09/2025;05/03/2026;05/09/2025;05/09/2025;
EJdXnJAW3gKk;3000000795;8001;12;vintv;USD;Ng?n h?n;4,8;18/09/2025;18/03/2026;18/09/2025;18/09/2025;
0RiZ9v15DuF5;3000000795;8001;12;vintv;USD;Ng?n h?n;4,8;26/09/2025;26/03/2026;26/09/2025;26/09/2025;
YN5OuxceJ66O;3000000795;8001;12;vintv;USD;Ng?n h?n;4,8;16/10/2025;16/04/2026;16/10/2025;16/10/2025;
9GxPBnXtCJFt;3000000795;8001;12;vintv;USD;Ng?n h?n;4,8;16/07/2025;16/01/2026;16/07/2025;16/07/2025;
wTlhsOVLlOH7;3000000795;8001;12;vintv;USD;Ng?n h?n;4,8;15/09/2025;16/03/2026;15/09/2025;15/09/2025;
CLxWk8uZV81e;3000000795;8001;12;vintv;USD;Ng?n h?n;5;10/07/2025;12/01/2026;10/07/2025;10/07/2025;
nySrQ7PqGREQ;3000000795;8001;12;vintv;USD;Ng?n h?n;4,8;15/09/2025;16/03/2026;15/09/2025;15/09/2025;
WJizUBeTAM2I;3000000795;8001;12;vintv;USD;Ng?n h?n;4,8;17/09/2025;17/03/2026;17/09/2025;17/09/2025;
UaeeH9D4ZRPp;3000000795;8001;12;vintv;USD;Ng?n h?n;4,8;05/11/2025;05/05/2026;05/11/2025;05/11/2025;
s1ODtORSHJ5k;3000000795;8001;12;vintv;USD;Ng?n h?n;4,8;11/11/2025;11/05/2026;11/11/2025;11/11/2025;
F8qZzeODjlT7;3000000795;8001;12;vintv;USD;Ng?n h?n;5;30/06/2025;30/12/2025;30/06/2025;30/06/2025;
UHtP3n2WsU9r;3000000795;8001;12;vintv;USD;Ng?n h?n;4,8;28/07/2025;28/01/2026;28/07/2025;28/07/2025;
e6KVG0f8LSv8;3000000795;8001;12;vintv;USD;Ng?n h?n;4,8;05/08/2025;05/02/2026;05/08/2025;05/08/2025;
wRU9i42bIqFs;3000000795;8001;12;vintv;USD;Ng?n h?n;4,8;08/09/2025;09/03/2026;08/09/2025;08/09/2025;
t5BDuGonaFmK;3000000795;8001;12;vintv;USD;Ng?n h?n;4,8;26/09/2025;26/03/2026;26/09/2025;26/09/2025;
yZOlySanDZ6w;3000000795;8001;12;vintv;USD;Ng?n h?n;4,8;20/10/2025;20/02/2026;20/10/2025;20/10/2025;
5GtQ2viBKuCT;3000000795;8001;12;vintv;USD;Ng?n h?n;4,8;11/08/2025;11/02/2026;11/08/2025;11/08/2025;
DOvEaACWhGdC;3000000795;8001;12;vintv;USD;Ng?n h?n;4,8;23/09/2025;23/03/2026;23/09/2025;23/09/2025;
Moxch1m7PzJa;3000000795;8001;12;vintv;USD;Ng?n h?n;4,8;07/11/2025;07/05/2026;07/11/2025;07/11/2025;
t4GkmPf5Fn6K;3000000795;8001;12;vintv;USD;Ng?n h?n;4,8;15/09/2025;15/01/2026;15/09/2025;15/09/2025;
GOHMupfwoHVi;3000000795;8001;12;vintv;USD;Ng?n h?n;4,8;06/10/2025;06/04/2026;06/10/2025;06/10/2025;
CDt0ltkwYYYV;3000000795;8001;12;vintv;USD;Ng?n h?n;4,8;09/10/2025;09/01/2026;09/10/2025;09/10/2025;
TU8lk3uYP8Cj;3000000795;8001;12;vintv;USD;Ng?n h?n;4,8;14/08/2025;16/02/2026;14/08/2025;14/08/2025;
blWkWQnKhttc;3000000795;8001;12;vintv;USD;Ng?n h?n;4,8;10/09/2025;10/03/2026;10/09/2025;10/09/2025;
udDFFiCjTcjF;3000000795;8001;12;vintv;USD;Ng?n h?n;4,8;30/09/2025;30/03/2026;30/09/2025;30/09/2025;
jY1haoXuYVR6;3000000795;8001;12;vintv;USD;Ng?n h?n;4,8;26/11/2025;26/05/2026;26/11/2025;26/11/2025;
cTJRyvzBykrC;3000000846;8000;12;vintv;VND;Ng?n h?n;6,3;03/11/2025;04/05/2026;03/11/2025;03/11/2025;
6XDPFWAYcniM;3000000846;8000;12;vintv;VND;Ng?n h?n;6;16/09/2025;16/03/2026;16/09/2025;16/09/2025;
LPDiW1x8Zhfs;3000000846;8000;12;vintv;VND;Ng?n h?n;6;24/09/2025;24/03/2026;24/09/2025;24/09/2025;
rYiwk4iEMnpk;3000000846;8000;12;vintv;VND;Ng?n h?n;6;07/10/2025;07/04/2026;07/10/2025;07/10/2025;
GRUUhDbOsFou;3000000846;8000;12;vintv;VND;Ng?n h?n;6;06/10/2025;06/04/2026;06/10/2025;06/10/2025;
kVF6mYmXVn4a;3000000846;8000;12;vintv;VND;Ng?n h?n;6,3;20/11/2025;20/05/2026;20/11/2025;20/11/2025;
nZZKDIE7F6x0;3000000846;8000;12;vintv;VND;Ng?n h?n;6,3;13/11/2025;13/05/2026;13/11/2025;13/11/2025;
nF6pI13BDWyM;3000000846;8000;12;vintv;VND;Ng?n h?n;6,3;27/11/2025;27/05/2026;27/11/2025;27/11/2025;
QvKtXF9hK8H5;3000000846;8000;12;vintv;VND;Ng?n h?n;6;21/10/2025;21/04/2026;21/10/2025;21/10/2025;
McB5XaUuyrWo;3000001350;8000;12;vintv;VND;Ng?n h?n;6,3;02/10/2025;02/02/2026;02/10/2025;02/10/2025;
P0rgJQRO0k7o;3000001350;8000;12;vintv;VND;Ng?n h?n;6,3;28/10/2025;02/03/2026;28/10/2025;28/10/2025;
p5xLbBxKkLTW;3000001350;8000;12;vintv;VND;Ng?n h?n;6,3;08/10/2025;09/02/2026;08/10/2025;08/10/2025;
kmcVHGPIwpRi;3000001350;8000;12;vintv;VND;Ng?n h?n;6,3;20/10/2025;20/02/2026;20/10/2025;20/10/2025;
sY112FHSFMsL;3000001350;8000;12;vintv;VND;Ng?n h?n;6,3;26/09/2025;26/01/2026;26/09/2025;26/09/2025;
3U9rdhCEs0ao;3000001350;8000;12;vintv;VND;Ng?n h?n;6,3;14/10/2025;16/02/2026;14/10/2025;14/10/2025;
b17rDbvAyXHV;3000001350;8000;12;vintv;VND;Ng?n h?n;6,3;12/11/2025;12/03/2026;12/11/2025;12/11/2025;
LE1HQH4Gcyqk;3000000406;8000;6;vk.linh;VND;Ng?n h?n;4,7;15/08/2025;15/12/2025;15/08/2025;15/08/2025;
8yBqXyarRcTf;3000000406;8000;6;vk.linh;VND;Ng?n h?n;4,7;05/09/2025;05/01/2026;05/09/2025;05/09/2025;
n7pMF6ZrJWbE;3000000406;8000;6;vk.linh;VND;Ng?n h?n;4,7;19/09/2025;19/01/2026;19/09/2025;19/09/2025;
uVzzpIlOEgJ1;3000000447;8000;6;vk.linh;VND;Ng?n h?n;4,9;10/10/2025;10/02/2026;10/10/2025;10/10/2025;
4IRRDBjTSAmE;3000000447;8000;6;vk.linh;VND;Ng?n h?n;4,7;15/08/2025;15/12/2025;15/08/2025;15/08/2025;
IEsCG2lGvSyE;3000000447;8000;6;vk.linh;VND;Ng?n h?n;4,9;26/09/2025;26/01/2026;26/09/2025;26/09/2025;
q2HUe4ttNIy9;3000000447;8000;6;vk.linh;VND;Ng?n h?n;4,7;12/09/2025;12/01/2026;12/09/2025;12/09/2025;
bBFh1OzRUc4M;3000000447;8000;6;vk.linh;VND;Ng?n h?n;4,9;03/10/2025;03/02/2026;03/10/2025;03/10/2025;
23kOgKvkSCS4;3000000447;8000;6;vk.linh;VND;Ng?n h?n;4,9;17/10/2025;17/02/2026;17/10/2025;17/10/2025;
X7UQwXGO2EE2;3000000447;8000;6;vk.linh;VND;Ng?n h?n;4,7;29/08/2025;29/12/2025;29/08/2025;29/08/2025;
72XBisVBfTa1;3000000447;8000;6;vk.linh;VND;Ng?n h?n;4,7;05/09/2025;05/01/2026;05/09/2025;05/09/2025;
oTSwUbdrlEMD;3000000447;8000;6;vk.linh;VND;Ng?n h?n;4,7;22/08/2025;22/12/2025;22/08/2025;22/08/2025;
1lgHVmUo7K5T;3000000447;8000;6;vk.linh;VND;Ng?n h?n;4,7;19/09/2025;19/01/2026;19/09/2025;19/09/2025;
bVF53NGtNZHp;3000000447;8000;6;vk.linh;VND;Ng?n h?n;4,7;08/08/2025;08/12/2025;08/08/2025;08/08/2025;
AHSWvgczxFl9;3000001688;8056;6;vk.linh;VND;Trung h?n;7;14/11/2025;14/11/2030;14/11/2025;14/11/2025;
JmAFaMemD1cH;3000001688;8057;6;vk.linh;VND;Dài h?n;7;14/11/2025;14/11/2031;14/11/2025;14/11/2025;
IPtpKaeyVKCC;3000001334;5508;13;vn.quang;VND;Dài h?n;8;05/02/2024;05/02/2044;05/02/2024;05/02/2024;
1w3gYW6bBWDG;3000000019;5513;13;yntn2;VND;Dài h?n;5,5;27/11/2020;27/11/2040;27/11/2020;27/11/2020;
QJmD7WEEATLq;3000000072;5558;13;yntn2;VND;Dài h?n;6,7;20/06/2024;20/06/2034;20/06/2024;20/06/2024;
Q2E6lUS4Kxg7;3000000127;5508;13;yntn2;VND;Dài h?n;4,9;17/10/2023;17/10/2058;17/10/2023;17/10/2023;
FsP21sVJoCFy;3000000245;5513;13;yntn2;VND;Dài h?n;4,9;02/11/2023;02/11/2040;02/11/2023;02/11/2023;
VsqWIfHA6n8I;3000000389;8000;13;yntn2;VND;Ng?n h?n;7;04/08/2025;04/02/2026;04/08/2025;04/08/2025;
ZDGYXT2RJ54f;3000000389;8000;13;yntn2;VND;Ng?n h?n;6,6;12/08/2025;12/02/2026;12/08/2025;12/08/2025;
hFqABvCrH0Er;3000000389;8000;13;yntn2;VND;Ng?n h?n;6,6;18/08/2025;18/02/2026;18/08/2025;18/08/2025;
bpMTxfSpCruZ;3000000389;8000;13;yntn2;VND;Ng?n h?n;7;11/06/2025;11/12/2025;11/06/2025;11/06/2025;
3hrXtMUtWtoJ;3000000389;8000;13;yntn2;VND;Ng?n h?n;6,6;13/08/2025;13/02/2026;13/08/2025;13/08/2025;
AgG8YvzHDhZm;3000000733;5508;13;yntn2;VND;Dài h?n;9;20/10/2023;18/10/2058;20/10/2023;20/10/2023;
eT5UqsFqqmtG;3000000821;5513;13;yntn2;VND;Dài h?n;9;28/06/2019;27/06/2039;28/06/2019;28/06/2019;
nUh9oIkUlBz9;3000000827;5588;13;yntn2;VND;Dài h?n;4,9;18/01/2024;17/01/2059;18/01/2024;18/01/2024;
AwmAXo4jXV1S;3000000827;5588;13;yntn2;VND;Dài h?n;4,9;12/12/2024;12/12/2059;12/12/2024;12/12/2024;
1GS95wZX6ILD;3000000850;5508;13;yntn2;VND;Dài h?n;9;27/09/2019;27/09/2039;27/09/2019;27/09/2019;
a7dLycELxwOh;3000000850;5508;13;yntn2;VND;Dài h?n;6,7;15/04/2025;13/04/2057;15/04/2025;15/04/2025;
gmCDi5d1wHdT;3000000931;5513;13;yntn2;VND;Dài h?n;11;23/04/2021;23/04/2041;23/04/2021;23/04/2021;
8tZx6ILCBeJq;3000001076;8609;13;yntn2;VND;Ng?n h?n;5,5;25/06/2025;25/12/2025;25/06/2025;25/06/2025;
s3lC4FlpaaFI;3000001076;8609;13;yntn2;VND;Ng?n h?n;5,5;23/06/2025;23/12/2025;23/06/2025;23/06/2025;
FmeQjlpou3UG;3000001222;5513;13;yntn2;VND;Dài h?n;6,7;27/11/2024;11/12/2056;27/11/2024;27/11/2024;
vKjeY0Cna58e;3000001222;5513;13;yntn2;VND;Dài h?n;7;11/12/2023;11/12/2056;11/12/2023;11/12/2023;
f6CixsBfl899;3000001388;5513;13;yntn2;VND;Dài h?n;6,7;10/05/2024;10/05/2057;10/05/2024;10/05/2024;
AI88yzyKPA6Y;3000001388;5513;13;yntn2;VND;Dài h?n;6,7;07/10/2024;10/05/2057;07/10/2024;07/10/2024;
9gXDOAJWk26T;3000001572;5513;13;yntn2;VND;Dài h?n;6;19/11/2024;19/11/2057;19/11/2024;19/11/2024;
Hd5GbJSGeTVs;3000001737;5558;13;yntn2;VND;Dài h?n;6,7;17/07/2025;05/07/2034;17/07/2025;17/07/2025;
